# Blender 5.2.0 LTS
# www.blender.org
mtllib Shell.mtl
o Spiral
v -0.000000 -8.325826 -3.120644
v -0.000000 -7.646021 -4.815433
v -0.000000 -6.622482 -6.363627
v -0.000000 -5.286523 -7.695757
v -0.000000 -3.683450 -8.748973
v -0.000000 -1.871177 -9.469869
v 0.000000 0.081729 -9.816996
v 0.000000 2.098511 -9.762992
v 0.000000 4.097092 -9.296186
v 0.000000 5.993279 -8.421644
v 0.000000 7.704159 -7.161538
v 0.000000 9.151560 -5.554855
v 0.000000 10.265458 -3.656383
v 0.000000 10.987162 -1.535027
v 0.000000 11.272142 0.728524
v 0.000000 11.092414 3.044693
v 0.000000 10.438292 5.318400
v 0.000000 4.262454 2.841179
v 0.000000 9.319480 7.452776
v 0.000000 3.768723 3.783078
v 0.000000 7.765409 9.353117
v 0.000000 3.066982 4.641178
v 0.000000 5.824757 10.930877
v 0.000000 2.171012 5.369605
v 0.000000 3.564173 12.107582
v 0.000000 1.104697 5.924656
v 0.000000 1.066211 12.818460
v -0.000000 -0.098305 6.267011
v -0.000000 -1.573480 13.015669
v -0.000000 -1.395362 6.363913
v -0.000000 -4.249613 12.670934
v -0.000000 -2.736152 6.191194
v -0.000000 -6.851248 11.777494
v -0.000000 -4.064405 5.735052
v -0.000000 -9.266178 10.351233
v -0.000000 -5.320048 4.993468
v -0.000000 -11.385541 8.430926
v -0.000000 -6.441678 3.977185
v -0.000001 -13.108469 6.077537
v -0.000000 -7.369276 2.710157
v -0.000001 -14.346614 3.372588
v -0.000000 -8.047055 1.229428
v -0.000001 -15.028325 0.415598
v -0.000000 -8.426303 -0.415598
v -0.000001 -15.094263 -2.342822
v -0.000000 -8.476152 -2.501022
v -0.000000 -8.471672 -2.313585
v -0.000001 -14.974298 -2.345690
v -0.000000 -8.596118 -2.498154
v -0.000000 -8.353585 -2.292245
v -0.000000 -3.400279 5.963123
v -0.000000 -4.692227 5.364260
v -0.000000 -5.880863 4.485326
v -0.000000 -6.905477 3.343671
v -0.000000 -7.708166 1.969792
v 0.000000 4.015588 3.312129
v 0.000000 3.417852 4.212128
v 0.000000 2.618997 5.005392
v 0.000000 1.637854 5.647131
v 0.000000 0.503196 6.095834
v -0.000000 -0.746834 6.315462
v -0.000000 -2.065757 6.277553
v -3.250000 0.000000 0.000000
v -3.310000 -0.490001 0.000000
v -3.136929 1.499960 -1.759311
v -3.310000 -0.492420 -0.101195
v -3.310000 1.502479 0.833944
v -3.310000 -0.473953 -0.203389
v -3.102952 2.352152 1.455027
v -3.310000 -0.434288 -0.302274
v -3.141304 1.086917 -1.974035
v -3.310000 -0.374007 -0.393455
v -3.310000 -0.294597 -0.472637
v -3.310000 1.337671 1.148352
v -3.310000 -0.198442 -0.535810
v -3.097581 2.063272 1.947976
v -3.310000 -0.088767 -0.579438
v -3.310000 0.030460 -0.600630
v -3.310000 0.154653 -0.597305
v -3.310000 1.583172 -0.160993
v -3.310000 0.278772 -0.568315
v -3.062304 -1.294497 3.045061
v -3.310000 0.397516 -0.513548
v -3.062304 -1.639842 2.926464
v -3.310000 0.505536 -0.433989
v -3.068567 -0.638472 3.161311
v -3.310000 0.597659 -0.331728
v -3.068567 -0.991465 3.115839
v -3.310000 0.669118 -0.209937
v -3.074670 0.010688 3.143585
v -3.310000 0.715777 -0.072788
v -3.074670 -0.335260 3.169431
v -3.310000 0.734343 0.074675
v -3.080620 0.301777 3.091845
v -3.310000 0.722546 0.226700
v -3.080620 0.627005 2.999290
v -3.310000 0.679295 0.377039
v -3.086419 0.894775 2.892775
v -3.208916 0.536721 1.239066
v -3.310000 0.604783 0.519188
v -3.086419 1.187132 2.740595
v -3.310000 0.215740 0.833237
v -3.310000 0.500545 0.646651
v -3.206294 0.283479 1.356026
v -3.310000 0.369470 0.753216
v -3.208916 0.404542 1.307869
v -3.192128 -1.266306 0.972027
v -3.310000 0.044725 0.881905
v -3.192128 -1.137540 1.088699
v -3.310000 -0.137184 0.895495
v -3.195108 -1.018305 1.176519
v -3.310000 -0.322799 0.871585
v -3.195108 -0.872471 1.262648
v -3.310000 -0.504392 0.809223
v -3.198013 -0.741398 1.323101
v -3.310000 -0.674003 0.709051
v -3.198013 -0.585262 1.376720
v -3.310000 -0.823763 0.573356
v -3.200844 -0.448257 1.408720
v -3.310000 -0.946239 0.406063
v -3.200844 -0.288663 1.429279
v -3.310000 -1.034770 0.212651
v -3.203604 -0.151576 1.432950
v -3.310000 -1.083795 0.000000
v -3.211471 0.755559 1.077708
v -3.203604 0.004832 1.421265
v -3.310000 -1.089146 -0.223825
v -3.211471 0.642859 1.169334
v -3.161578 -0.968081 -1.730258
v -3.310000 -1.048298 -0.449860
v -3.213962 0.932838 0.880711
v -3.161578 -0.785219 -1.850398
v -3.310000 -0.960568 -0.668575
v -3.213962 0.843214 0.990305
v -3.165330 -1.263783 -1.462044
v -3.310000 -0.827236 -0.870252
v -3.216390 1.063445 0.657841
v -3.165330 -1.112765 -1.612629
v -3.310000 -0.651596 -1.045389
v -3.216390 0.999378 0.780062
v -3.168988 -1.493483 -1.147944
v -3.310000 -0.438919 -1.185117
v -3.221064 1.164801 0.306621
v -3.168988 -1.378843 -1.321348
v -3.310000 -0.196336 -1.281613
v -3.218757 1.144415 0.419426
v -3.172553 -1.651164 -0.802982
v -3.310000 0.067373 -1.328487
v -3.176028 -1.698905 -0.637033
v -3.172553 -1.575732 -0.991036
v -3.310000 0.342065 -1.321131
v -3.179415 -1.747048 -0.274876
v -3.176028 -1.734027 -0.442685
v -3.310000 0.616593 -1.257010
v -3.179415 -1.742448 -0.082429
v -3.182716 -1.721955 0.080345
v -3.310000 0.879234 -1.135877
v -3.182716 -1.679803 0.263185
v -3.310000 1.107117 1.430277
v -3.149727 0.209357 -2.130722
v -3.310000 1.118156 -0.959905
v -3.185934 -1.628299 0.414574
v -3.157728 -0.615528 -1.938728
v -3.310000 1.321915 -0.733723
v -3.185934 -1.552178 0.580872
v -3.097581 1.865039 2.190378
v -3.145569 0.650426 -2.098004
v -3.310000 1.479969 -0.464344
v -3.102952 2.210448 1.725360
v -3.108186 2.531244 0.927696
v -3.189071 -1.473300 0.715308
v -3.310000 0.817202 1.665979
v -3.108186 2.448991 1.213604
v -3.310000 1.624235 0.165168
v -3.189071 -1.367994 0.859149
v -3.092072 1.671162 2.383699
v -3.113289 2.576333 0.678192
v -3.310000 1.598143 0.501420
v -3.310000 0.477179 1.842972
v -3.113289 2.598767 0.389079
v -3.123109 2.503439 -0.373153
v -3.157728 -0.406951 -2.021696
v -3.127834 2.316981 -0.847472
v -3.118262 2.592861 0.142014
v -3.118262 2.557554 -0.138424
v -3.141304 1.312739 -1.869884
v -3.123109 2.414705 -0.633978
v -3.218757 1.107228 0.548689
v -3.145569 0.886469 -2.042872
v -3.092072 1.421890 2.586359
v -3.149727 0.445540 -2.124397
v -3.136929 1.705387 -1.608008
v -3.127834 2.181084 -1.079087
v -3.310000 -1.115626 1.789857
v -3.310000 0.098924 1.950617
v -3.310000 -1.490775 1.568294
v -3.310000 -0.303428 1.980676
v -3.132440 2.045892 -1.263750
v -3.153779 -0.218181 -2.075417
v -3.058041 -2.245834 2.593459
v -3.310000 -0.713975 1.927790
v -3.132440 1.870697 -1.458225
v -3.206294 0.136438 1.397872
v -3.153779 0.008560 -2.115720
v -3.310000 -1.822018 1.268162
v -3.058041 -2.767985 2.120349
v -2.982619 -3.433146 1.284788
v -3.310000 -2.092913 0.898140
v -3.058041 -3.191060 1.542460
v -2.982619 -3.601511 0.916965
v -3.310000 -2.288728 0.470346
v -3.058041 -3.494097 0.880422
v -3.005923 -3.025762 1.900286
v -3.310000 -2.397163 0.000000
v -3.058041 -3.660405 0.159043
v -3.005923 -3.258682 1.582136
v -3.310000 -2.408997 -0.495061
v -3.058041 -3.678396 -0.593563
v -3.028639 -2.516039 2.408011
v -3.310000 -2.318649 -0.995011
v -3.058041 -3.542235 -1.347024
v -3.028639 -2.800847 2.149953
v -3.310000 -2.124607 -1.478770
v -3.058041 -3.252286 -2.069884
v -3.050780 -1.929754 2.792756
v -3.310000 -1.829700 -1.924843
v -3.058041 -2.815305 -2.730857
v -3.058041 -1.832205 2.837746
v -3.310000 -1.441214 -2.312215
v -3.058041 -2.244395 -3.300130
v -3.310000 -0.970811 -2.621269
v -3.058041 -1.558685 -3.750641
v -3.310000 -0.434260 -2.834701
v -3.058041 -0.782759 -4.059293
v -3.310000 0.149018 -2.938378
v -3.058041 0.054161 -4.208055
v -3.310000 0.756586 -2.922109
v -3.058041 0.919256 -4.184890
v -3.310000 1.363794 -2.780284
v -3.058041 1.777330 -3.984471
v -3.310000 1.944711 -2.512359
v -3.058041 2.592182 -3.608652
v -3.310000 2.473163 -2.123141
v -3.058040 3.328063 -3.066657
v -2.340524 1.025587 -0.233142
v -3.058042 1.896514 -0.870752
v -3.310000 2.923843 -1.622865
v -3.058040 3.951171 -2.374978
v -2.829533 -2.461242 -3.566853
v -2.340524 1.134283 -0.047886
v -3.058042 2.115732 -0.497128
v -3.310000 3.273431 -1.027045
v -3.058040 4.431129 -1.556963
v -2.856708 -3.303324 -2.539050
v -2.340524 1.209233 0.172421
v -3.058042 2.261024 -0.070061
v -3.310000 3.501695 -0.356088
v -3.058040 4.742367 -0.642114
v -2.856708 -3.049758 -2.922590
v -2.340524 1.240598 0.421545
v -3.058042 2.319669 0.395750
v -3.310000 3.592521 0.365324
v -3.058040 4.865373 0.334897
v -2.883196 -3.652085 -1.776054
v -2.340524 1.219713 0.690685
v -3.058042 2.281889 0.882634
v -3.310000 3.534810 1.109053
v -3.058040 4.787731 1.335473
v -3.058040 4.020782 3.242119
v -2.909014 -3.757681 -1.409006
v -2.340524 1.139729 0.968706
v -3.058042 2.141523 1.370541
v -3.310000 3.323219 1.844537
v -3.058040 4.504914 2.318532
v -2.883196 -3.485244 -2.191997
v -2.340524 0.996201 1.242518
v -3.058042 1.896599 1.837786
v -3.310000 2.958691 2.539953
v -2.682712 1.960715 -4.518475
v -2.773050 -1.361440 -4.288126
v -2.340524 0.787601 1.497597
v -3.058042 1.549741 2.261929
v -3.310000 2.448747 3.163520
v -3.058040 3.347753 4.065110
v -2.340524 0.515712 1.718644
v -3.058042 1.108392 2.620748
v -3.310000 1.807506 3.684851
v -3.058041 2.506620 4.748955
v -2.340524 0.185878 1.890333
v -3.058042 0.584834 2.893276
v -3.310000 1.055435 4.076328
v -3.058041 1.526035 5.259380
v -2.340524 -0.192916 1.998132
v -3.058042 -0.004018 3.060853
v -3.310000 0.218803 4.314420
v -3.058041 0.441624 5.567986
v -2.340524 -0.608155 2.029154
v -3.058042 -0.637048 3.108147
v -3.310000 -0.671130 4.380906
v -3.058041 -0.705211 5.653665
v -2.340524 -1.044097 1.972996
v -3.058042 -1.289598 3.024086
v -3.310000 -1.579186 4.263931
v -3.058041 -1.868775 5.503776
v -2.340524 -1.482271 1.822521
v -3.058042 -1.934329 2.802676
v -3.310000 -2.467568 3.958848
v -3.058041 -3.000808 5.115020
v -2.651024 2.903548 -4.135855
v -2.340524 -1.902162 1.574533
v -3.058042 -2.542270 2.443625
v -3.310000 -3.297330 3.468790
v -3.058041 -4.052390 4.493954
v -2.713599 0.985456 -4.698794
v -2.340524 -2.282062 1.230314
v -3.058042 -3.084014 1.952763
v -3.310000 -4.029982 2.804950
v -3.058041 -4.975949 3.657137
v -2.340524 -2.600042 0.795977
v -3.058042 -3.531007 1.342206
v -3.310000 -4.629154 1.986527
v -3.058041 -5.727302 2.630847
v -2.618514 3.317648 -3.891287
v -2.340524 -2.835032 0.282600
v -3.058042 -3.856895 0.630246
v -3.310000 -5.062264 1.040322
v -3.058041 -6.267633 1.450398
v -2.340524 -2.967933 -0.293872
v -3.058042 -4.038859 -0.159043
v -3.310000 -5.302102 0.000000
v -3.058041 -6.565344 0.159043
v -2.340524 -2.982733 -0.912981
v -3.058042 -4.058877 -0.996487
v -3.310000 -5.328277 -1.094988
v -3.058041 -6.597676 -1.193490
v -2.340524 -2.867551 -1.550352
v -3.058042 -3.904857 -1.848775
v -3.310000 -5.128444 -2.200788
v -3.058041 -6.352030 -2.552802
v -2.340523 -7.389335 -2.851225
v -1.266681 -8.082439 -3.050625
v -2.340524 -2.615575 -2.178541
v -3.058042 -3.571575 -2.679664
v -3.310000 -4.699255 -3.270778
v -3.058041 -5.826934 -3.861892
v -2.340523 -6.782934 -4.363014
v -1.266681 -7.421712 -4.697853
v -2.340524 -2.225812 -2.768094
v -3.058042 -3.061368 -3.451399
v -3.310000 -4.046974 -4.257413
v -3.058041 -5.032579 -5.063427
v -2.340523 -5.868134 -5.746733
v -1.266681 -6.426434 -6.203302
v -2.340524 -1.703628 -3.288780
v -3.058042 -2.384531 -4.126295
v -3.310000 -3.187712 -5.114211
v -3.058041 -3.990893 -6.102127
v -2.340523 -4.671796 -6.939641
v -1.266681 -5.126761 -7.499249
v -2.340524 -1.061015 -3.710976
v -3.058042 -1.559390 -4.668411
v -3.310000 -2.147263 -5.797784
v -3.058041 -2.735137 -6.927156
v -2.340523 -3.233511 -7.884591
v -1.266681 -3.566514 -8.524327
v -2.340524 -0.316566 -4.007107
v -3.058042 -0.612008 -5.045266
v -3.310000 -0.960507 -6.269858
v -3.058041 -1.309005 -7.494450
v -2.340522 -1.604448 -8.532608
v -1.266681 -1.801857 -9.226282
v -2.340524 0.504872 -4.153117
v -3.058042 0.424457 -5.229497
v -3.310000 0.329601 -6.499174
v -3.058041 0.234744 -7.768850
v -2.340522 0.154329 -8.845229
v -1.266681 0.100597 -9.564442
v -2.340524 1.372862 -4.129874
v -3.058042 1.510766 -5.200408
v -3.310000 1.673436 -6.463189
v -3.058041 1.836105 -7.725970
v -2.340522 1.974009 -8.796503
v -1.266681 2.066154 -9.511810
v -2.340524 2.252359 -3.924452
v -3.058042 2.602938 -4.945312
v -3.310000 3.016473 -6.149498
v -3.058040 3.430008 -7.353685
v -2.340522 3.780586 -8.374544
v -1.266681 4.014835 -9.056660
v -2.340524 3.104986 -3.531211
v -3.058042 3.653886 -4.460603
v -3.310000 4.301357 -5.556896
v -3.058040 4.948828 -6.653188
v -2.340522 5.497727 -7.582580
v -1.266681 5.864490 -8.203579
v -2.340524 3.890551 -2.952622
v -3.058042 4.615300 -3.752497
v -3.310000 5.470200 -4.696013
v -3.058040 6.325100 -5.639530
v -2.340522 7.049848 -6.439404
v -1.266680 7.534109 -6.973862
v -2.340524 4.568769 -2.199769
v -3.058042 5.439696 -2.837379
v -3.310000 6.467024 -3.589492
v -3.058040 7.494352 -4.341604
v -2.340522 8.365278 -4.979214
v -1.266680 8.947212 -5.405251
v -2.340524 5.101104 -1.292484
v -3.058042 6.082552 -1.741726
v -3.310000 7.240251 -2.271644
v -3.058040 8.397948 -2.801561
v -2.340522 9.379396 -3.250803
v -1.266680 10.035178 -3.550976
v -2.340524 5.452671 -0.259094
v -3.058042 6.504461 -0.501576
v -3.310000 7.745133 -0.787603
v -3.058040 8.985805 -1.073630
v -2.340522 10.037594 -1.316112
v -1.266680 10.740376 -1.478133
v -2.340524 5.594100 0.864252
v -3.058042 6.673172 0.838458
v -3.310000 7.946023 0.808031
v -3.058040 9.218875 0.777605
v -2.340522 10.297945 0.751811
v -1.266680 11.018957 0.734576
v -2.340524 5.503280 2.034662
v -3.058042 6.565455 2.226612
v -3.310000 7.818376 2.453031
v -3.058040 9.071297 2.679451
v -2.340522 10.133471 2.871399
v -1.266680 10.843193 2.999655
v -1.266682 4.497507 2.935463
v -2.340524 5.166884 3.203960
v -3.058042 6.168678 3.605794
v -3.310000 7.350374 4.079790
v -3.058040 8.532069 4.553786
v -2.340522 9.533862 4.955620
v -1.266680 10.203238 5.224116
v -1.266682 3.979986 3.922748
v -2.340524 4.581613 4.320493
v -3.058042 5.482011 4.915761
v -3.310000 6.544103 5.617928
v -3.058040 7.606194 6.320095
v -2.340522 8.506592 6.915362
v -1.266680 9.108217 7.313107
v -1.266682 3.245805 4.820516
v -2.340524 3.755051 5.331226
v -3.058042 4.517191 6.095558
v -3.310000 5.416196 6.997149
v -3.058040 6.315202 7.898739
v -2.340522 7.077341 8.663071
v -1.266680 7.586586 9.173779
v -1.266682 2.310074 5.581268
v -2.340524 2.706091 6.184035
v -3.058042 3.298771 7.086139
v -3.310000 3.997885 8.150242
v -3.058040 4.696999 9.214346
v -2.340522 5.289679 10.116448
v -1.266681 5.685694 10.719213
v -1.266682 1.198305 6.159980
v -2.340524 1.464879 6.830125
v -3.058042 1.863835 7.833068
v -3.310000 2.334435 9.016121
v -3.058040 2.805036 10.199172
v -2.340522 3.203991 11.202114
v -1.266681 3.470565 11.872258
v -1.266682 -0.053984 6.516360
v -2.340524 0.072234 7.226448
v -3.058042 0.261132 8.289170
v -3.310000 0.483953 9.542737
v -3.058041 0.706774 10.796303
v -2.340522 0.895672 11.859024
v -1.266681 1.021889 12.569111
v -1.266682 -1.402142 6.617080
v -2.340524 -1.421447 7.338040
v -3.058042 -1.450340 8.417033
v -3.310000 -1.484421 9.689793
v -3.058041 -1.518503 10.962551
v -2.340522 -1.547395 12.041543
v -1.266681 -1.566701 12.762502
v -1.266682 -2.793755 6.437814
v -2.340524 -2.957794 7.140130
v -3.058042 -3.203295 8.191220
v -3.310000 -3.492882 9.431066
v -3.058041 -3.782471 10.670910
v -2.340523 -4.027972 11.721999
v -1.266681 -4.192010 12.424314
v -1.266683 -4.170473 5.965029
v -2.340524 -4.472529 6.619948
v -3.058042 -4.924588 7.600103
v -3.310000 -5.457827 8.756274
v -3.058041 -5.991066 9.912446
v -2.340523 -6.443125 10.892600
v -1.266681 -6.745180 11.547518
v -1.266683 -5.470239 5.197386
v -2.340524 -5.897946 5.778095
v -3.058042 -6.538054 6.647188
v -3.310000 -7.293114 7.672352
v -3.058041 -8.048174 8.697516
v -2.340523 -8.688282 9.566608
v -1.266681 -9.115988 10.147316
v -1.266683 -6.629843 4.146695
v -2.340524 -7.165690 4.629420
v -3.058042 -7.967643 5.351870
v -3.310001 -8.913610 6.204056
v -3.058041 -9.859578 7.056243
v -2.340523 -10.661530 7.778691
v -1.266681 -11.197376 8.261415
v -1.266683 -7.587711 2.838320
v -2.340524 -8.209762 3.203298
v -3.058042 -9.140726 3.749527
v -3.310001 -10.238873 4.393847
v -3.058041 -11.337021 5.038168
v -2.340523 -12.267984 5.584395
v -1.266681 -12.890035 5.949373
v -1.266683 -8.286818 1.310997
v -2.340524 -8.969604 1.543287
v -3.058042 -9.991467 1.890932
v -3.310001 -11.196836 2.301008
v -3.058041 -12.402205 2.711084
v -2.340523 -13.424067 3.058730
v -1.266681 -14.106852 3.291019
v -1.266683 -8.677577 -0.383963
v -2.340524 -9.393147 -0.293872
v -3.058042 -10.464072 -0.159043
v -3.310001 -11.727316 0.000000
v -3.058041 -12.990559 0.159043
v -2.340523 -14.061482 0.293873
v -1.266681 -14.777051 0.383963
v -1.266683 -8.728040 -2.495000
v -2.340524 -9.445353 -2.477854
v -3.058042 -10.518888 -2.452192
v -3.310001 -11.785210 -2.421922
v -3.058041 -13.051530 -2.391651
v -2.340523 -14.125065 -2.365990
v -1.266681 -14.842377 -2.348843
v -2.585160 4.137653 -3.225338
v -2.618514 3.772018 -3.556632
v -2.585160 4.525154 -2.795194
v -2.743705 0.018932 -4.679603
v -2.651024 2.404069 -4.366220
v -2.713599 0.463060 -4.712783
v -2.773050 -0.900105 -4.471638
v -2.743705 -0.482578 -4.590459
v -2.801653 -1.736767 -4.092757
v -2.829533 -2.795267 -3.233786
v -3.050780 -2.252311 2.602253
v -2.682712 1.438629 -4.640418
v -2.801653 -2.141226 -3.827028
v -2.958709 -3.715429 0.582118
v -2.934180 -3.864164 -0.607978
v -2.958709 -3.808662 0.177708
v -2.909014 -3.835363 -0.979142
v -2.934180 -3.853989 -0.182318
v -3.249429 -0.783981 -0.200145
v -3.250961 -0.788580 -0.070390
v -3.250961 -0.789868 -0.124276
v -3.249429 -0.768102 -0.288013
v -3.251858 -0.782217 0.006985
v -3.247858 -0.712414 -0.448063
v -3.247858 -0.746517 -0.363041
v -3.246246 -0.623397 -0.597402
v -3.246246 -0.675228 -0.519004
v -3.244593 -0.503099 -0.729095
v -3.244593 -0.571377 -0.661013
v -3.242896 -0.437685 -0.782277
v -3.242896 -0.355010 -0.836594
v -3.241156 -0.183989 -0.914041
v -3.241138 -0.277531 -0.876925
v -3.239370 0.003870 -0.956551
v -3.239370 -0.098643 -0.938329
v -3.237538 0.201436 -0.960474
v -3.237538 0.094654 -0.963333
v -3.235658 0.400787 -0.923615
v -3.235658 0.294068 -0.948541
v -3.233730 0.593510 -0.845404
v -3.233730 0.491412 -0.892493
v -3.231752 0.771033 -0.727006
v -3.231752 0.678155 -0.795412
v -3.229722 0.924980 -0.571361
v -3.229722 0.845772 -0.659287
v -3.227640 0.986103 -0.487873
v -3.227640 1.047544 -0.383155
v -3.225504 1.091726 -0.286632
v -3.225504 1.131844 -0.168709
v -3.223312 1.156311 -0.062584
v -3.223312 1.172274 0.064207
v -3.221064 1.174944 0.175908
v -3.277202 -0.469129 0.096409
v -3.293492 -0.750068 0.154143
v -1.102386 -8.255719 1.300417
v -0.714791 -8.568097 -0.397747
v -2.216677 3.696319 5.272326
v -2.308367 4.563597 4.308583
v -2.340523 4.680720 4.131423
v -2.308367 4.125141 4.844734
v -2.216678 3.144972 5.720573
v -2.122610 2.625727 6.061716
v -2.366068 4.889123 3.816194
v -2.340522 1.924991 6.262322
v -2.026102 1.386826 6.633905
v -2.122610 1.979086 6.398313
v -1.825511 -1.412188 6.992269
v -2.340522 0.630522 6.630707
v -2.340522 -0.734104 6.732656
v -1.721298 -2.863202 6.735143
v -1.721298 -3.627044 6.472828
v -1.614381 -4.268276 6.177084
v -1.614381 -4.981717 5.755726
v -1.825512 -2.192948 6.891693
v -1.927091 0.023640 6.953062
v -1.504691 -6.194981 4.755317
v -2.340522 4.109892 4.829442
v -2.340522 3.099300 5.651058
v -1.927091 -0.741537 7.010227
v -1.504691 -5.565037 5.326096
v -2.404960 5.416739 2.684279
v -2.550942 5.124756 -1.874459
v -2.340523 -5.777901 4.379585
v -2.340522 -2.114275 6.554865
v -2.340523 -3.452866 6.095174
v -2.340523 -4.692498 5.363046
v -1.392156 -7.207630 3.499407
v -2.340523 -6.658265 3.177076
v -2.366068 5.202549 3.218266
v -2.026102 0.667478 6.838620
v -2.340523 -7.289495 1.798043
v -2.340523 -7.636269 0.293873
v -1.266681 -8.351837 0.383963
v -2.340523 -7.673820 -1.276996
v -1.266681 -8.392876 -1.332793
v -1.266683 -7.587711 2.838320
v -1.266681 -7.960185 2.024583
v -0.494245 -8.546852 -1.344741
v -0.902451 -8.424090 0.393060
v -1.392155 -6.692454 4.203099
v -2.442869 5.698396 1.500042
v -2.479820 5.656861 -0.306169
v -2.479820 5.734954 0.314110
v -2.404960 5.598668 2.051900
v -2.550942 4.824176 -2.386753
v -2.442869 5.748017 0.860573
v -2.515836 5.340903 -1.402248
v -2.515836 5.537169 -0.825349
v -2.340522 4.478145 4.379136
v -1.102386 -8.255719 1.300417
v -0.714791 -8.568097 -0.397747
v -2.942590 -1.295608 3.053270
v -2.942574 -1.641656 2.934296
v -2.865780 -3.455347 1.300786
v -2.865400 -3.623575 0.930117
v -2.889085 -3.044287 1.920426
v -2.888705 -3.277646 1.599461
v -2.911800 -2.530131 2.431467
v -2.911420 -2.815936 2.170740
v -2.940274 -1.837978 2.860051
v -2.712314 -2.481238 -3.582976
v -2.739870 -3.328644 -2.549427
v -2.739489 -3.072591 -2.934357
v -2.766358 -3.678976 -1.781123
v -2.791795 -3.783303 -1.410816
v -2.765977 -3.509978 -2.198927
v -2.565493 1.963820 -4.543972
v -2.656211 -1.376293 -4.311107
v -2.946573 -1.299706 3.067360
v -2.533805 2.911723 -4.160206
v -2.596380 0.983365 -4.724396
v -2.501675 3.329294 -3.916049
v -1.220761 -8.838874 -2.492351
v -2.255672 -9.530181 -2.475826
v -2.947177 -10.564797 -2.451094
v -3.190001 -11.785210 -2.421922
v -2.947176 -13.005621 -2.392749
v -2.255670 -14.040236 -2.368017
v -1.220760 -14.731543 -2.351493
v -2.468322 4.154046 -3.247248
v -2.501295 3.784927 -3.578839
v -2.485226 4.471395 -2.756166
v -2.626486 0.011731 -4.704259
v -2.534185 2.410493 -4.392819
v -2.596761 0.458474 -4.739760
v -2.655831 -0.912123 -4.494340
v -2.626867 -0.492501 -4.615960
v -2.684434 -1.753108 -4.112575
v -2.712695 -2.817980 -3.249048
v -2.933561 -2.262907 2.625652
v -2.565874 1.439567 -4.667766
v -2.684814 -2.160402 -3.846550
v -2.841871 -3.740395 0.593320
v -2.816961 -3.889627 -0.604593
v -2.841491 -3.832922 0.186150
v -2.792176 -3.862723 -0.978694
v -2.817341 -3.880699 -0.176371
v -2.150010 3.633377 5.194906
v -2.241700 4.486359 4.245419
v -2.242219 4.627445 4.087856
v -2.241462 4.055207 4.773790
v -2.149773 3.090750 5.637004
v -2.055942 2.579658 5.973212
v -2.266134 4.833854 3.779336
v -1.959434 1.359516 6.537939
v -2.055705 1.942797 6.305540
v -1.758843 -1.399440 6.893310
v -1.654631 -2.830794 6.640775
v -1.654394 -3.584805 6.382608
v -1.547714 -4.217535 6.091172
v -1.547476 -4.922181 5.675856
v -1.758607 -2.169734 6.794817
v -1.860421 0.016207 6.853563
v -1.437786 -6.120586 4.689066
v -2.256215 4.049595 4.768971
v -1.860186 -0.738299 6.910662
v -1.438022 -5.498042 5.252156
v -2.305026 5.355181 2.659302
v -2.451008 5.064242 -1.847052
v -1.325712 -7.121033 3.449545
v -2.266292 5.143499 3.187314
v -1.959197 0.650607 6.740441
v -1.207932 -7.492569 2.794771
v -1.200089 -7.865453 1.993096
v -0.470756 -8.430248 -1.328873
v -0.871322 -8.308658 0.382754
v -1.325487 -6.611947 4.144159
v -2.342935 5.633071 1.487967
v -2.380044 5.590714 -0.297841
v -2.379886 5.668536 0.315432
v -2.305185 5.534596 2.033468
v -2.451166 4.766674 -2.353015
v -2.343093 5.681548 0.855415
v -2.416060 5.277786 -1.380776
v -2.415902 5.472375 -0.810685
v -2.255670 4.412459 4.325419
v -1.037271 -8.157350 1.278427
v -0.681324 -8.452880 -0.399977
v -2.340524 5.548690 1.449457
v 0.000000 0.239304 0.342500
v 0.000000 0.248219 0.357695
v 0.000000 0.259664 0.391336
v 0.000000 0.266399 0.444832
v 0.000000 0.260769 0.517391
v 0.000000 0.235299 0.605925
v 0.000000 0.183311 0.705103
v 0.000000 0.099532 0.807549
v -0.000000 -0.019367 0.904215
v -0.000000 -0.174304 0.984864
v -0.000000 -0.363456 1.038694
v -0.000000 -0.582071 1.055026
v -0.000000 -0.822456 1.024060
v -0.000000 -1.074147 0.937626
v -0.000000 -1.324264 0.789906
v -0.000000 -1.558049 0.578079
v -0.000000 -1.759557 0.302835
v -0.000000 -1.912483 -0.031258
v -0.000000 -2.001089 -0.415598
v -0.000000 -2.011177 -0.837591
v -0.000000 -1.931059 -1.280932
v -0.000000 -1.752486 -1.726122
v -0.000000 -1.471462 -2.151197
v -0.000000 -1.088900 -2.532662
v -0.000000 -0.611076 -2.846592
v -0.000000 -0.049836 -3.069844
v 0.000000 0.577472 -3.181348
v 0.000000 1.248360 -3.163383
v 0.000000 1.935853 -3.002807
v 0.000000 2.609433 -2.692144
v 0.000000 3.236240 -2.230486
v 0.000000 3.782485 -1.624126
v 0.000000 4.215040 -0.886903
v 0.000000 4.503102 -0.040179
v 0.000000 4.619902 0.887539
v 0.000000 0.342804 0.281773
v 0.000000 0.357332 0.307750
v 0.000000 0.376597 0.364378
v 0.000000 0.386365 0.441964
v 0.000000 0.378856 0.538731
v 0.000000 0.346673 0.650599
v 0.000000 0.283413 0.771282
v 0.000000 0.184263 0.892524
v 0.000000 0.046524 1.004506
v -0.000000 -0.129950 1.096366
v -0.000000 -0.342455 1.156842
v -0.000000 -0.585283 1.174983
v -0.000000 -0.849750 1.140915
v -0.000000 -1.124405 1.046594
v -0.000000 -1.395428 0.886527
v -0.000000 -1.647206 0.658397
v -0.000000 -1.863057 0.363562
v -0.000000 -2.026088 0.007391
v -0.000000 -2.120149 -0.400609
v -0.000000 -2.130817 -0.846874
v -0.000000 -8.210504 -3.087467
v -0.000000 -2.046381 -1.314109
v -0.000000 -7.539738 -4.759720
v -0.000000 -1.858770 -1.781834
v -0.000000 -6.529589 -6.287661
v -0.000000 -1.564355 -2.227164
v -0.000000 -5.210824 -7.602646
v -0.000000 -1.164599 -2.625773
v -0.000000 -3.628043 -8.642530
v -0.000000 -0.666483 -2.953035
v -0.000000 -1.838331 -9.354451
v -0.000000 -0.082682 -3.185261
v 0.000000 0.090670 -9.697330
v 0.000000 0.568532 -3.301015
v 0.000000 2.083179 -9.643975
v 0.000000 1.263691 -3.282400
v 0.000000 4.058116 -9.182693
v 0.000000 1.974828 -3.116301
v 0.000000 5.932256 -8.318319
v 0.000000 2.670457 -2.795470
v 0.000000 7.623585 -7.072612
v 0.000000 3.316814 -2.319412
v 0.000000 9.054734 -5.483969
v 0.000000 3.879311 -1.695013
v 0.000000 10.156345 -3.606438
v 0.000000 4.324153 -0.936848
v 0.000000 10.870229 -1.508069
v 0.000000 4.620035 -0.067137
v 0.000000 11.152177 0.731391
v 0.000000 4.739867 0.884672
v 0.000000 10.974327 3.023353
v 0.000000 4.662423 1.882709
v 0.000000 10.326918 5.273726
v 0.000000 4.373828 2.885853
v 0.000000 9.219378 7.386597
v 0.000000 3.868825 3.849257
v 0.000000 7.680678 9.268143
v 0.000000 3.151712 4.726153
v 0.000000 5.758865 10.830585
v 0.000000 2.236903 5.469896
v 0.000000 3.519819 11.996080
v 0.000000 1.149051 6.036159
v 0.000000 1.045210 12.700312
v -0.000000 -0.077305 6.385159
v -0.000000 -1.570268 12.895712
v -0.000000 -1.398575 6.483870
v -0.000000 -4.222319 12.554079
v -0.000000 -2.763446 6.308048
v -0.000000 -6.800990 11.668526
v -0.000000 -4.114663 5.844021
v -0.000000 -9.195014 10.254612
v -0.000000 -5.391212 5.090090
v -0.000000 -11.296384 8.350608
v -0.000000 -6.530835 4.057503
v -0.000001 -13.004969 6.016809
v -0.000000 -7.472776 2.770884
v -0.000001 -14.233008 3.333938
v -0.000000 -8.160661 1.268078
v -0.000001 -14.909265 0.400609
v -0.000000 -8.545363 -0.400609
v -0.000001 -14.974298 -2.345690
v -0.000000 -8.596118 -2.498154
v -0.000000 -8.353585 -2.292245
v -0.000000 -8.430248 -1.328873
v -0.000000 -8.426303 -0.415598
v -0.000000 -8.243556 0.371706
v -0.000000 -8.047055 1.229428
v -0.000000 -7.708166 1.969792
v -0.000000 -6.905477 3.343671
v -0.000000 -5.857833 4.470837
v -0.000000 -4.679317 5.343354
v -0.000000 -3.379693 5.927691
v -0.000000 -2.065757 6.277553
v -0.000000 -0.746834 6.315462
v 0.000000 0.503196 6.095834
v 0.000000 1.637854 5.647131
v 0.000000 2.618997 5.005392
v 0.000000 3.417852 4.212128
v 0.000000 4.015588 3.312129
v 0.000000 4.403395 2.351274
v 0.000000 4.551037 1.374454
v -3.127834 2.181084 -1.079087
v -1.266682 0.443652 0.192896
v -2.340524 1.025587 -0.233142
v -3.058042 1.896514 -0.870752
v -1.266682 0.478499 0.252288
v -2.340524 1.134283 -0.047886
v -1.266682 0.506449 0.334442
v -2.340524 1.209233 0.172421
v -1.266682 0.519585 0.438780
v -2.340524 1.240598 0.421545
v -1.266682 0.509990 0.562429
v -2.340524 1.219713 0.690685
v -1.266682 0.470352 0.700209
v -2.340524 1.139729 0.968706
v -1.266682 0.394574 0.844772
v -2.340524 0.996201 1.242518
v -1.266682 0.278355 0.986887
v -2.340524 0.787601 1.497597
v -1.266682 0.119696 1.115878
v -2.340524 0.515712 1.718644
v -1.266682 -0.080696 1.220188
v -2.340524 0.185878 1.890333
v -1.266682 -0.319134 1.288043
v -2.340524 -0.192916 1.998132
v -1.266682 -0.588850 1.308193
v -2.340524 -0.608155 2.029154
v -1.266682 -0.880059 1.270680
v -2.340524 -1.044097 1.972996
v -1.266682 -1.180215 1.167602
v -2.340524 -1.482271 1.822521
v -1.266682 -1.474455 0.993824
v -2.340524 -1.902162 1.574533
v -1.266682 -1.746214 0.747589
v -2.340524 -2.282062 1.230314
v -1.266682 -1.977992 0.430999
v -2.340524 -2.600042 0.795977
v -1.266682 -2.152245 0.050311
v -2.340524 -2.835032 0.282600
v -1.266682 -2.252363 -0.383963
v -2.340524 -2.967933 -0.293872
v -1.266682 -2.263675 -0.857184
v -2.340524 -2.982733 -0.912981
v -1.266682 -2.174445 -1.350952
v -2.340524 -2.867551 -1.550352
v -1.266682 -1.976795 -1.843702
v -2.340524 -2.615575 -2.178541
v -1.266682 -1.667511 -2.311523
v -2.340524 -2.225812 -2.768094
v -1.266682 -1.248662 -2.729171
v -2.340524 -1.703628 -3.288780
v -1.266682 -0.728011 -3.071238
v -2.340524 -1.061015 -3.710976
v -1.266682 -0.119157 -3.313431
v -2.340524 -0.316566 -4.007107
v -1.266682 0.558604 -3.433903
v -2.340524 0.504872 -4.153117
v -1.266682 1.280717 -3.414566
v -2.340524 1.372862 -4.129874
v -1.266682 2.018110 -3.242335
v -2.340524 2.252359 -3.924452
v -1.266682 2.738223 -2.910210
v -2.340524 3.104986 -3.531211
v -1.266682 3.406290 -2.418163
v -2.340524 3.890551 -2.952622
v -1.266682 3.986834 -1.773731
v -2.340524 4.568769 -2.199769
v -1.266682 4.445320 -0.992310
v -2.340524 5.101104 -1.292484
v -1.266682 4.749887 -0.097073
v -2.340524 5.452671 -0.259094
v -1.266682 4.873088 0.881487
v -2.340524 5.594100 0.864252
v -3.130027 -0.000566 -0.002495
v -3.190228 -0.488332 -0.007208
v -3.016937 1.499370 -1.760533
v -3.190138 -0.486678 -0.100799
v -3.190010 1.501085 0.833385
v -3.190146 -0.468246 -0.201798
v -2.983238 2.360099 1.457369
v -3.190155 -0.428875 -0.299489
v -3.021312 1.086093 -1.975113
v -3.190163 -0.369141 -0.389536
v -3.190171 -0.290523 -0.467697
v -3.190010 1.336418 1.147524
v -3.190179 -0.195377 -0.530016
v -2.977868 2.070585 1.951869
v -3.190188 -0.086891 -0.573002
v -3.190196 0.031012 -0.593804
v -3.190204 0.153800 -0.590368
v -3.190010 1.581708 -0.160656
v -3.190212 0.276494 -0.561561
v -2.942590 -1.295608 3.053270
v -3.190220 0.393857 -0.507277
v -2.942574 -1.641656 2.934296
v -3.190228 0.500601 -0.428486
v -2.948853 -0.637908 3.169576
v -3.190236 0.591614 -0.327257
v -2.948836 -0.991666 3.123875
v -3.190244 0.662183 -0.206724
v -2.954957 0.012904 3.151567
v -3.190252 0.708219 -0.071009
v -2.954940 -0.333839 3.177342
v -3.190259 0.726463 0.074898
v -2.960890 0.304761 3.099308
v -3.190267 0.714670 0.225310
v -2.960906 0.630783 3.006663
v -3.190274 0.671756 0.374050
v -2.966689 0.899201 2.899485
v -3.088923 0.538078 1.239074
v -3.190282 0.597909 0.514682
v -2.966705 1.192316 2.747056
v -3.190304 0.212560 0.825320
v -3.190289 0.494645 0.640777
v -3.086302 0.284806 1.356308
v -3.190297 0.364816 0.746186
v -3.088922 0.405689 1.307380
v -3.072135 -1.265449 0.972933
v -3.190311 0.043187 0.873413
v -3.072136 -1.137077 1.089974
v -3.190318 -0.136979 0.886771
v -3.075115 -1.017283 1.177234
v -3.190325 -0.320819 0.862989
v -3.075116 -0.871761 1.263804
v -3.190332 -0.500683 0.801119
v -3.078020 -0.740253 1.323595
v -3.190338 -0.668685 0.701787
v -3.078021 -0.584334 1.377709
v -3.190345 -0.817027 0.567254
v -3.080851 -0.447036 1.408974
v -3.190351 -0.938339 0.401400
v -3.080852 -0.287554 1.430061
v -3.190209 -1.027754 0.213540
v -3.083611 -0.150329 1.432952
v -3.190073 -1.080303 0.002291
v -3.091479 0.756890 1.077443
v -3.083612 0.006076 1.421807
v -3.190010 -1.087621 -0.223593
v -3.091478 0.643884 1.168623
v -3.041586 -0.969432 -1.730129
v -3.190010 -1.046854 -0.449445
v -3.093970 0.934088 0.880183
v -3.041584 -0.786311 -1.849796
v -3.190010 -0.959238 -0.667878
v -3.093969 0.844075 0.989403
v -3.045338 -1.265080 -1.461646
v -3.190010 -0.826074 -0.869301
v -3.096398 1.064564 0.657073
v -3.045337 -1.113713 -1.611819
v -3.190010 -0.650648 -1.044223
v -3.096397 1.000041 0.779005
v -3.048995 -1.494674 -1.147292
v -3.190010 -0.438226 -1.183785
v -3.101070 1.164992 0.305389
v -3.048994 -1.379609 -1.320363
v -3.190010 -0.195923 -1.280170
v -3.098765 1.145356 0.418448
v -3.052561 -1.652199 -0.802104
v -3.190010 0.067485 -1.326989
v -3.056034 -1.699221 -0.635827
v -3.052559 -1.576284 -0.989917
v -3.190010 0.341873 -1.319642
v -3.059422 -1.747114 -0.273631
v -3.056036 -1.734864 -0.441618
v -3.190010 0.616105 -1.255590
v -3.059423 -1.743053 -0.081214
v -3.062723 -1.721769 0.081578
v -3.190010 0.878470 -1.134584
v -3.062724 -1.680151 0.264496
v -3.190010 1.106056 1.429213
v -3.029734 0.208175 -2.131387
v -3.190010 1.117147 -0.958792
v -3.065941 -1.627868 0.415744
v -3.037736 -0.616877 -1.938873
v -3.190010 1.320703 -0.732836
v -3.065942 -1.552255 0.582227
v -2.977851 1.871752 2.194799
v -3.025577 0.649402 -2.098894
v -3.190010 1.478603 -0.463718
v -2.983221 2.217914 1.728339
v -2.988472 2.539499 0.928390
v -3.069077 -1.472643 0.716368
v -3.190010 0.816377 1.664724
v -2.988456 2.456904 1.215019
v -3.190010 1.622734 0.165204
v -3.069079 -1.367797 0.860491
v -2.972358 1.677541 2.388984
v -2.993558 2.584368 0.677986
v -3.190010 1.596665 0.501153
v -3.190010 0.476624 1.841576
v -2.993575 2.606992 0.388096
v -3.003379 2.510742 -0.376512
v -3.037735 -0.408142 -2.021325
v -3.008104 2.323458 -0.852232
v -2.998531 2.600690 0.140194
v -2.998548 2.565413 -0.141041
v -3.021311 1.311650 -1.870491
v -3.003396 2.421876 -0.638124
v -3.098763 1.107663 0.547521
v -3.025576 0.885280 -2.043248
v -2.972341 1.427576 2.592041
v -3.029733 0.444300 -2.124526
v -3.016935 1.704443 -1.608822
v -3.007944 2.184942 -1.082477
v -3.190010 -1.114997 1.788493
v -3.190010 0.098662 1.949138
v -3.190010 -1.489884 1.567085
v -3.190010 -0.303388 1.979175
v -3.012446 2.045130 -1.264738
v -3.033786 -0.219473 -2.075831
v -2.947632 -2.217956 2.555608
v -3.190010 -0.713633 1.926328
v -3.012448 1.870365 -1.459540
v -3.086300 0.137661 1.397623
v -3.033785 0.007319 -2.115597
v -3.190010 -1.820902 1.267157
v -2.947632 -2.733058 2.088885
v -2.865780 -3.455347 1.300786
v -3.190010 -2.091617 0.897380
v -2.947632 -3.150515 1.518671
v -2.865400 -3.623575 0.930117
v -3.190010 -2.287306 0.469862
v -2.947632 -3.449593 0.865281
v -2.889085 -3.044287 1.920426
v -3.190010 -2.395672 -0.000187
v -2.947632 -3.613764 0.153171
v -2.888705 -3.277646 1.599461
v -3.190010 -2.407499 -0.494945
v -2.947632 -3.631528 -0.589926
v -2.911800 -2.530131 2.431467
v -3.190010 -2.317206 -0.994595
v -2.947632 -3.497058 -1.334027
v -2.911420 -2.815936 2.170740
v -3.190010 -2.123276 -1.478072
v -2.947632 -3.210650 -2.048059
v -2.933942 -1.938836 2.818569
v -3.190010 -1.828537 -1.923892
v -2.947632 -2.778915 -2.701098
v -2.940274 -1.837978 2.860051
v -3.190010 -1.440267 -2.311049
v -2.947632 -2.214740 -3.263655
v -3.190010 -0.970118 -2.619936
v -2.947632 -1.536979 -3.708942
v -3.190010 -0.433849 -2.833256
v -2.947632 -0.769892 -4.014079
v -3.190010 0.149129 -2.936880
v -2.947632 0.057664 -4.161176
v -3.190010 0.756394 -2.920619
v -2.947632 0.913250 -4.138266
v -3.190010 1.363307 -2.778863
v -2.947632 1.762061 -3.940010
v -3.190010 1.943947 -2.511066
v -2.947632 2.568276 -3.568175
v -3.190010 2.472154 -2.122028
v -2.947632 3.296498 -3.031821
v -1.220232 0.539084 0.136903
v -2.254925 1.098124 -0.275701
v -2.946652 1.935013 -0.893341
v -3.190009 2.922631 -1.621978
v -2.947632 3.913240 -2.347208
v -2.712314 -2.481238 -3.582976
v -1.220029 0.579028 0.206272
v -2.254709 1.210552 -0.082797
v -2.946573 2.156139 -0.515624
v -3.190009 3.272065 -1.026420
v -2.947632 4.388384 -1.537397
v -2.739870 -3.328644 -2.549427
v -1.220029 0.614183 0.309605
v -2.254709 1.290969 0.153577
v -2.946573 2.304326 -0.080044
v -3.190009 3.500232 -0.355750
v -2.947632 4.696559 -0.631554
v -2.739489 -3.072591 -2.934357
v -1.220029 0.630113 0.436138
v -2.254709 1.324454 0.419540
v -2.946573 2.364095 0.394688
v -3.190009 3.591019 0.365359
v -2.947632 4.818377 0.336020
v -2.766358 -3.678976 -1.781123
v -1.220029 0.618788 0.582090
v -2.254709 1.302256 0.705602
v -2.946573 2.325619 0.890537
v -3.190009 3.533332 1.108786
v -2.947632 4.741471 1.327113
v -2.947632 3.981568 3.216194
v -2.791795 -3.783303 -1.410816
v -1.220029 0.572965 0.741368
v -2.254709 1.217580 0.999933
v -2.946573 2.182767 1.387084
v -3.190009 3.321825 1.843977
v -2.947632 4.461284 2.301032
v -2.765977 -3.509978 -2.198927
v -1.220029 0.486801 0.905745
v -2.254709 1.066172 1.288777
v -2.946573 1.933669 1.862293
v -3.190009 2.957438 2.539124
v -2.565493 1.963820 -4.543972
v -2.656211 -1.376293 -4.311107
v -1.220029 0.356420 1.065176
v -2.254709 0.846828 1.556994
v -2.946573 1.581119 2.293397
v -3.190010 2.447686 3.162456
v -2.947632 3.314560 4.031822
v -1.220029 0.180403 1.208279
v -2.254709 0.561770 1.788748
v -2.946573 1.132793 2.657888
v -3.190010 1.806682 3.683596
v -2.947632 2.480808 4.709666
v -1.220029 -0.039831 1.322918
v -2.254709 0.216882 1.968273
v -2.946573 0.601259 2.934568
v -3.190010 1.054880 4.074933
v -2.947632 1.508660 5.215700
v -1.220029 -0.299785 1.396896
v -2.254709 -0.178236 2.080717
v -2.946573 0.003759 3.104606
v -3.190010 0.218540 4.312941
v -2.947632 0.433397 5.521702
v -1.220029 -0.591809 1.418713
v -2.254709 -0.610401 2.113003
v -2.946573 -0.638238 3.152569
v -3.190010 -0.671090 4.379404
v -2.947632 -0.703953 5.606672
v -1.220029 -0.905205 1.378342
v -2.254709 -1.063175 2.054678
v -2.946573 -1.299706 3.067360
v -3.190010 -1.578845 4.262468
v -2.947632 -1.858082 5.457999
v -1.220029 -1.226519 1.267998
v -2.254709 -1.517401 1.898690
v -2.946573 -1.952940 2.843029
v -3.190010 -2.466939 3.957484
v -2.947632 -2.981119 5.072332
v -2.533805 2.911723 -4.160206
v -1.220029 -1.540021 1.082844
v -2.254709 -1.951905 1.642071
v -2.946573 -2.568624 2.479406
v -3.190010 -3.296439 3.467580
v -2.947632 -4.024512 4.456103
v -2.596380 0.983365 -4.724396
v -1.220029 -1.828357 0.821589
v -2.254709 -2.344382 1.286456
v -2.946573 -3.117030 1.982507
v -3.190010 -4.028866 2.803945
v -2.947632 -4.941022 3.625673
v -1.220029 -2.073349 0.486948
v -2.254709 -2.672389 0.838425
v -2.946573 -3.569335 1.364694
v -3.190010 -4.627859 1.985767
v -2.947632 -5.686756 2.607058
v -2.501675 3.329294 -3.916049
v -1.220029 -2.256913 0.085920
v -2.254709 -2.914442 0.309616
v -2.946573 -3.898965 0.644558
v -3.190010 -5.060842 1.039838
v -2.947632 -6.223129 1.435257
v -1.220029 -2.362057 -0.370153
v -2.254709 -3.051156 -0.283395
v -2.946573 -4.082949 -0.153492
v -3.190010 -5.300611 -0.000187
v -2.947632 -6.518703 0.153171
v -1.220029 -2.373904 -0.865737
v -2.254709 -3.066361 -0.919470
v -2.946573 -4.103183 -0.999925
v -3.190010 -5.326779 -1.094872
v -2.947632 -6.550807 -1.189854
v -1.220029 -2.280695 -1.381519
v -2.254709 -2.948161 -1.573542
v -2.946573 -3.947564 -1.861061
v -3.190010 -5.127000 -2.200373
v -2.947632 -6.306853 -2.539805
v -2.256216 -7.307268 -2.827615
v -1.221101 -7.975760 -3.019934
v -1.220029 -2.074718 -1.895031
v -2.254709 -2.689867 -2.217484
v -2.946573 -3.610934 -2.700295
v -3.190010 -4.697925 -3.270081
v -2.947632 -5.785298 -3.840067
v -2.256216 -6.707299 -4.323368
v -1.221101 -7.323394 -4.646316
v -1.220029 -1.753096 -2.381513
v -2.254709 -2.290744 -2.821194
v -2.946573 -3.095768 -3.479531
v -3.190010 -4.045811 -4.256463
v -2.947632 -4.996189 -5.033668
v -2.256216 -5.802029 -5.692673
v -1.221101 -6.340503 -6.133029
v -1.220029 -1.318407 -2.814956
v -2.254709 -1.756541 -3.353864
v -2.946573 -2.412564 -4.160776
v -3.190010 -3.186765 -5.113046
v -2.947632 -3.961238 -6.065651
v -2.256216 -4.617926 -6.873380
v -1.221101 -5.056735 -7.413116
v -1.220029 -0.779059 -3.169307
v -2.254709 -1.099744 -3.785379
v -2.946573 -1.579908 -4.707829
v -3.190010 -2.146570 -5.796452
v -2.947632 -2.713431 -6.885458
v -2.256216 -3.194082 -7.808843
v -1.221100 -3.515260 -8.425862
v -1.220029 -0.149419 -3.419768
v -2.254709 -0.339525 -4.087783
v -2.946573 -0.624172 -5.088007
v -3.190010 -0.960096 -6.268413
v -2.947632 -1.296138 -7.449236
v -2.256216 -1.581074 -8.450474
v -1.221100 -1.771472 -9.119515
v -1.220029 0.550367 -3.544155
v -2.254709 0.498623 -4.236763
v -2.946573 0.421146 -5.273812
v -3.190010 0.329713 -6.497676
v -2.947632 0.238247 -7.721972
v -2.256216 0.160691 -8.760071
v -1.221100 0.108868 -9.453744
v -1.220029 1.294842 -3.524219
v -2.254709 1.383578 -4.213067
v -2.946573 1.516444 -5.244482
v -3.190010 1.673244 -6.461699
v -2.947632 1.830099 -7.679346
v -2.256216 1.963099 -8.711807
v -1.221100 2.051971 -9.401713
v -1.220028 2.054019 -3.346900
v -2.254709 2.279603 -4.003784
v -2.946573 2.617371 -4.987340
v -3.190009 3.015985 -6.148078
v -2.947632 3.414740 -7.309224
v -2.256216 3.752850 -8.293778
v -1.221100 3.978781 -8.951672
v -1.220028 2.794446 -3.005407
v -2.254709 3.147642 -3.603435
v -2.946573 3.676484 -4.498866
v -3.190009 4.300593 -5.555603
v -2.947632 4.924922 -6.612711
v -2.256216 5.454301 -7.509050
v -1.221100 5.808039 -8.107998
v -1.220028 3.480525 -2.500093
v -2.254709 3.946872 -3.014781
v -2.946573 4.645138 -3.785428
v -3.190009 5.469192 -4.694900
v -2.947632 6.293536 -5.604693
v -2.256216 6.992509 -6.376121
v -1.221100 7.459574 -6.891601
v -1.220028 4.076042 -1.839040
v -2.254709 4.636449 -2.249318
v -2.946573 5.475552 -2.863630
v -3.190009 6.465812 -3.588604
v -2.947632 7.456421 -4.313835
v -2.256215 8.296374 -4.928769
v -1.221100 8.857644 -5.339677
v -1.220028 4.545849 -1.038325
v -2.254709 5.177373 -1.327395
v -2.946573 6.122959 -1.760222
v -3.190009 7.238885 -2.271019
v -2.947631 8.355204 -2.781995
v -2.256215 9.301748 -3.215261
v -1.221100 9.934243 -3.504775
v -1.220028 4.857620 -0.121910
v -2.254709 5.534407 -0.277938
v -2.946573 6.547764 -0.511559
v -3.190009 7.743669 -0.787266
v -2.947631 8.939997 -1.063069
v -2.256215 9.954381 -1.296928
v -1.221100 10.632208 -1.453195
v -1.220028 4.983616 0.878845
v -2.254709 5.677956 0.862248
v -2.946573 6.717597 0.837396
v -3.190009 7.944522 0.808067
v -2.947631 9.171879 0.778728
v -2.256215 10.212574 0.753852
v -1.221100 10.907983 0.737229
v -1.220028 4.902354 1.926067
v -2.254709 5.585823 2.049579
v -2.946573 6.609185 2.234514
v -3.190009 7.816898 2.452764
v -2.947631 9.025037 2.671091
v -2.256215 10.049438 2.856213
v -1.221100 10.733956 2.979915
v -1.220028 4.600120 2.976622
v -2.254709 5.244735 3.235187
v -2.946573 6.209922 3.622338
v -3.190009 7.348979 4.079231
v -2.947631 8.488439 4.536285
v -2.256215 9.454605 4.923829
v -1.221100 10.100210 5.182791
v -1.220028 4.072213 3.983720
v -2.254709 4.651584 4.366752
v -2.946573 5.519081 4.940269
v -3.190009 6.542850 5.617100
v -2.947632 7.566980 6.294169
v -2.256215 8.435356 6.868267
v -1.221100 9.015617 7.251887
v -1.220028 3.323870 4.898805
v -2.254709 3.814277 5.390623
v -2.946573 4.548568 6.127026
v -3.190009 5.415136 6.996085
v -2.947632 6.282009 7.865451
v -2.256216 7.017044 8.602600
v -1.221100 7.508205 9.095174
v -1.220028 2.370782 5.673670
v -2.254709 2.752149 6.254138
v -2.946573 3.323172 7.123279
v -3.190009 3.997061 8.148987
v -2.947632 4.671186 9.175057
v -2.256216 5.242788 10.045078
v -1.221100 5.624742 10.626439
v -1.220029 1.239169 6.262710
v -2.254709 1.495882 6.908065
v -2.946573 1.880260 7.874360
v -3.190010 2.333880 9.014725
v -2.947632 2.787661 10.155492
v -2.256216 3.172428 11.122766
v -1.221100 3.429535 11.769113
v -1.220029 -0.034635 6.625213
v -2.254709 0.086914 7.309033
v -2.946573 0.268909 8.332923
v -3.190010 0.483690 9.541258
v -2.947632 0.698547 10.750019
v -2.256216 0.880727 11.774946
v -1.221100 1.002462 12.459818
v -1.220029 -1.405101 6.727600
v -2.254709 -1.423692 7.421890
v -2.946573 -1.451529 8.461455
v -3.190010 -1.484381 9.688291
v -2.947632 -1.517244 10.915559
v -2.256216 -1.545110 11.956178
v -1.221100 -1.563730 12.651535
v -1.220029 -2.818902 6.545475
v -2.254709 -2.976872 7.221811
v -2.946573 -3.213402 8.234494
v -3.190010 -3.492541 9.429603
v -2.947632 -3.771779 10.625133
v -2.256216 -4.008549 11.638842
v -1.221100 -4.166762 12.316216
v -1.220029 -4.216777 6.065425
v -2.254709 -4.507659 6.696117
v -2.946573 -4.943199 7.640456
v -3.190010 -5.457198 8.754910
v -2.947632 -5.971378 9.869759
v -2.256216 -6.407360 10.815055
v -1.221101 -6.698689 11.446716
v -1.220029 -5.535804 5.286406
v -2.254709 -5.947690 5.845634
v -2.946573 -6.564408 6.682969
v -3.190010 -7.292223 7.671143
v -2.947632 -8.020296 8.659665
v -2.256216 -8.637640 9.497849
v -1.221101 -9.050158 10.057936
v -1.220029 -6.711986 4.220695
v -2.254709 -7.228011 4.685563
v -2.946573 -8.000660 5.381613
v -3.190010 -8.912495 6.203051
v -2.947632 -9.824652 7.024779
v -2.256216 -10.598083 7.721534
v -1.221101 -11.114902 8.187117
v -1.220029 -7.683068 2.894269
v -2.254710 -8.282108 3.245746
v -2.946574 -9.179054 3.772015
v -3.190010 -10.237578 4.393087
v -2.947632 -11.296475 5.014379
v -2.256216 -12.194331 5.541180
v -1.221101 -12.794291 5.893198
v -1.220029 -8.391486 1.346606
v -2.254710 -9.049015 1.570303
v -2.946574 -10.033537 1.905245
v -3.190010 -11.195415 2.300525
v -2.947632 -12.357700 2.695944
v -2.256216 -13.343222 3.031226
v -1.221101 -14.001760 3.255266
v -1.220029 -8.787271 -0.370153
v -2.254710 -9.476370 -0.283395
v -2.946574 -10.508162 -0.153492
v -3.190010 -11.725825 -0.000187
v -2.947632 -12.943917 0.153171
v -2.256217 -13.976756 0.283206
v -1.221101 -14.666914 0.370097
v -1.220761 -8.838874 -2.492351
v -2.255672 -9.530181 -2.475826
v -2.947177 -10.564797 -2.451094
v -3.190001 -11.785210 -2.421922
v -2.947176 -13.005621 -2.392749
v -2.255670 -14.040236 -2.368017
v -1.220760 -14.731543 -2.351493
v -2.468322 4.154046 -3.247248
v -2.501295 3.784927 -3.578839
v -2.485226 4.471395 -2.756166
v -2.626486 0.011731 -4.704259
v -2.534185 2.410493 -4.392819
v -2.596761 0.458474 -4.739760
v -2.655831 -0.912123 -4.494340
v -2.626867 -0.492501 -4.615960
v -2.684434 -1.753108 -4.112575
v -2.712695 -2.817980 -3.249048
v -2.933561 -2.262907 2.625652
v -2.565874 1.439567 -4.667766
v -2.684814 -2.160402 -3.846550
v -2.841871 -3.740395 0.593320
v -2.816961 -3.889627 -0.604593
v -2.841491 -3.832922 0.186150
v -2.792176 -3.862723 -0.978694
v -2.817341 -3.880699 -0.176371
v -3.129438 -0.784790 -0.198954
v -3.130961 -0.788523 -0.070143
v -3.130970 -0.789877 -0.122785
v -3.129436 -0.768417 -0.286806
v -3.131987 -0.783481 0.012394
v -3.127865 -0.712965 -0.446945
v -3.127866 -0.747552 -0.362163
v -3.126253 -0.624162 -0.596418
v -3.126254 -0.676418 -0.518352
v -3.124599 -0.504047 -0.728285
v -3.124600 -0.572674 -0.660615
v -3.122904 -0.439036 -0.782148
v -3.122903 -0.356102 -0.835992
v -3.121162 -0.185176 -0.913673
v -3.121146 -0.278879 -0.877079
v -3.119376 0.002629 -0.956427
v -3.119378 -0.099934 -0.938745
v -3.117544 0.200195 -0.960603
v -3.117546 0.093471 -0.963999
v -3.115665 0.399598 -0.923991
v -3.115666 0.293044 -0.949431
v -3.113737 0.592421 -0.846012
v -3.113738 0.490588 -0.893571
v -3.111758 0.770088 -0.727821
v -3.111760 0.677565 -0.796634
v -3.109729 0.924219 -0.572349
v -3.109730 0.845440 -0.660602
v -3.107648 0.986042 -0.489228
v -3.107647 1.046997 -0.384276
v -3.105512 1.091940 -0.287971
v -3.105510 1.131534 -0.169917
v -3.103320 1.156790 -0.063853
v -3.103319 1.172213 0.062961
v -3.101072 1.175668 0.174761
v -3.157501 -0.473692 0.089280
v -3.173733 -0.754409 0.160401
v -1.078859 -8.367120 1.338317
v -0.691264 -8.684847 -0.383048
v -2.241462 4.055207 4.773790
v -2.149773 3.090750 5.637004
v -2.266134 4.833854 3.779336
v -2.256216 1.893427 6.182974
v -2.055705 1.942797 6.305540
v -2.256216 0.615577 6.546629
v -2.256216 -0.731818 6.647292
v -1.654394 -3.584805 6.382608
v -1.547476 -4.922181 5.675856
v -1.758607 -2.169734 6.794817
v -1.437786 -6.120586 4.689066
v -2.256215 4.049595 4.768971
v -2.256215 3.052410 5.579688
v -1.860186 -0.738299 6.910662
v -2.305026 5.355181 2.659302
v -2.451008 5.064242 -1.847052
v -2.256216 -5.714454 4.322428
v -2.256216 -2.094852 6.471707
v -2.256216 -3.417101 6.017629
v -2.256216 -4.641855 5.294287
v -1.325712 -7.121033 3.449545
v -2.256313 -6.584472 3.133910
v -1.959197 0.650607 6.740441
v -2.256420 -7.208461 1.770468
v -2.256305 -7.551469 0.283080
v -1.216432 -8.243556 0.371706
v -2.256216 -7.588680 -1.270390
v -1.219977 -8.282804 -1.322641
v -1.200089 -7.865453 1.993096
v -0.470756 -8.430248 -1.328873
v -0.871322 -8.308658 0.382754
v -2.342935 5.633071 1.487967
v -2.379886 5.668536 0.315432
v -2.415902 5.472375 -0.810685
v -2.255670 4.412459 4.325419
v -1.037271 -8.157350 1.278427
v -0.681324 -8.452880 -0.399977
v -0.609248 -5.861274 4.470864
v -0.748287 -4.679317 5.343354
v -0.856100 -3.379693 5.927691
v -0.944625 -2.065757 6.277553
v -1.001009 -0.746834 6.315462
v -1.049924 0.503196 6.095834
v -1.117924 1.637854 5.647131
v -1.169121 2.618997 5.005392
v -1.223807 3.417852 4.212128
v -1.258406 4.015588 3.312129
v -1.257125 4.403395 2.351274
v -1.257904 4.761352 1.370059
v -2.340524 5.548690 1.449457
v 3.250000 -0.000000 0.000000
v 3.310000 -0.490002 0.000000
v 3.136929 1.499959 -1.759311
v 3.310000 -0.492421 -0.101195
v 3.310000 1.502479 0.833944
v 3.310000 -0.473953 -0.203389
v 3.102952 2.352152 1.455027
v 3.310000 -0.434289 -0.302274
v 3.141304 1.086916 -1.974035
v 3.310000 -0.374007 -0.393455
v 3.310000 -0.294597 -0.472637
v 3.310000 1.337671 1.148352
v 3.310000 -0.198443 -0.535810
v 3.097581 2.063272 1.947976
v 3.310000 -0.088767 -0.579438
v 3.310000 0.030460 -0.600630
v 3.310000 0.154653 -0.597305
v 3.310000 1.583171 -0.160993
v 3.310000 0.278771 -0.568315
v 3.062304 -1.294498 3.045061
v 3.310000 0.397516 -0.513548
v 3.062304 -1.639842 2.926464
v 3.310000 0.505536 -0.433989
v 3.068567 -0.638472 3.161311
v 3.310000 0.597659 -0.331728
v 3.068567 -0.991465 3.115839
v 3.310000 0.669118 -0.209937
v 3.074670 0.010688 3.143585
v 3.310000 0.715777 -0.072788
v 3.074670 -0.335260 3.169431
v 3.310000 0.734343 0.074675
v 3.080620 0.301777 3.091845
v 3.310000 0.722546 0.226700
v 3.080620 0.627005 2.999290
v 3.310000 0.679295 0.377039
v 3.086419 0.894775 2.892775
v 3.208916 0.536721 1.239066
v 3.310000 0.604782 0.519188
v 3.086419 1.187131 2.740595
v 3.310000 0.215740 0.833237
v 3.310000 0.500545 0.646651
v 3.206294 0.283479 1.356026
v 3.310000 0.369470 0.753216
v 3.208916 0.404542 1.307869
v 3.192128 -1.266307 0.972027
v 3.310000 0.044725 0.881905
v 3.192128 -1.137541 1.088699
v 3.310000 -0.137185 0.895495
v 3.195108 -1.018305 1.176519
v 3.310000 -0.322799 0.871585
v 3.195108 -0.872472 1.262648
v 3.310000 -0.504392 0.809223
v 3.198013 -0.741399 1.323101
v 3.310000 -0.674003 0.709051
v 3.198013 -0.585263 1.376720
v 3.310000 -0.823763 0.573356
v 3.200844 -0.448257 1.408720
v 3.310000 -0.946239 0.406063
v 3.200844 -0.288663 1.429279
v 3.310000 -1.034771 0.212651
v 3.203604 -0.151577 1.432950
v 3.310000 -1.083796 0.000000
v 3.211471 0.755559 1.077708
v 3.203604 0.004832 1.421265
v 3.310000 -1.089146 -0.223825
v 3.211471 0.642859 1.169334
v 3.161578 -0.968081 -1.730258
v 3.310000 -1.048298 -0.449860
v 3.213962 0.932838 0.880711
v 3.161578 -0.785219 -1.850398
v 3.310000 -0.960568 -0.668575
v 3.213962 0.843213 0.990305
v 3.165330 -1.263784 -1.462044
v 3.310000 -0.827237 -0.870252
v 3.216390 1.063445 0.657841
v 3.165330 -1.112765 -1.612629
v 3.310000 -0.651596 -1.045389
v 3.216390 0.999378 0.780062
v 3.168988 -1.493484 -1.147944
v 3.310000 -0.438919 -1.185117
v 3.221064 1.164801 0.306621
v 3.168988 -1.378843 -1.321348
v 3.310000 -0.196336 -1.281613
v 3.218757 1.144415 0.419426
v 3.172553 -1.651164 -0.802982
v 3.310000 0.067373 -1.328487
v 3.176028 -1.698906 -0.637033
v 3.172553 -1.575733 -0.991036
v 3.310000 0.342064 -1.321131
v 3.179415 -1.747048 -0.274876
v 3.176028 -1.734027 -0.442685
v 3.310000 0.616593 -1.257010
v 3.179415 -1.742448 -0.082429
v 3.182716 -1.721955 0.080345
v 3.310000 0.879234 -1.135877
v 3.182716 -1.679803 0.263185
v 3.310000 1.107117 1.430277
v 3.149727 0.209357 -2.130722
v 3.310000 1.118156 -0.959905
v 3.185934 -1.628299 0.414574
v 3.157728 -0.615528 -1.938728
v 3.310000 1.321915 -0.733723
v 3.185934 -1.552179 0.580872
v 3.097581 1.865039 2.190378
v 3.145569 0.650426 -2.098004
v 3.310000 1.479969 -0.464344
v 3.102952 2.210448 1.725360
v 3.108186 2.531243 0.927696
v 3.189071 -1.473300 0.715308
v 3.310000 0.817202 1.665979
v 3.108186 2.448991 1.213604
v 3.310000 1.624235 0.165168
v 3.189071 -1.367994 0.859149
v 3.092072 1.671162 2.383699
v 3.113289 2.576332 0.678192
v 3.310000 1.598143 0.501420
v 3.310000 0.477179 1.842972
v 3.113289 2.598766 0.389079
v 3.123109 2.503438 -0.373153
v 3.157728 -0.406952 -2.021696
v 3.127834 2.316981 -0.847472
v 3.118262 2.592860 0.142014
v 3.118262 2.557554 -0.138424
v 3.141304 1.312739 -1.869884
v 3.123109 2.414704 -0.633978
v 3.218757 1.107227 0.548689
v 3.145569 0.886469 -2.042872
v 3.092072 1.421890 2.586359
v 3.149727 0.445540 -2.124397
v 3.136929 1.705387 -1.608008
v 3.127834 2.181084 -1.079087
v 3.310000 -1.115626 1.789857
v 3.310000 0.098924 1.950617
v 3.310000 -1.490775 1.568294
v 3.310000 -0.303428 1.980676
v 3.132440 2.045891 -1.263750
v 3.153779 -0.218181 -2.075417
v 3.058041 -2.245834 2.593459
v 3.310000 -0.713975 1.927790
v 3.132440 1.870697 -1.458225
v 3.206294 0.136438 1.397872
v 3.153779 0.008559 -2.115720
v 3.310000 -1.822018 1.268162
v 3.058040 -2.767986 2.120349
v 2.982618 -3.433146 1.284788
v 3.310000 -2.092913 0.898140
v 3.058040 -3.191061 1.542460
v 2.982618 -3.601512 0.916965
v 3.310000 -2.288729 0.470346
v 3.058040 -3.494098 0.880422
v 3.005923 -3.025763 1.900286
v 3.310000 -2.397163 0.000000
v 3.058040 -3.660406 0.159043
v 3.005923 -3.258682 1.582136
v 3.310000 -2.408997 -0.495061
v 3.058040 -3.678396 -0.593563
v 3.028639 -2.516040 2.408011
v 3.310000 -2.318650 -0.995011
v 3.058040 -3.542236 -1.347024
v 3.028638 -2.800848 2.149953
v 3.310000 -2.124607 -1.478770
v 3.058040 -3.252287 -2.069884
v 3.050780 -1.929754 2.792756
v 3.310000 -1.829700 -1.924843
v 3.058040 -2.815305 -2.730857
v 3.058041 -1.832205 2.837746
v 3.310000 -1.441215 -2.312215
v 3.058041 -2.244395 -3.300130
v 3.310000 -0.970812 -2.621269
v 3.058041 -1.558685 -3.750641
v 3.310000 -0.434261 -2.834701
v 3.058041 -0.782759 -4.059293
v 3.310000 0.149017 -2.938378
v 3.058041 0.054161 -4.208055
v 3.310000 0.756586 -2.922109
v 3.058041 0.919256 -4.184890
v 3.310000 1.363794 -2.780284
v 3.058041 1.777330 -3.984471
v 3.310000 1.944710 -2.512359
v 3.058041 2.592182 -3.608652
v 3.310000 2.473162 -2.123141
v 3.058041 3.328062 -3.066657
v 2.340524 1.025587 -0.233142
v 3.058042 1.896514 -0.870752
v 3.310000 2.923842 -1.622865
v 3.058041 3.951170 -2.374978
v 2.829533 -2.461242 -3.566853
v 2.340524 1.134283 -0.047886
v 3.058042 2.115732 -0.497128
v 3.310000 3.273430 -1.027045
v 3.058041 4.431129 -1.556963
v 2.856708 -3.303324 -2.539050
v 2.340524 1.209233 0.172421
v 3.058042 2.261023 -0.070061
v 3.310000 3.501695 -0.356088
v 3.058041 4.742367 -0.642114
v 2.856708 -3.049759 -2.922590
v 2.340524 1.240598 0.421545
v 3.058042 2.319669 0.395750
v 3.310000 3.592521 0.365324
v 3.058041 4.865373 0.334897
v 2.883196 -3.652085 -1.776054
v 2.340524 1.219713 0.690685
v 3.058042 2.281888 0.882634
v 3.310000 3.534810 1.109053
v 3.058041 4.787731 1.335473
v 3.058041 4.020782 3.242119
v 2.909014 -3.757681 -1.409006
v 2.340524 1.139729 0.968706
v 3.058042 2.141523 1.370541
v 3.310000 3.323218 1.844537
v 3.058041 4.504914 2.318532
v 2.883196 -3.485245 -2.191997
v 2.340524 0.996201 1.242518
v 3.058042 1.896599 1.837786
v 3.310000 2.958691 2.539953
v 2.682712 1.960714 -4.518475
v 2.773050 -1.361440 -4.288126
v 2.340524 0.787601 1.497597
v 3.058042 1.549741 2.261929
v 3.310000 2.448747 3.163520
v 3.058041 3.347752 4.065110
v 2.340524 0.515712 1.718644
v 3.058042 1.108392 2.620748
v 3.310000 1.807506 3.684851
v 3.058041 2.506620 4.748955
v 2.340524 0.185878 1.890333
v 3.058042 0.584834 2.893276
v 3.310000 1.055435 4.076328
v 3.058041 1.526035 5.259380
v 2.340524 -0.192916 1.998132
v 3.058042 -0.004018 3.060853
v 3.310000 0.218803 4.314420
v 3.058041 0.441623 5.567986
v 2.340524 -0.608156 2.029154
v 3.058042 -0.637049 3.108147
v 3.310000 -0.671130 4.380906
v 3.058041 -0.705212 5.653665
v 2.340524 -1.044098 1.972996
v 3.058042 -1.289599 3.024086
v 3.310000 -1.579187 4.263931
v 3.058041 -1.868775 5.503776
v 2.340524 -1.482271 1.822521
v 3.058042 -1.934329 2.802676
v 3.310000 -2.467569 3.958848
v 3.058040 -3.000808 5.115020
v 2.651024 2.903548 -4.135855
v 2.340524 -1.902162 1.574533
v 3.058042 -2.542271 2.443625
v 3.310000 -3.297331 3.468790
v 3.058040 -4.052390 4.493954
v 2.713599 0.985456 -4.698794
v 2.340524 -2.282062 1.230314
v 3.058042 -3.084014 1.952763
v 3.310000 -4.029982 2.804950
v 3.058040 -4.975949 3.657137
v 2.340524 -2.600042 0.795977
v 3.058042 -3.531007 1.342206
v 3.310000 -4.629154 1.986527
v 3.058040 -5.727302 2.630847
v 2.618514 3.317648 -3.891287
v 2.340524 -2.835032 0.282600
v 3.058042 -3.856895 0.630246
v 3.310000 -5.062264 1.040322
v 3.058040 -6.267633 1.450398
v 2.340524 -2.967933 -0.293872
v 3.058042 -4.038859 -0.159043
v 3.310000 -5.302102 0.000000
v 3.058040 -6.565344 0.159043
v 2.340524 -2.982733 -0.912981
v 3.058042 -4.058877 -0.996487
v 3.310000 -5.328277 -1.094988
v 3.058040 -6.597676 -1.193490
v 2.340524 -2.867551 -1.550352
v 3.058042 -3.904858 -1.848775
v 3.310000 -5.128444 -2.200788
v 3.058040 -6.352030 -2.552802
v 2.340522 -7.389335 -2.851225
v 1.266680 -8.082439 -3.050625
v 2.340524 -2.615575 -2.178541
v 3.058042 -3.571576 -2.679664
v 3.310000 -4.699255 -3.270778
v 3.058040 -5.826934 -3.861892
v 2.340522 -6.782934 -4.363014
v 1.266680 -7.421712 -4.697853
v 2.340524 -2.225812 -2.768094
v 3.058042 -3.061368 -3.451399
v 3.310000 -4.046974 -4.257413
v 3.058040 -5.032579 -5.063427
v 2.340522 -5.868134 -5.746733
v 1.266681 -6.426434 -6.203302
v 2.340524 -1.703628 -3.288780
v 3.058042 -2.384532 -4.126295
v 3.310000 -3.187713 -5.114211
v 3.058040 -3.990893 -6.102127
v 2.340522 -4.671796 -6.939641
v 1.266681 -5.126761 -7.499249
v 2.340524 -1.061015 -3.710976
v 3.058042 -1.559390 -4.668411
v 3.310000 -2.147264 -5.797784
v 3.058040 -2.735137 -6.927156
v 2.340522 -3.233511 -7.884591
v 1.266681 -3.566514 -8.524327
v 2.340524 -0.316566 -4.007107
v 3.058042 -0.612009 -5.045266
v 3.310000 -0.960507 -6.269858
v 3.058041 -1.309006 -7.494450
v 2.340522 -1.604448 -8.532608
v 1.266681 -1.801857 -9.226282
v 2.340524 0.504872 -4.153117
v 3.058042 0.424457 -5.229497
v 3.310000 0.329600 -6.499174
v 3.058041 0.234744 -7.768850
v 2.340522 0.154329 -8.845229
v 1.266681 0.100597 -9.564442
v 2.340524 1.372861 -4.129874
v 3.058042 1.510766 -5.200408
v 3.310000 1.673435 -6.463189
v 3.058041 1.836105 -7.725970
v 2.340522 1.974009 -8.796503
v 1.266681 2.066154 -9.511810
v 2.340524 2.252359 -3.924452
v 3.058042 2.602937 -4.945312
v 3.310000 3.016473 -6.149498
v 3.058041 3.430008 -7.353685
v 2.340523 3.780586 -8.374544
v 1.266681 4.014835 -9.056660
v 2.340524 3.104986 -3.531211
v 3.058042 3.653886 -4.460603
v 3.310000 4.301357 -5.556896
v 3.058041 4.948828 -6.653188
v 2.340523 5.497727 -7.582580
v 1.266681 5.864490 -8.203579
v 2.340524 3.890551 -2.952622
v 3.058042 4.615300 -3.752497
v 3.310000 5.470200 -4.696013
v 3.058041 6.325100 -5.639530
v 2.340523 7.049848 -6.439404
v 1.266681 7.534109 -6.973862
v 2.340524 4.568769 -2.199769
v 3.058042 5.439696 -2.837379
v 3.310000 6.467024 -3.589492
v 3.058041 7.494352 -4.341604
v 2.340523 8.365278 -4.979214
v 1.266681 8.947212 -5.405251
v 2.340524 5.101104 -1.292484
v 3.058042 6.082552 -1.741726
v 3.310000 7.240251 -2.271644
v 3.058041 8.397948 -2.801561
v 2.340523 9.379396 -3.250803
v 1.266681 10.035178 -3.550976
v 2.340524 5.452671 -0.259094
v 3.058042 6.504461 -0.501576
v 3.310000 7.745133 -0.787603
v 3.058041 8.985805 -1.073630
v 2.340523 10.037594 -1.316112
v 1.266681 10.740376 -1.478133
v 2.340524 5.594100 0.864252
v 3.058042 6.673172 0.838458
v 3.310000 7.946023 0.808031
v 3.058041 9.218875 0.777605
v 2.340523 10.297945 0.751811
v 1.266681 11.018957 0.734576
v 2.340524 5.503280 2.034662
v 3.058042 6.565455 2.226612
v 3.310000 7.818376 2.453031
v 3.058041 9.071297 2.679451
v 2.340523 10.133471 2.871399
v 1.266681 10.843193 2.999655
v 1.266683 4.497507 2.935463
v 2.340524 5.166884 3.203960
v 3.058042 6.168678 3.605794
v 3.310000 7.350374 4.079790
v 3.058041 8.532069 4.553786
v 2.340523 9.533862 4.955620
v 1.266681 10.203238 5.224116
v 1.266682 3.979986 3.922748
v 2.340524 4.581613 4.320493
v 3.058042 5.482011 4.915761
v 3.310000 6.544103 5.617928
v 3.058041 7.606194 6.320095
v 2.340523 8.506592 6.915362
v 1.266681 9.108217 7.313107
v 1.266682 3.245805 4.820516
v 2.340524 3.755051 5.331226
v 3.058042 4.517191 6.095558
v 3.310000 5.416196 6.997149
v 3.058041 6.315202 7.898739
v 2.340523 7.077341 8.663071
v 1.266681 7.586586 9.173779
v 1.266682 2.310074 5.581268
v 2.340524 2.706091 6.184035
v 3.058042 3.298771 7.086139
v 3.310000 3.997885 8.150242
v 3.058041 4.696999 9.214346
v 2.340523 5.289679 10.116448
v 1.266681 5.685694 10.719213
v 1.266682 1.198305 6.159980
v 2.340524 1.464879 6.830125
v 3.058042 1.863835 7.833068
v 3.310000 2.334435 9.016121
v 3.058041 2.805036 10.199172
v 2.340523 3.203991 11.202114
v 1.266681 3.470565 11.872258
v 1.266682 -0.053984 6.516360
v 2.340524 0.072234 7.226448
v 3.058042 0.261132 8.289170
v 3.310000 0.483953 9.542737
v 3.058041 0.706774 10.796303
v 2.340522 0.895672 11.859024
v 1.266681 1.021889 12.569111
v 1.266682 -1.402142 6.617080
v 2.340524 -1.421447 7.338040
v 3.058042 -1.450340 8.417033
v 3.310000 -1.484421 9.689793
v 3.058041 -1.518503 10.962551
v 2.340522 -1.547396 12.041543
v 1.266681 -1.566701 12.762502
v 1.266682 -2.793755 6.437814
v 2.340524 -2.957794 7.140130
v 3.058042 -3.203295 8.191220
v 3.310000 -3.492883 9.431066
v 3.058040 -3.782471 10.670910
v 2.340522 -4.027972 11.721999
v 1.266681 -4.192010 12.424314
v 1.266682 -4.170473 5.965029
v 2.340524 -4.472529 6.619948
v 3.058042 -4.924588 7.600103
v 3.310000 -5.457827 8.756274
v 3.058040 -5.991066 9.912446
v 2.340522 -6.443125 10.892600
v 1.266681 -6.745180 11.547518
v 1.266682 -5.470239 5.197386
v 2.340524 -5.897946 5.778095
v 3.058042 -6.538054 6.647188
v 3.310000 -7.293114 7.672352
v 3.058040 -8.048174 8.697516
v 2.340522 -8.688282 9.566608
v 1.266680 -9.115988 10.147316
v 1.266682 -6.629843 4.146695
v 2.340524 -7.165690 4.629420
v 3.058042 -7.967643 5.351870
v 3.310000 -8.913610 6.204056
v 3.058040 -9.859578 7.056243
v 2.340522 -10.661530 7.778691
v 1.266680 -11.197376 8.261415
v 1.266682 -7.587711 2.838320
v 2.340523 -8.209762 3.203298
v 3.058041 -9.140726 3.749527
v 3.310000 -10.238873 4.393847
v 3.058040 -11.337021 5.038168
v 2.340522 -12.267984 5.584395
v 1.266680 -12.890035 5.949373
v 1.266682 -8.286818 1.310997
v 2.340523 -8.969604 1.543287
v 3.058041 -9.991467 1.890932
v 3.310000 -11.196836 2.301008
v 3.058040 -12.402205 2.711084
v 2.340522 -13.424067 3.058730
v 1.266680 -14.106852 3.291019
v 1.266682 -8.677577 -0.383963
v 2.340523 -9.393147 -0.293872
v 3.058041 -10.464072 -0.159043
v 3.310000 -11.727316 0.000000
v 3.058040 -12.990559 0.159043
v 2.340522 -14.061482 0.293873
v 1.266680 -14.777051 0.383963
v 1.266682 -8.728040 -2.495000
v 2.340523 -9.445353 -2.477854
v 3.058041 -10.518888 -2.452192
v 3.310000 -11.785210 -2.421922
v 3.058040 -13.051530 -2.391651
v 2.340522 -14.125065 -2.365990
v 1.266680 -14.842377 -2.348843
v 2.585161 4.137653 -3.225338
v 2.618514 3.772018 -3.556632
v 2.585161 4.525154 -2.795194
v 2.743705 0.018932 -4.679603
v 2.651024 2.404069 -4.366220
v 2.713599 0.463060 -4.712783
v 2.773050 -0.900106 -4.471638
v 2.743705 -0.482578 -4.590459
v 2.801653 -1.736767 -4.092757
v 2.829533 -2.795267 -3.233786
v 3.050780 -2.252312 2.602253
v 2.682712 1.438629 -4.640418
v 2.801653 -2.141226 -3.827028
v 2.958709 -3.715429 0.582118
v 2.934180 -3.864165 -0.607978
v 2.958709 -3.808662 0.177708
v 2.909014 -3.835363 -0.979142
v 2.934179 -3.853990 -0.182318
v 3.249429 -0.783981 -0.200145
v 3.250961 -0.788580 -0.070390
v 3.250961 -0.789869 -0.124276
v 3.249429 -0.768102 -0.288013
v 3.251858 -0.782217 0.006985
v 3.247858 -0.712414 -0.448063
v 3.247858 -0.746518 -0.363041
v 3.246246 -0.623397 -0.597402
v 3.246246 -0.675228 -0.519004
v 3.244593 -0.503099 -0.729095
v 3.244593 -0.571377 -0.661013
v 3.242896 -0.437685 -0.782277
v 3.242896 -0.355010 -0.836594
v 3.241156 -0.183990 -0.914041
v 3.241138 -0.277531 -0.876925
v 3.239370 0.003870 -0.956551
v 3.239370 -0.098643 -0.938329
v 3.237538 0.201435 -0.960474
v 3.237538 0.094653 -0.963333
v 3.235658 0.400787 -0.923615
v 3.235658 0.294068 -0.948541
v 3.233730 0.593510 -0.845404
v 3.233730 0.491412 -0.892493
v 3.231752 0.771032 -0.727006
v 3.231752 0.678155 -0.795412
v 3.229722 0.924980 -0.571361
v 3.229722 0.845771 -0.659287
v 3.227640 0.986102 -0.487873
v 3.227640 1.047544 -0.383155
v 3.225504 1.091726 -0.286632
v 3.225504 1.131844 -0.168709
v 3.223312 1.156310 -0.062584
v 3.223312 1.172273 0.064207
v 3.221064 1.174943 0.175908
v 3.277202 -0.469129 0.096409
v 3.293492 -0.750068 0.154143
v 1.102385 -8.255719 1.300417
v 0.714791 -8.568097 -0.397747
v 2.216678 3.696319 5.272326
v 2.308368 4.563597 4.308583
v 2.340523 4.680720 4.131423
v 2.308368 4.125141 4.844734
v 2.216678 3.144972 5.720573
v 2.122610 2.625727 6.061716
v 2.366068 4.889123 3.816194
v 2.340522 1.924991 6.262322
v 2.026102 1.386826 6.633905
v 2.122610 1.979086 6.398313
v 1.825511 -1.412188 6.992269
v 2.340522 0.630521 6.630707
v 2.340522 -0.734104 6.732656
v 1.721298 -2.863202 6.735143
v 1.721298 -3.627044 6.472828
v 1.614381 -4.268276 6.177084
v 1.614381 -4.981717 5.755726
v 1.825512 -2.192948 6.891693
v 1.927091 0.023640 6.953062
v 1.504690 -6.194981 4.755317
v 2.340523 4.109892 4.829442
v 2.340523 3.099300 5.651058
v 1.927091 -0.741537 7.010227
v 1.504691 -5.565037 5.326096
v 2.404960 5.416739 2.684279
v 2.550943 5.124756 -1.874459
v 2.340522 -5.777901 4.379585
v 2.340522 -2.114275 6.554865
v 2.340522 -3.452866 6.095174
v 2.340522 -4.692498 5.363046
v 1.392155 -7.207630 3.499407
v 2.340522 -6.658265 3.177076
v 2.366068 5.202549 3.218266
v 2.026102 0.667478 6.838620
v 2.340522 -7.289495 1.798043
v 2.340522 -7.636269 0.293873
v 1.266680 -8.351837 0.383963
v 2.340522 -7.673820 -1.276996
v 1.266680 -8.392876 -1.332793
v 1.266682 -7.587711 2.838320
v 1.266680 -7.960185 2.024583
v 0.494244 -8.546852 -1.344741
v 0.902450 -8.424090 0.393060
v 1.392155 -6.692454 4.203099
v 2.442870 5.698396 1.500042
v 2.479820 5.656861 -0.306169
v 2.479820 5.734954 0.314110
v 2.404961 5.598668 2.051900
v 2.550943 4.824176 -2.386753
v 2.442870 5.748017 0.860573
v 2.515837 5.340903 -1.402248
v 2.515836 5.537169 -0.825349
v 2.340523 4.478145 4.379136
v 1.102385 -8.255719 1.300417
v 0.714791 -8.568097 -0.397747
v 2.942590 -1.295609 3.053270
v 2.942574 -1.641657 2.934296
v 2.865780 -3.455347 1.300786
v 2.865399 -3.623576 0.930117
v 2.889084 -3.044287 1.920426
v 2.888704 -3.277647 1.599461
v 2.911800 -2.530132 2.431467
v 2.911420 -2.815937 2.170740
v 2.940274 -1.837979 2.860051
v 2.712314 -2.481238 -3.582976
v 2.739869 -3.328644 -2.549427
v 2.739489 -3.072591 -2.934357
v 2.766357 -3.678976 -1.781123
v 2.791795 -3.783304 -1.410816
v 2.765977 -3.509978 -2.198927
v 2.565493 1.963820 -4.543972
v 2.656211 -1.376293 -4.311107
v 2.946573 -1.299706 3.067360
v 2.533805 2.911723 -4.160206
v 2.596380 0.983365 -4.724396
v 2.501676 3.329294 -3.916049
v 1.220760 -8.838874 -2.492351
v 2.255671 -9.530181 -2.475826
v 2.947176 -10.564797 -2.451094
v 3.190000 -11.785210 -2.421922
v 2.947175 -13.005621 -2.392749
v 2.255669 -14.040236 -2.368017
v 1.220758 -14.731543 -2.351493
v 2.468322 4.154046 -3.247248
v 2.501295 3.784927 -3.578839
v 2.485227 4.471395 -2.756166
v 2.626486 0.011730 -4.704259
v 2.534185 2.410493 -4.392819
v 2.596761 0.458474 -4.739760
v 2.655831 -0.912123 -4.494340
v 2.626867 -0.492501 -4.615960
v 2.684434 -1.753109 -4.112575
v 2.712694 -2.817980 -3.249048
v 2.933561 -2.262908 2.625652
v 2.565874 1.439567 -4.667766
v 2.684814 -2.160402 -3.846550
v 2.841870 -3.740395 0.593320
v 2.816961 -3.889627 -0.604593
v 2.841490 -3.832922 0.186150
v 2.792175 -3.862724 -0.978694
v 2.817341 -3.880700 -0.176371
v 2.150010 3.633377 5.194906
v 2.241700 4.486359 4.245419
v 2.242219 4.627445 4.087856
v 2.241463 4.055207 4.773790
v 2.149773 3.090750 5.637004
v 2.055942 2.579658 5.973212
v 2.266134 4.833854 3.779336
v 1.959434 1.359515 6.537939
v 2.055705 1.942797 6.305540
v 1.758843 -1.399441 6.893310
v 1.654631 -2.830794 6.640775
v 1.654393 -3.584805 6.382608
v 1.547714 -4.217535 6.091172
v 1.547476 -4.922181 5.675856
v 1.758607 -2.169734 6.794817
v 1.860421 0.016206 6.853563
v 1.437785 -6.120586 4.689066
v 2.256216 4.049595 4.768971
v 1.860186 -0.738300 6.910662
v 1.438022 -5.498042 5.252156
v 2.305026 5.355181 2.659302
v 2.451009 5.064242 -1.847052
v 1.325712 -7.121033 3.449545
v 2.266293 5.143499 3.187314
v 1.959197 0.650607 6.740441
v 1.207932 -7.492569 2.794771
v 1.200089 -7.865453 1.993096
v 0.470755 -8.430248 -1.328873
v 0.871321 -8.308658 0.382754
v 1.325487 -6.611947 4.144159
v 2.342936 5.633071 1.487967
v 2.380044 5.590714 -0.297841
v 2.379886 5.668536 0.315432
v 2.305185 5.534596 2.033468
v 2.451167 4.766674 -2.353015
v 2.343093 5.681548 0.855415
v 2.416061 5.277786 -1.380776
v 2.415902 5.472375 -0.810685
v 2.255670 4.412459 4.325419
v 1.037270 -8.157350 1.278427
v 0.681323 -8.452880 -0.399977
v 2.340524 5.548690 1.449457
v 3.127834 2.181084 -1.079087
v 1.266682 0.443652 0.192896
v 2.340524 1.025587 -0.233142
v 3.058042 1.896514 -0.870752
v 1.266682 0.478499 0.252288
v 2.340524 1.134283 -0.047886
v 1.266682 0.506449 0.334442
v 2.340524 1.209233 0.172421
v 1.266682 0.519585 0.438780
v 2.340524 1.240598 0.421545
v 1.266682 0.509990 0.562429
v 2.340524 1.219713 0.690685
v 1.266682 0.470352 0.700209
v 2.340524 1.139729 0.968706
v 1.266682 0.394574 0.844772
v 2.340524 0.996201 1.242518
v 1.266682 0.278355 0.986887
v 2.340524 0.787601 1.497597
v 1.266682 0.119695 1.115878
v 2.340524 0.515712 1.718644
v 1.266682 -0.080696 1.220188
v 2.340524 0.185878 1.890333
v 1.266682 -0.319134 1.288043
v 2.340524 -0.192916 1.998132
v 1.266682 -0.588850 1.308193
v 2.340524 -0.608156 2.029154
v 1.266682 -0.880059 1.270680
v 2.340524 -1.044098 1.972996
v 1.266682 -1.180215 1.167602
v 2.340524 -1.482271 1.822521
v 1.266682 -1.474455 0.993824
v 2.340524 -1.902162 1.574533
v 1.266682 -1.746214 0.747589
v 2.340524 -2.282062 1.230314
v 1.266682 -1.977992 0.430999
v 2.340524 -2.600042 0.795977
v 1.266682 -2.152245 0.050311
v 2.340524 -2.835032 0.282600
v 1.266682 -2.252363 -0.383963
v 2.340524 -2.967933 -0.293872
v 1.266682 -2.263675 -0.857184
v 2.340524 -2.982733 -0.912981
v 1.266682 -2.174445 -1.350952
v 2.340524 -2.867551 -1.550352
v 1.266682 -1.976795 -1.843702
v 2.340524 -2.615575 -2.178541
v 1.266682 -1.667511 -2.311523
v 2.340524 -2.225812 -2.768094
v 1.266682 -1.248662 -2.729171
v 2.340524 -1.703628 -3.288780
v 1.266682 -0.728011 -3.071238
v 2.340524 -1.061015 -3.710976
v 1.266682 -0.119157 -3.313431
v 2.340524 -0.316566 -4.007107
v 1.266682 0.558604 -3.433903
v 2.340524 0.504872 -4.153117
v 1.266682 1.280717 -3.414566
v 2.340524 1.372861 -4.129874
v 1.266682 2.018110 -3.242335
v 2.340524 2.252359 -3.924452
v 1.266682 2.738223 -2.910210
v 2.340524 3.104986 -3.531211
v 1.266682 3.406290 -2.418163
v 2.340524 3.890551 -2.952622
v 1.266682 3.986834 -1.773731
v 2.340524 4.568769 -2.199769
v 1.266683 4.445320 -0.992310
v 2.340524 5.101104 -1.292484
v 1.266683 4.749887 -0.097073
v 2.340524 5.452671 -0.259094
v 1.266683 4.873088 0.881487
v 2.340524 5.594100 0.864252
v 3.130027 -0.000567 -0.002495
v 3.190228 -0.488332 -0.007208
v 3.016937 1.499370 -1.760533
v 3.190138 -0.486678 -0.100799
v 3.190010 1.501085 0.833385
v 3.190146 -0.468247 -0.201798
v 2.983238 2.360098 1.457369
v 3.190155 -0.428875 -0.299489
v 3.021312 1.086093 -1.975113
v 3.190163 -0.369142 -0.389536
v 3.190171 -0.290523 -0.467697
v 3.190010 1.336418 1.147524
v 3.190179 -0.195377 -0.530016
v 2.977868 2.070584 1.951869
v 3.190188 -0.086891 -0.573002
v 3.190196 0.031012 -0.593804
v 3.190204 0.153800 -0.590368
v 3.190010 1.581708 -0.160656
v 3.190212 0.276494 -0.561561
v 2.942590 -1.295609 3.053270
v 3.190220 0.393857 -0.507277
v 2.942574 -1.641657 2.934296
v 3.190228 0.500601 -0.428486
v 2.948853 -0.637908 3.169576
v 3.190236 0.591614 -0.327257
v 2.948836 -0.991666 3.123875
v 3.190244 0.662183 -0.206724
v 2.954957 0.012904 3.151567
v 3.190252 0.708219 -0.071009
v 2.954940 -0.333839 3.177342
v 3.190259 0.726463 0.074898
v 2.960890 0.304761 3.099308
v 3.190267 0.714670 0.225310
v 2.960906 0.630782 3.006663
v 3.190274 0.671756 0.374050
v 2.966689 0.899200 2.899485
v 3.088923 0.538077 1.239074
v 3.190282 0.597908 0.514682
v 2.966705 1.192316 2.747056
v 3.190304 0.212560 0.825320
v 3.190289 0.494644 0.640777
v 3.086302 0.284806 1.356308
v 3.190297 0.364816 0.746186
v 3.088922 0.405689 1.307380
v 3.072135 -1.265449 0.972933
v 3.190311 0.043187 0.873413
v 3.072136 -1.137077 1.089974
v 3.190318 -0.136979 0.886771
v 3.075115 -1.017283 1.177234
v 3.190325 -0.320819 0.862989
v 3.075116 -0.871761 1.263804
v 3.190332 -0.500684 0.801119
v 3.078020 -0.740254 1.323595
v 3.190338 -0.668685 0.701787
v 3.078021 -0.584334 1.377709
v 3.190345 -0.817027 0.567254
v 3.080851 -0.447036 1.408974
v 3.190351 -0.938339 0.401400
v 3.080852 -0.287554 1.430061
v 3.190209 -1.027754 0.213540
v 3.083611 -0.150329 1.432952
v 3.190073 -1.080303 0.002291
v 3.091479 0.756890 1.077443
v 3.083612 0.006076 1.421807
v 3.190010 -1.087622 -0.223593
v 3.091478 0.643884 1.168623
v 3.041586 -0.969432 -1.730129
v 3.190010 -1.046855 -0.449445
v 3.093970 0.934088 0.880183
v 3.041584 -0.786311 -1.849796
v 3.190010 -0.959238 -0.667878
v 3.093969 0.844075 0.989403
v 3.045338 -1.265081 -1.461646
v 3.190010 -0.826074 -0.869301
v 3.096398 1.064563 0.657073
v 3.045337 -1.113714 -1.611819
v 3.190010 -0.650649 -1.044223
v 3.096397 1.000040 0.779005
v 3.048995 -1.494674 -1.147292
v 3.190010 -0.438226 -1.183785
v 3.101070 1.164992 0.305389
v 3.048994 -1.379609 -1.320363
v 3.190010 -0.195923 -1.280170
v 3.098765 1.145356 0.418448
v 3.052561 -1.652199 -0.802104
v 3.190010 0.067485 -1.326989
v 3.056034 -1.699221 -0.635827
v 3.052559 -1.576285 -0.989917
v 3.190010 0.341872 -1.319642
v 3.059422 -1.747114 -0.273631
v 3.056036 -1.734864 -0.441618
v 3.190010 0.616105 -1.255590
v 3.059423 -1.743053 -0.081214
v 3.062723 -1.721769 0.081578
v 3.190010 0.878470 -1.134584
v 3.062724 -1.680151 0.264496
v 3.190010 1.106056 1.429213
v 3.029734 0.208174 -2.131387
v 3.190010 1.117147 -0.958792
v 3.065941 -1.627869 0.415744
v 3.037736 -0.616877 -1.938873
v 3.190010 1.320703 -0.732836
v 3.065942 -1.552256 0.582227
v 2.977851 1.871752 2.194799
v 3.025577 0.649402 -2.098894
v 3.190010 1.478603 -0.463718
v 2.983221 2.217913 1.728339
v 2.988472 2.539498 0.928390
v 3.069077 -1.472643 0.716368
v 3.190010 0.816377 1.664724
v 2.988456 2.456903 1.215019
v 3.190010 1.622733 0.165204
v 3.069079 -1.367797 0.860491
v 2.972358 1.677541 2.388984
v 2.993558 2.584368 0.677986
v 3.190010 1.596665 0.501153
v 3.190010 0.476623 1.841576
v 2.993575 2.606992 0.388096
v 3.003379 2.510741 -0.376512
v 3.037735 -0.408143 -2.021325
v 3.008104 2.323458 -0.852232
v 2.998531 2.600690 0.140194
v 2.998548 2.565413 -0.141041
v 3.021311 1.311650 -1.870491
v 3.003396 2.421876 -0.638124
v 3.098763 1.107663 0.547521
v 3.025576 0.885280 -2.043248
v 2.972341 1.427575 2.592041
v 3.029733 0.444299 -2.124526
v 3.016935 1.704443 -1.608822
v 3.007944 2.184942 -1.082477
v 3.190010 -1.114997 1.788493
v 3.190010 0.098661 1.949138
v 3.190010 -1.489884 1.567085
v 3.190010 -0.303388 1.979175
v 3.012446 2.045130 -1.264738
v 3.033786 -0.219473 -2.075831
v 2.947632 -2.217956 2.555608
v 3.190010 -0.713633 1.926328
v 3.012448 1.870365 -1.459540
v 3.086300 0.137660 1.397623
v 3.033785 0.007318 -2.115597
v 3.190010 -1.820902 1.267157
v 2.947632 -2.733059 2.088885
v 2.865780 -3.455347 1.300786
v 3.190010 -2.091618 0.897380
v 2.947632 -3.150515 1.518671
v 2.865399 -3.623576 0.930117
v 3.190010 -2.287307 0.469862
v 2.947632 -3.449594 0.865281
v 2.889084 -3.044287 1.920426
v 3.190010 -2.395673 -0.000187
v 2.947632 -3.613765 0.153171
v 2.888704 -3.277647 1.599461
v 3.190010 -2.407500 -0.494945
v 2.947632 -3.631528 -0.589926
v 2.911800 -2.530132 2.431467
v 3.190010 -2.317206 -0.994595
v 2.947632 -3.497059 -1.334027
v 2.911420 -2.815937 2.170740
v 3.190010 -2.123277 -1.478072
v 2.947632 -3.210651 -2.048059
v 2.933942 -1.938837 2.818569
v 3.190010 -1.828537 -1.923892
v 2.947632 -2.778915 -2.701098
v 2.940274 -1.837979 2.860051
v 3.190010 -1.440267 -2.311049
v 2.947632 -2.214741 -3.263655
v 3.190010 -0.970118 -2.619936
v 2.947632 -1.536980 -3.708942
v 3.190010 -0.433849 -2.833256
v 2.947632 -0.769892 -4.014079
v 3.190010 0.149129 -2.936880
v 2.947632 0.057663 -4.161176
v 3.190010 0.756394 -2.920619
v 2.947632 0.913250 -4.138266
v 3.190010 1.363306 -2.778863
v 2.947632 1.762061 -3.940010
v 3.190010 1.943947 -2.511066
v 2.947632 2.568276 -3.568175
v 3.190010 2.472154 -2.122028
v 2.947632 3.296498 -3.031821
v 1.220232 0.539083 0.136903
v 2.254925 1.098123 -0.275701
v 2.946652 1.935012 -0.893341
v 3.190010 2.922630 -1.621978
v 2.947632 3.913240 -2.347208
v 2.712314 -2.481238 -3.582976
v 1.220029 0.579028 0.206272
v 2.254709 1.210552 -0.082797
v 2.946573 2.156138 -0.515624
v 3.190010 3.272064 -1.026420
v 2.947632 4.388384 -1.537397
v 2.739869 -3.328644 -2.549427
v 1.220029 0.614182 0.309605
v 2.254709 1.290969 0.153577
v 2.946573 2.304326 -0.080044
v 3.190010 3.500231 -0.355750
v 2.947632 4.696559 -0.631554
v 2.739489 -3.072591 -2.934357
v 1.220029 0.630113 0.436138
v 2.254709 1.324453 0.419540
v 2.946573 2.364095 0.394688
v 3.190010 3.591019 0.365359
v 2.947632 4.818377 0.336020
v 2.766357 -3.678976 -1.781123
v 1.220029 0.618788 0.582090
v 2.254709 1.302256 0.705602
v 2.946573 2.325618 0.890537
v 3.190010 3.533331 1.108786
v 2.947632 4.741471 1.327113
v 2.947632 3.981568 3.216194
v 2.791795 -3.783304 -1.410816
v 1.220029 0.572965 0.741368
v 2.254709 1.217580 0.999933
v 2.946573 2.182767 1.387084
v 3.190010 3.321824 1.843977
v 2.947632 4.461284 2.301032
v 2.765977 -3.509978 -2.198927
v 1.220029 0.486801 0.905745
v 2.254709 1.066172 1.288777
v 2.946573 1.933669 1.862293
v 3.190010 2.957438 2.539124
v 2.565493 1.963820 -4.543972
v 2.656211 -1.376293 -4.311107
v 1.220029 0.356420 1.065176
v 2.254709 0.846828 1.556994
v 2.946573 1.581119 2.293397
v 3.190010 2.447686 3.162456
v 2.947632 3.314559 4.031822
v 1.220029 0.180403 1.208279
v 2.254709 0.561770 1.788748
v 2.946573 1.132793 2.657888
v 3.190010 1.806681 3.683596
v 2.947632 2.480807 4.709666
v 1.220029 -0.039831 1.322918
v 2.254709 0.216881 1.968273
v 2.946573 0.601259 2.934568
v 3.190010 1.054879 4.074933
v 2.947632 1.508660 5.215700
v 1.220029 -0.299785 1.396896
v 2.254709 -0.178237 2.080717
v 2.946573 0.003759 3.104606
v 3.190010 0.218540 4.312941
v 2.947632 0.433396 5.521702
v 1.220029 -0.591810 1.418713
v 2.254709 -0.610401 2.113003
v 2.946573 -0.638238 3.152569
v 3.190010 -0.671090 4.379404
v 2.947632 -0.703953 5.606672
v 1.220029 -0.905205 1.378342
v 2.254709 -1.063176 2.054678
v 2.946573 -1.299706 3.067360
v 3.190010 -1.578845 4.262468
v 2.947632 -1.858083 5.457999
v 1.220029 -1.226519 1.267998
v 2.254709 -1.517401 1.898690
v 2.946573 -1.952941 2.843029
v 3.190010 -2.466940 3.957484
v 2.947632 -2.981120 5.072332
v 2.533805 2.911723 -4.160206
v 1.220028 -1.540021 1.082844
v 2.254709 -1.951906 1.642071
v 2.946573 -2.568624 2.479406
v 3.190009 -3.296440 3.467580
v 2.947632 -4.024512 4.456103
v 2.596380 0.983365 -4.724396
v 1.220028 -1.828357 0.821589
v 2.254709 -2.344382 1.286456
v 2.946573 -3.117031 1.982507
v 3.190009 -4.028866 2.803945
v 2.947632 -4.941022 3.625673
v 1.220028 -2.073349 0.486948
v 2.254709 -2.672389 0.838425
v 2.946573 -3.569335 1.364694
v 3.190009 -4.627859 1.985767
v 2.947632 -5.686756 2.607058
v 2.501676 3.329294 -3.916049
v 1.220028 -2.256913 0.085920
v 2.254709 -2.914442 0.309616
v 2.946573 -3.898966 0.644558
v 3.190009 -5.060842 1.039838
v 2.947632 -6.223129 1.435257
v 1.220028 -2.362057 -0.370153
v 2.254709 -3.051156 -0.283395
v 2.946573 -4.082949 -0.153492
v 3.190009 -5.300611 -0.000187
v 2.947632 -6.518703 0.153171
v 1.220028 -2.373904 -0.865737
v 2.254709 -3.066361 -0.919470
v 2.946573 -4.103183 -0.999925
v 3.190009 -5.326779 -1.094872
v 2.947632 -6.550807 -1.189854
v 1.220028 -2.280695 -1.381519
v 2.254709 -2.948161 -1.573542
v 2.946573 -3.947564 -1.861061
v 3.190009 -5.127000 -2.200373
v 2.947632 -6.306853 -2.539805
v 2.256216 -7.307268 -2.827615
v 1.221100 -7.975760 -3.019934
v 1.220028 -2.074718 -1.895031
v 2.254709 -2.689867 -2.217484
v 2.946573 -3.610934 -2.700295
v 3.190009 -4.697925 -3.270081
v 2.947632 -5.785298 -3.840067
v 2.256216 -6.707299 -4.323368
v 1.221100 -7.323394 -4.646316
v 1.220028 -1.753096 -2.381513
v 2.254709 -2.290744 -2.821194
v 2.946573 -3.095768 -3.479531
v 3.190009 -4.045811 -4.256463
v 2.947632 -4.996189 -5.033668
v 2.256216 -5.802029 -5.692673
v 1.221100 -6.340503 -6.133029
v 1.220029 -1.318407 -2.814956
v 2.254709 -1.756542 -3.353864
v 2.946573 -2.412565 -4.160776
v 3.190009 -3.186765 -5.113046
v 2.947632 -3.961239 -6.065651
v 2.256216 -4.617926 -6.873380
v 1.221100 -5.056735 -7.413116
v 1.220029 -0.779059 -3.169307
v 2.254709 -1.099744 -3.785379
v 2.946573 -1.579908 -4.707829
v 3.190010 -2.146570 -5.796452
v 2.947632 -2.713432 -6.885458
v 2.256216 -3.194082 -7.808843
v 1.221100 -3.515260 -8.425862
v 1.220029 -0.149419 -3.419768
v 2.254709 -0.339525 -4.087783
v 2.946573 -0.624172 -5.088007
v 3.190010 -0.960096 -6.268413
v 2.947632 -1.296139 -7.449236
v 2.256216 -1.581074 -8.450474
v 1.221100 -1.771472 -9.119515
v 1.220029 0.550367 -3.544155
v 2.254709 0.498623 -4.236763
v 2.946573 0.421146 -5.273812
v 3.190010 0.329712 -6.497676
v 2.947632 0.238246 -7.721972
v 2.256216 0.160691 -8.760071
v 1.221100 0.108868 -9.453744
v 1.220029 1.294842 -3.524219
v 2.254709 1.383578 -4.213067
v 2.946573 1.516443 -5.244482
v 3.190010 1.673243 -6.461699
v 2.947632 1.830099 -7.679346
v 2.256216 1.963099 -8.711807
v 1.221100 2.051971 -9.401713
v 1.220029 2.054019 -3.346900
v 2.254709 2.279603 -4.003784
v 2.946573 2.617371 -4.987340
v 3.190010 3.015985 -6.148078
v 2.947632 3.414739 -7.309224
v 2.256216 3.752850 -8.293778
v 1.221100 3.978781 -8.951672
v 1.220029 2.794446 -3.005407
v 2.254709 3.147642 -3.603435
v 2.946573 3.676484 -4.498866
v 3.190010 4.300593 -5.555603
v 2.947632 4.924922 -6.612711
v 2.256216 5.454301 -7.509050
v 1.221101 5.808039 -8.107998
v 1.220029 3.480525 -2.500093
v 2.254709 3.946872 -3.014781
v 2.946573 4.645138 -3.785428
v 3.190010 5.469192 -4.694900
v 2.947632 6.293536 -5.604693
v 2.256216 6.992509 -6.376121
v 1.221101 7.459574 -6.891601
v 1.220029 4.076042 -1.839040
v 2.254709 4.636449 -2.249318
v 2.946573 5.475552 -2.863630
v 3.190010 6.465812 -3.588604
v 2.947632 7.456421 -4.313835
v 2.256216 8.296374 -4.928769
v 1.221101 8.857644 -5.339677
v 1.220029 4.545849 -1.038325
v 2.254709 5.177373 -1.327395
v 2.946573 6.122959 -1.760222
v 3.190010 7.238885 -2.271019
v 2.947632 8.355204 -2.781995
v 2.256216 9.301748 -3.215261
v 1.221101 9.934243 -3.504775
v 1.220029 4.857620 -0.121910
v 2.254709 5.534407 -0.277938
v 2.946573 6.547764 -0.511559
v 3.190010 7.743669 -0.787266
v 2.947632 8.939997 -1.063069
v 2.256216 9.954381 -1.296928
v 1.221101 10.632208 -1.453195
v 1.220029 4.983616 0.878845
v 2.254709 5.677956 0.862248
v 2.946573 6.717597 0.837396
v 3.190010 7.944522 0.808067
v 2.947632 9.171879 0.778728
v 2.256216 10.212574 0.753852
v 1.221101 10.907983 0.737229
v 1.220029 4.902354 1.926067
v 2.254709 5.585823 2.049579
v 2.946573 6.609185 2.234514
v 3.190010 7.816898 2.452764
v 2.947632 9.025037 2.671091
v 2.256216 10.049438 2.856213
v 1.221101 10.733956 2.979915
v 1.220029 4.600120 2.976622
v 2.254709 5.244735 3.235187
v 2.946573 6.209922 3.622338
v 3.190010 7.348979 4.079231
v 2.947632 8.488439 4.536285
v 2.256216 9.454605 4.923829
v 1.221101 10.100210 5.182791
v 1.220029 4.072213 3.983720
v 2.254709 4.651584 4.366752
v 2.946573 5.519081 4.940269
v 3.190010 6.542850 5.617100
v 2.947632 7.566980 6.294169
v 2.256216 8.435356 6.868267
v 1.221101 9.015617 7.251887
v 1.220029 3.323870 4.898805
v 2.254709 3.814277 5.390623
v 2.946573 4.548568 6.127026
v 3.190010 5.415136 6.996085
v 2.947632 6.282009 7.865451
v 2.256216 7.017044 8.602600
v 1.221101 7.508205 9.095174
v 1.220029 2.370782 5.673670
v 2.254709 2.752149 6.254138
v 2.946573 3.323171 7.123279
v 3.190010 3.997060 8.148987
v 2.947632 4.671186 9.175057
v 2.256216 5.242788 10.045078
v 1.221101 5.624742 10.626439
v 1.220029 1.239169 6.262710
v 2.254709 1.495882 6.908065
v 2.946573 1.880260 7.874360
v 3.190010 2.333880 9.014725
v 2.947632 2.787660 10.155492
v 2.256216 3.172428 11.122766
v 1.221100 3.429535 11.769113
v 1.220029 -0.034635 6.625213
v 2.254709 0.086914 7.309033
v 2.946573 0.268909 8.332923
v 3.190010 0.483690 9.541258
v 2.947632 0.698547 10.750019
v 2.256216 0.880727 11.774946
v 1.221100 1.002462 12.459818
v 1.220028 -1.405101 6.727600
v 2.254709 -1.423693 7.421890
v 2.946573 -1.451530 8.461455
v 3.190010 -1.484381 9.688291
v 2.947632 -1.517245 10.915559
v 2.256216 -1.545110 11.956178
v 1.221100 -1.563730 12.651535
v 1.220028 -2.818902 6.545475
v 2.254709 -2.976872 7.221811
v 2.946573 -3.213402 8.234494
v 3.190009 -3.492541 9.429603
v 2.947632 -3.771779 10.625133
v 2.256216 -4.008549 11.638842
v 1.221100 -4.166762 12.316216
v 1.220028 -4.216777 6.065425
v 2.254709 -4.507659 6.696117
v 2.946573 -4.943199 7.640456
v 3.190009 -5.457198 8.754910
v 2.947632 -5.971378 9.869759
v 2.256216 -6.407360 10.815055
v 1.221100 -6.698689 11.446716
v 1.220028 -5.535804 5.286406
v 2.254709 -5.947690 5.845634
v 2.946573 -6.564408 6.682969
v 3.190009 -7.292223 7.671143
v 2.947632 -8.020296 8.659665
v 2.256215 -8.637640 9.497849
v 1.221100 -9.050158 10.057936
v 1.220028 -6.711986 4.220695
v 2.254709 -7.228011 4.685563
v 2.946573 -8.000660 5.381613
v 3.190009 -8.912495 6.203051
v 2.947631 -9.824652 7.024779
v 2.256215 -10.598083 7.721534
v 1.221100 -11.114902 8.187117
v 1.220028 -7.683068 2.894269
v 2.254709 -8.282108 3.245746
v 2.946573 -9.179054 3.772015
v 3.190009 -10.237578 4.393087
v 2.947631 -11.296475 5.014379
v 2.256215 -12.194331 5.541180
v 1.221100 -12.794291 5.893198
v 1.220028 -8.391486 1.346606
v 2.254709 -9.049015 1.570303
v 2.946573 -10.033537 1.905245
v 3.190009 -11.195415 2.300525
v 2.947631 -12.357700 2.695944
v 2.256215 -13.343222 3.031226
v 1.221100 -14.001760 3.255266
v 1.220028 -8.787271 -0.370153
v 2.254709 -9.476370 -0.283395
v 2.946573 -10.508162 -0.153492
v 3.190009 -11.725825 -0.000187
v 2.947631 -12.943917 0.153171
v 2.256215 -13.976756 0.283206
v 1.221100 -14.666914 0.370097
v 1.220760 -8.838874 -2.492351
v 2.255671 -9.530181 -2.475826
v 2.947176 -10.564797 -2.451094
v 3.190000 -11.785210 -2.421922
v 2.947175 -13.005621 -2.392749
v 2.255669 -14.040236 -2.368017
v 1.220758 -14.731543 -2.351493
v 2.468322 4.154046 -3.247248
v 2.501295 3.784927 -3.578839
v 2.485227 4.471395 -2.756166
v 2.626486 0.011730 -4.704259
v 2.534185 2.410493 -4.392819
v 2.596761 0.458474 -4.739760
v 2.655831 -0.912123 -4.494340
v 2.626867 -0.492501 -4.615960
v 2.684434 -1.753109 -4.112575
v 2.712694 -2.817980 -3.249048
v 2.933561 -2.262908 2.625652
v 2.565874 1.439567 -4.667766
v 2.684814 -2.160402 -3.846550
v 2.841870 -3.740395 0.593320
v 2.816961 -3.889627 -0.604593
v 2.841490 -3.832922 0.186150
v 2.792175 -3.862724 -0.978694
v 2.817341 -3.880700 -0.176371
v 3.129438 -0.784790 -0.198954
v 3.130961 -0.788524 -0.070143
v 3.130970 -0.789878 -0.122785
v 3.129436 -0.768418 -0.286806
v 3.131987 -0.783481 0.012394
v 3.127865 -0.712966 -0.446945
v 3.127866 -0.747553 -0.362163
v 3.126253 -0.624163 -0.596418
v 3.126254 -0.676418 -0.518352
v 3.124599 -0.504047 -0.728285
v 3.124600 -0.572674 -0.660615
v 3.122904 -0.439036 -0.782148
v 3.122903 -0.356102 -0.835992
v 3.121162 -0.185176 -0.913673
v 3.121146 -0.278879 -0.877079
v 3.119376 0.002629 -0.956427
v 3.119378 -0.099934 -0.938745
v 3.117544 0.200195 -0.960603
v 3.117546 0.093471 -0.963999
v 3.115665 0.399598 -0.923991
v 3.115666 0.293044 -0.949431
v 3.113737 0.592421 -0.846012
v 3.113738 0.490588 -0.893571
v 3.111758 0.770088 -0.727821
v 3.111760 0.677565 -0.796634
v 3.109729 0.924219 -0.572349
v 3.109730 0.845439 -0.660602
v 3.107648 0.986042 -0.489228
v 3.107647 1.046997 -0.384276
v 3.105512 1.091940 -0.287971
v 3.105510 1.131534 -0.169917
v 3.103320 1.156789 -0.063853
v 3.103319 1.172213 0.062961
v 3.101072 1.175668 0.174761
v 3.157501 -0.473692 0.089280
v 3.173733 -0.754409 0.160401
v 1.078858 -8.367120 1.338317
v 0.691264 -8.684847 -0.383048
v 2.241463 4.055207 4.773790
v 2.149773 3.090750 5.637004
v 2.266134 4.833854 3.779336
v 2.256216 1.893427 6.182974
v 2.055705 1.942797 6.305540
v 2.256216 0.615577 6.546629
v 2.256216 -0.731818 6.647292
v 1.654393 -3.584805 6.382608
v 1.547476 -4.922181 5.675856
v 1.758607 -2.169734 6.794817
v 1.437785 -6.120586 4.689066
v 2.256216 4.049595 4.768971
v 2.256216 3.052410 5.579688
v 1.860186 -0.738300 6.910662
v 2.305026 5.355181 2.659302
v 2.451009 5.064242 -1.847052
v 2.256216 -5.714454 4.322428
v 2.256216 -2.094852 6.471707
v 2.256216 -3.417101 6.017629
v 2.256216 -4.641855 5.294287
v 1.325712 -7.121033 3.449545
v 2.256313 -6.584472 3.133910
v 1.959197 0.650607 6.740441
v 2.256419 -7.208461 1.770468
v 2.256305 -7.551469 0.283080
v 1.216431 -8.243556 0.371706
v 2.256216 -7.588680 -1.270390
v 1.219977 -8.282804 -1.322641
v 1.200089 -7.865453 1.993096
v 0.470755 -8.430248 -1.328873
v 0.871321 -8.308658 0.382754
v 2.342936 5.633071 1.487967
v 2.379886 5.668536 0.315432
v 2.415902 5.472375 -0.810685
v 2.255670 4.412459 4.325419
v 1.037270 -8.157350 1.278427
v 0.681323 -8.452880 -0.399977
v 0.609248 -5.861274 4.470864
v 0.748286 -4.679317 5.343354
v 0.856099 -3.379693 5.927691
v 0.944625 -2.065757 6.277553
v 1.001009 -0.746834 6.315462
v 1.049924 0.503196 6.095834
v 1.117925 1.637854 5.647131
v 1.169121 2.618997 5.005392
v 1.223807 3.417852 4.212128
v 1.258406 4.015588 3.312129
v 1.257126 4.403395 2.351274
v 1.257905 4.761352 1.370059
v 2.340524 5.548690 1.449457
vn -0.9974 0.0128 0.0708
vn -0.9810 0.0333 0.1912
vn -0.9808 0.0534 0.1876
vn -0.9810 0.0711 0.1806
vn -0.9975 0.0265 0.0660
vn -0.9810 0.1935 0.0156
vn -0.9808 0.1920 0.0347
vn -0.9810 0.1864 0.0543
vn -0.9999 -0.0120 -0.0035
vn -0.9999 -0.0125 -0.0010
vn -0.9810 -0.0059 0.1940
vn -0.9808 0.0145 0.1945
vn -0.9974 -0.0017 0.0727
vn -0.9808 0.0052 -0.1950
vn -0.9810 -0.0138 -0.1936
vn -0.9999 -0.0009 -0.0125
vn -0.9999 0.0016 -0.0124
vn -0.9810 0.0255 -0.1925
vn -0.8328 0.2338 -0.5018
vn -0.9289 0.1551 -0.3363
vn -0.9778 0.0681 -0.1982
vn -0.9808 0.0444 -0.1900
vn -0.9999 0.0041 -0.0118
vn -0.9810 0.0637 -0.1834
vn -0.9999 0.0064 -0.0108
vn -0.9810 0.0993 -0.1668
vn -0.9808 0.0817 -0.1772
vn -0.9999 0.0084 -0.0093
vn -0.9810 0.1308 -0.1434
vn -0.9808 0.1157 -0.1571
vn -0.9999 0.0046 0.0116
vn -0.9808 0.0901 0.1731
vn -0.9810 0.1060 0.1626
vn -0.9999 0.0069 0.0105
vn -0.9810 0.1570 -0.1141
vn -0.9808 0.1449 -0.1306
vn -0.9999 0.0101 -0.0074
vn -0.9810 0.1927 -0.0236
vn -0.9808 0.1950 -0.0047
vn -0.9999 -0.0124 0.0016
vn -0.9999 0.0022 0.0123
vn -0.9810 0.1499 0.1234
vn -0.9808 0.1378 0.1381
vn -0.9810 0.1220 0.1510
vn -0.9999 -0.0079 -0.0097
vn -0.9999 -0.0097 -0.0079
vn -0.9810 0.1716 0.0907
vn -0.9808 0.1627 0.1076
vn -0.9999 -0.0111 -0.0058
vn -0.9999 -0.0003 0.0125
vn -0.9810 0.1840 -0.0619
vn -0.9808 0.1901 -0.0438
vn -0.9999 -0.0119 0.0040
vn -0.9808 0.1811 0.0726
vn -0.8328 -0.4127 0.3690
vn -0.8328 -0.3291 0.4451
vn -0.9201 -0.2323 0.3154
vn -0.9201 -0.2911 0.2622
vn -0.8315 -0.2825 0.4784
vn -0.9778 -0.1066 0.1804
vn -0.9810 -0.1941 0.0040
vn -0.9808 -0.1945 -0.0151
vn -0.9810 -0.1909 -0.0351
vn -0.9999 0.0123 0.0022
vn -0.9999 0.0125 -0.0003
vn -0.9810 -0.1912 -0.0339
vn -0.9810 -0.1941 0.0053
vn -0.9289 -0.3702 0.0088
vn -0.9289 -0.3644 -0.0659
vn -0.3888 -0.5059 -0.7700
vn -0.7151 -0.3838 -0.5842
vn -0.7151 -0.4936 -0.4950
vn -0.3888 -0.6505 -0.6524
vn -0.9999 -0.0058 -0.0111
vn -0.9810 0.0891 0.1725
vn -0.9808 0.0721 0.1813
vn -0.9810 0.0525 0.1869
vn -0.9999 -0.0034 -0.0120
vn -0.9971 -0.0658 0.0389
vn -0.9810 -0.1678 0.0977
vn -0.9808 -0.1574 0.1152
vn -0.9810 -0.1447 0.1294
vn -0.9971 -0.0561 0.0509
vn -0.9983 -0.0585 -0.0074
vn -0.9810 -0.1840 0.0619
vn -0.9808 -0.1774 0.0812
vn -0.9808 -0.1901 0.0438
vn -0.9994 -0.0291 -0.0191
vn -0.9810 -0.1927 0.0236
vn -0.9808 -0.1950 0.0047
vn -0.9999 -0.0127 -0.0019
vn -0.9810 -0.1935 -0.0157
vn -0.7151 0.1590 -0.6807
vn -0.7151 0.0187 -0.6987
vn -0.3888 0.0247 -0.9210
vn -0.3888 0.2096 -0.8972
vn -0.9808 -0.1920 -0.0347
vn -0.9810 -0.1864 -0.0543
vn -0.9810 0.0058 -0.1940
vn -0.9808 0.0249 -0.1935
vn -0.9810 0.0448 -0.1889
vn -0.9999 -0.0028 0.0122
vn -0.9808 -0.1811 -0.0726
vn -0.9810 -0.1716 -0.0907
vn -0.9810 -0.0334 -0.1912
vn -0.9808 -0.0145 -0.1945
vn -0.9808 -0.1875 -0.0539
vn -0.9810 -0.1799 -0.0729
vn -0.9999 0.0116 0.0047
vn -0.9999 -0.0074 0.0101
vn -0.9999 -0.0093 0.0084
vn -0.9808 -0.1627 -0.1076
vn -0.9810 -0.1499 -0.1234
vn -0.9808 -0.1728 -0.0906
vn -0.9810 -0.1616 -0.1076
vn -0.9999 0.0104 0.0069
vn -0.9808 -0.1510 -0.1235
vn -0.9810 -0.1366 -0.1379
vn -0.9999 0.0088 0.0089
vn -0.9810 -0.0636 0.1834
vn -0.9808 -0.0817 0.1772
vn -0.9810 -0.0993 0.1668
vn -0.9810 0.1799 0.0729
vn -0.9808 0.1875 0.0539
vn -0.9810 0.1909 0.0352
vn -0.9978 0.0656 0.0116
vn -0.9977 0.0628 0.0249
vn -0.9810 -0.1219 -0.1511
vn -0.9808 -0.1378 -0.1381
vn -0.9810 -0.0890 -0.1725
vn -0.9808 -0.1071 -0.1630
vn -0.9808 -0.0721 -0.1813
vn -0.9810 -0.0525 -0.1869
vn -0.3888 0.3859 -0.8366
vn -0.7151 0.2927 -0.6347
vn -0.9289 -0.3089 -0.2042
vn -0.9810 -0.1623 -0.1065
vn -0.9810 -0.1804 -0.0716
vn -0.9289 -0.3437 -0.1379
vn -0.9810 0.1678 -0.0977
vn -0.9808 0.1774 -0.0812
vn -0.9999 -0.0108 0.0063
vn -0.9810 0.1447 -0.1295
vn -0.9808 0.1574 -0.1152
vn -0.9810 -0.0448 0.1889
vn -0.9808 -0.0249 0.1935
vn -0.9973 -0.0165 0.0716
vn -0.9810 0.1768 -0.0802
vn -0.9808 0.1683 -0.0987
vn -0.9999 0.0114 -0.0052
vn -0.9289 -0.2615 -0.2622
vn -0.9810 -0.1375 -0.1370
vn -0.8385 0.1770 -0.5154
vn -0.9808 0.0634 -0.1845
vn -0.9810 0.0435 -0.1892
vn -0.9289 0.0842 -0.3606
vn -0.9810 0.1893 -0.0430
vn -0.9808 0.1847 -0.0628
vn -0.9999 0.0122 -0.0028
vn -0.9999 -0.0052 0.0114
vn -0.9810 0.1941 -0.0040
vn -0.9808 0.1936 -0.0244
vn -0.9808 -0.0634 0.1845
vn -0.9972 -0.0309 0.0675
vn -0.9810 -0.0819 0.1760
vn -0.9808 0.1945 0.0151
vn -0.9810 0.0045 -0.1941
vn -0.9289 0.0099 -0.3702
vn -0.9810 -0.0346 -0.1910
vn -0.9289 -0.0648 -0.3646
vn -0.9810 -0.0712 -0.1806
vn -0.9808 -0.0534 -0.1876
vn -0.9810 -0.0724 -0.1801
vn -0.9289 -0.1369 -0.3441
vn -0.9972 -0.0443 0.0605
vn -0.9810 -0.1157 0.1559
vn -0.9808 -0.0992 0.1680
vn -0.9808 -0.1310 0.1446
vn -0.8315 0.3051 0.4643
vn -0.8328 0.3509 0.4281
vn -0.8328 0.3492 0.4295
vn -0.8328 0.2556 0.4911
vn -0.8328 0.2576 0.4900
vn -0.9810 -0.1061 -0.1626
vn -0.9808 -0.0901 -0.1730
vn -0.9810 -0.1072 -0.1619
vn -0.9289 -0.2033 -0.3095
vn -0.9808 0.1728 0.0906
vn -0.9977 0.0573 0.0376
vn -0.9810 0.1616 0.1076
vn -0.9808 -0.1231 -0.1514
vn -0.9808 0.1510 0.1235
vn -0.9976 0.0492 0.0490
vn -0.9810 0.1366 0.1379
vn -0.9282 -0.3208 0.1882
vn -0.9289 -0.3367 0.1541
vn -0.9810 -0.1762 0.0814
vn -0.9808 -0.1683 0.0987
vn -0.9808 0.1231 0.1514
vn -0.9810 -0.0254 0.1925
vn -0.9808 -0.0444 0.1900
vn -0.9810 0.0819 -0.1760
vn -0.9975 0.0388 0.0586
vn -0.9810 -0.1570 0.1142
vn -0.9810 -0.1768 0.0802
vn -0.9808 0.0341 0.1921
vn -0.9810 0.0138 0.1936
vn -0.9808 0.0992 -0.1680
vn -0.9810 0.1156 -0.1559
vn -0.9289 -0.3609 0.0832
vn -0.9810 -0.1890 0.0443
vn -0.9808 -0.1847 0.0628
vn -0.7151 -0.5831 -0.3855
vn -0.3888 -0.7686 -0.5081
vn -0.9201 -0.3379 0.1982
vn -0.7588 -0.5940 -0.2672
vn -0.3871 -0.8166 -0.4281
vn -0.9201 -0.3709 0.1262
vn -0.9201 -0.3887 0.0489
vn -0.7151 0.5193 -0.4679
vn -0.7151 0.4145 -0.5628
vn -0.3888 0.5464 -0.7418
vn -0.3888 0.6845 -0.6167
vn -0.9201 -0.3906 -0.0303
vn -0.9201 -0.3765 -0.1083
vn -0.9201 -0.3470 -0.1819
vn -0.9201 -0.3033 -0.2480
vn -0.9201 -0.2471 -0.3040
vn -0.9201 -0.1809 -0.3475
vn -0.8328 0.5518 0.0450
vn -0.8315 0.5467 0.0988
vn -0.8328 0.5314 0.1551
vn -0.9289 0.3559 0.1024
vn -0.9289 0.3692 0.0286
vn -0.9201 -0.1072 -0.3768
vn -0.9201 -0.0292 -0.3907
vn -0.9201 0.0501 -0.3885
vn -0.9808 -0.1157 0.1571
vn -0.9810 -0.1308 0.1434
vn -0.9201 0.1272 -0.3705
vn -0.9201 0.1992 -0.3373
vn -0.8315 -0.3295 0.4473
vn -0.8328 -0.2796 0.4778
vn -0.8328 -0.2815 0.4767
vn -0.8328 -0.3717 0.4102
vn -0.9201 0.2630 -0.2903
vn -0.9289 -0.1203 0.3502
vn -0.8328 -0.1818 0.5229
vn -0.8315 -0.2327 0.5045
vn -0.8328 -0.2834 0.4756
vn -0.9289 -0.1883 0.3189
vn -0.9201 0.3161 -0.2314
vn -0.8328 -0.5034 0.2304
vn -0.8328 -0.5394 0.1244
vn -0.8315 -0.4792 0.2812
vn -0.9201 0.3562 -0.1630
vn -0.9808 0.1071 0.1630
vn -0.9201 0.3817 -0.0880
vn -0.8328 0.3733 -0.4088
vn -0.8328 0.2833 -0.4756
vn -0.8328 -0.5534 0.0132
vn -0.9201 0.3916 -0.0094
vn -0.8328 -0.5448 -0.0984
vn -0.9808 -0.1449 0.1306
vn -0.9201 0.3855 0.0697
vn -0.8328 -0.5138 -0.2061
vn -0.9201 0.3636 0.1458
vn -0.8328 -0.4618 -0.3053
vn -0.9810 -0.1893 0.0430
vn -0.9201 0.3268 0.2160
vn -0.9201 0.2766 0.2774
vn -0.1961 0.9283 -0.3158
vn -0.0000 0.9467 -0.3221
vn -0.0000 0.9922 -0.1249
vn -0.1961 0.9729 -0.1225
vn -0.3888 0.9141 -0.1151
vn -0.3888 0.8722 -0.2967
vn -0.8328 -0.3909 -0.3920
vn -0.8328 0.4479 -0.3253
vn -0.8328 -0.3040 -0.4627
vn -0.9808 -0.0052 0.1950
vn -0.9201 0.2151 0.3274
vn -0.8328 -0.2046 -0.5144
vn -0.9201 0.1448 0.3640
vn -0.8328 -0.0969 -0.5451
vn -0.9808 -0.1936 0.0244
vn -0.9201 0.0686 0.3857
vn -0.8328 0.0148 -0.5534
vn -0.9201 -0.0105 0.3916
vn -0.8328 0.1259 -0.5391
vn -0.9201 -0.0891 0.3815
vn -0.9201 -0.1641 0.3557
vn -0.9289 0.2196 -0.2982
vn -0.9289 0.2751 -0.2479
vn -0.9289 0.3194 -0.1874
vn -0.9289 0.3506 -0.1193
vn -0.9289 0.3674 -0.0463
vn -0.8328 0.4127 -0.3689
vn -0.8315 0.4483 -0.3282
vn -0.8328 0.4786 -0.2783
vn -0.8328 0.4098 -0.3722
vn -0.8328 0.4113 -0.3705
vn -0.8328 0.4775 -0.2802
vn -0.8328 0.4764 -0.2821
vn -0.8328 0.3300 -0.4445
vn -0.8315 0.3730 -0.4117
vn -0.8328 0.3265 -0.4471
vn -0.8328 0.3283 -0.4457
vn -0.9289 0.3280 0.1719
vn -0.7026 -0.6839 -0.1967
vn -0.7026 -0.6303 -0.3304
vn -0.3798 -0.8890 -0.2558
vn -0.3798 -0.8193 -0.4295
vn -0.0000 -0.9610 -0.2765
vn -0.0000 -0.8857 -0.4643
vn -0.8315 0.2825 -0.4784
vn -0.9289 0.2867 0.2344
vn -0.7026 -0.5509 -0.4505
vn -0.3798 -0.7161 -0.5856
vn -0.0000 -0.7741 -0.6331
vn -0.8328 -0.3476 -0.4309
vn -0.8328 -0.4272 -0.3521
vn -0.9289 0.2336 0.2873
vn -0.7026 -0.4489 -0.5522
vn -0.3798 -0.5836 -0.7178
vn -0.0000 -0.6308 -0.7759
vn -0.8328 0.2537 0.4920
vn -0.9289 0.1710 0.3285
vn -0.8328 0.3476 0.4309
vn -0.7026 -0.3286 -0.6312
vn -0.3798 -0.4271 -0.8205
vn -0.0000 -0.4617 -0.8870
vn -0.8315 0.2053 0.5162
vn -0.8328 0.1515 0.5325
vn -0.8328 0.1537 0.5318
vn -0.9289 0.1014 0.3562
vn -0.7026 -0.1948 -0.6845
vn -0.3798 -0.2532 -0.8897
vn -0.0000 -0.2737 -0.9618
vn -0.8328 0.1495 0.5330
vn -0.9289 0.0276 0.3693
vn -0.7026 -0.0530 -0.7097
vn -0.3798 -0.0689 -0.9225
vn -0.0000 -0.0745 -0.9972
vn -0.8315 0.0972 0.5470
vn -0.8328 0.0412 0.5521
vn -0.8328 0.0434 0.5519
vn -0.9289 -0.0473 0.3673
vn -0.7026 0.0909 -0.7058
vn -0.3798 0.1182 -0.9175
vn -0.0000 0.1278 -0.9918
vn -0.7026 0.2311 -0.6730
vn -0.3798 0.3005 -0.8749
vn -0.0000 0.3248 -0.9458
vn -0.7026 0.3619 -0.6127
vn -0.3798 0.4704 -0.7965
vn -0.0000 0.5085 -0.8610
vn -0.8328 0.0391 0.5522
vn -0.9289 -0.2487 0.2744
vn -0.7026 0.4778 -0.5274
vn -0.3798 0.6211 -0.6855
vn -0.0000 0.6714 -0.7411
vn -0.8328 -0.0707 0.5491
vn -0.8328 -0.0685 0.5493
vn -0.8315 -0.0149 0.5554
vn -0.9289 -0.2988 0.2188
vn -0.7026 0.5742 -0.4204
vn -0.3798 0.7464 -0.5464
vn -0.0000 0.8069 -0.5907
vn -0.7026 0.6471 -0.2962
vn -0.3798 0.8411 -0.3850
vn -0.0000 0.9093 -0.4162
vn -0.8328 -0.0729 0.5488
vn -0.7026 0.6934 -0.1599
vn -0.3798 0.9014 -0.2078
vn -0.0000 0.9744 -0.2246
vn -0.7026 0.7114 -0.0170
vn -0.3798 0.9248 -0.0221
vn -0.0000 0.9997 -0.0239
vn -0.8315 0.5156 0.2068
vn -0.8328 0.4893 0.2589
vn -0.8328 0.1818 -0.5229
vn -0.7026 0.7003 0.1266
vn -0.3798 0.9103 0.1645
vn -0.0000 0.9841 0.1778
vn -0.8328 0.4913 0.2551
vn -0.8328 0.5326 0.1509
vn -0.8328 0.5320 0.1531
vn -0.8328 0.4903 0.2570
vn -0.7026 0.6605 0.2649
vn -0.3798 0.8586 0.3444
vn -0.0000 0.9281 0.3723
vn -0.0000 -0.8342 -0.5515
vn -0.8328 0.2298 -0.5036
vn -0.8328 0.2319 -0.5027
vn -0.7026 0.5936 0.3925
vn -0.3798 0.7717 0.5102
vn -0.0000 0.8342 0.5515
vn -0.0000 -0.7061 -0.7081
vn -0.7026 0.5025 0.5039
vn -0.3798 0.6532 0.6550
vn -0.0000 0.7061 0.7081
vn -0.0000 -0.5491 -0.8358
vn -0.7026 0.3908 0.5948
vn -0.3798 0.5079 0.7731
vn -0.0000 0.5491 0.8358
vn -0.0000 -0.3696 -0.9292
vn -0.3888 -0.3405 -0.8561
vn -0.7151 -0.1223 -0.6882
vn -0.7151 -0.2584 -0.6495
vn -0.3888 -0.1612 -0.9071
vn -0.7026 0.2630 0.6612
vn -0.3798 0.3419 0.8595
vn -0.0000 0.3696 0.9292
vn -0.0000 -0.1750 -0.9846
vn -0.7026 0.1245 0.7006
vn -0.3798 0.1619 0.9108
vn -0.0000 0.1750 0.9846
vn -0.0000 0.0268 -0.9996
vn -0.7026 -0.0190 0.7114
vn -0.3798 -0.0248 0.9247
vn -0.0000 -0.0268 0.9996
vn -0.0000 0.2274 -0.9738
vn -0.7026 -0.1619 0.6930
vn -0.3798 -0.2104 0.9008
vn -0.0000 -0.2274 0.9738
vn -0.0000 0.4188 -0.9081
vn -0.7026 -0.2980 0.6462
vn -0.3798 -0.3874 0.8400
vn -0.0000 -0.4188 0.9081
vn -0.0000 0.5930 -0.8052
vn -0.7026 -0.4220 0.5730
vn -0.3798 -0.5486 0.7448
vn -0.0000 -0.5930 0.8052
vn -0.0000 0.7430 -0.6693
vn -0.7026 -0.5287 0.4763
vn -0.3798 -0.6873 0.6192
vn -0.0000 -0.7430 0.6693
vn -0.0000 0.8625 -0.5061
vn -0.3888 0.7946 -0.4662
vn -0.7151 0.6029 -0.3537
vn -0.7026 -0.6138 0.3601
vn -0.3798 -0.7979 0.4681
vn -0.0000 -0.8625 0.5061
vn -0.7026 -0.6737 0.2292
vn -0.3798 -0.8758 0.2979
vn -0.0000 -0.9467 0.3221
vn -0.7151 0.6618 -0.2251
vn -0.7151 0.6935 -0.0873
vn -0.7026 -0.7061 0.0889
vn -0.3798 -0.9178 0.1156
vn -0.0000 -0.9922 0.1249
vn -0.2856 0.6733 -0.6820
vn -0.5276 0.5116 -0.6781
vn -0.6894 0.2696 -0.6724
vn -0.7462 -0.0159 -0.6655
vn -0.6894 -0.3014 -0.6587
vn -0.5276 -0.5434 -0.6529
vn -0.2856 -0.7051 -0.6491
vn -0.9981 -0.0139 0.0601
vn -0.9998 0.0047 0.0208
vn -0.9988 -0.0479 -0.0033
vn -0.9988 -0.0476 -0.0133
vn -0.9987 -0.0451 -0.0232
vn -0.9986 -0.0405 -0.0327
vn -0.9986 -0.0340 -0.0412
vn -0.9985 -0.0255 -0.0483
vn -0.9984 -0.0156 -0.0536
vn -0.9984 -0.0046 -0.0569
vn -0.9983 0.0071 -0.0578
vn -0.9982 0.0190 -0.0563
vn -0.9982 0.0305 -0.0523
vn -0.9981 0.0411 -0.0459
vn -0.9980 0.0504 -0.0373
vn -0.9980 0.0578 -0.0268
vn -0.9979 0.0630 -0.0148
vn -0.9978 0.0657 -0.0019
vn -0.9975 0.0380 0.0594
vn -0.9980 0.0362 -0.0522
vn -0.9808 0.1310 -0.1446
vn -0.9808 -0.0341 -0.1921
vn -0.8315 0.5554 -0.0133
vn -0.8328 0.5490 -0.0713
vn -0.8328 0.5493 -0.0692
vn -0.8328 0.5519 0.0428
vn -0.8328 0.5521 0.0406
vn -0.8328 0.5495 -0.0670
vn -0.8351 -0.5485 -0.0426
vn -0.8912 -0.4490 -0.0646
vn -0.8328 -0.1777 0.5243
vn -0.8328 -0.1798 0.5236
vn -0.8328 -0.4467 0.3270
vn -0.8328 0.4272 0.3521
vn -0.8315 0.3923 0.3934
vn -0.8328 0.4299 0.3487
vn -0.8328 0.4285 0.3505
vn -0.8315 0.4634 0.3064
vn -0.8328 -0.4893 -0.2589
vn -0.8328 -0.5314 -0.1551
vn -0.8315 -0.1264 0.5410
vn -0.8328 0.0728 -0.5488
vn -0.8328 -0.0391 -0.5522
vn -0.8328 -0.1495 -0.5330
vn -0.8328 -0.2537 -0.4920
vn -0.8328 -0.5495 0.0670
vn -0.8328 -0.5248 0.1763
vn -0.8328 -0.5518 -0.0449
vn -0.8328 -0.4785 0.2783
vn -0.8315 -0.5052 0.2312
vn -0.8328 0.5234 -0.1804
vn -0.8315 0.5052 -0.2312
vn -0.8328 0.5241 -0.1783
vn -0.8328 0.5248 -0.1763
vn -0.8315 0.5414 -0.1248
vn -0.9810 0.0890 0.1725
vn -0.9900 -0.1412 -0.0064
vn -0.9854 0.1505 -0.0798
vn -0.9809 0.1941 -0.0087
vn -0.9811 0.1931 0.0137
vn -0.0000 -0.7619 -0.6477
vn -0.5620 0.6363 -0.5284
vn -0.8315 0.4128 -0.3719
vn 0.3378 0.7426 -0.5784
vn -0.8315 0.3295 -0.4473
vn -0.8315 0.2327 -0.5045
vn -0.8315 0.1264 -0.5410
vn -0.8315 0.0149 -0.5554
vn -0.8315 -0.0972 -0.5470
vn -0.8315 -0.2053 -0.5162
vn -0.8315 -0.3051 -0.4643
vn -0.8315 -0.3923 -0.3934
vn -0.8315 -0.4634 -0.3064
vn -0.8315 -0.5156 -0.2068
vn -0.8315 -0.5467 -0.0988
vn -0.8315 -0.5554 0.0133
vn -0.8315 -0.5414 0.1248
vn -0.8315 -0.4483 0.3282
vn -0.8315 -0.3730 0.4117
vn 0.7904 -0.0496 0.6105
vn 0.2202 -0.0587 0.9737
vn 0.7904 0.0743 0.6080
vn 0.7904 0.1952 0.5806
vn 0.2202 0.3300 0.9179
vn 0.7904 0.3081 0.5294
vn 0.2202 0.5081 0.8327
vn 0.7904 0.4084 0.4566
vn -0.5575 -0.0269 0.8297
vn -0.5575 0.1407 0.8181
vn -0.5575 0.5832 0.5908
vn -0.8270 0.4352 0.3559
vn 0.2202 0.6653 0.7134
vn 0.7940 0.4883 0.3620
vn -0.7017 -0.6149 0.3597
vn -0.4187 -0.9023 0.1021
vn -0.5426 -0.8197 0.1833
vn -0.5566 -0.7892 0.2596
vn -0.7009 -0.6753 0.2298
vn -0.5556 -0.7205 0.4150
vn -0.5575 -0.6199 0.5522
vn -0.7018 -0.7067 0.0899
vn -0.7026 -0.7095 -0.0551
vn -0.3892 -0.9173 -0.0846
vn 0.7904 -0.2864 0.5415
vn 0.2202 -0.4380 0.8716
vn 0.7904 -0.1715 0.5881
vn -0.0000 -0.9841 -0.1778
vn 0.5193 0.7497 -0.4102
vn -0.1777 0.8256 -0.5355
vn 0.2202 -0.2535 0.9419
vn 0.8180 -0.4861 0.3074
vn 0.2772 -0.8436 0.4598
vn 0.8023 -0.4622 0.3777
vn 0.7904 -0.3895 0.4727
vn 0.2202 -0.6045 0.7656
vn -0.8328 0.5399 -0.1223
vn -0.8328 0.5043 -0.2285
vn -0.8328 0.5535 -0.0111
vn -0.8328 0.4605 0.3072
vn -0.8328 0.5130 0.2081
vn -0.8328 0.5444 0.1005
vn 0.5193 0.8507 -0.0813
vn 0.5193 0.8497 0.0917
vn -0.1777 0.9836 0.0322
vn -0.2789 -0.9601 0.0186
vn -0.2594 -0.9619 0.0859
vn 0.2208 -0.7462 0.6281
vn -0.5575 -0.4961 0.6656
vn -0.5575 -0.3519 0.7519
vn -0.5575 -0.1934 0.8073
vn 0.2202 0.1385 0.9656
vn -0.5575 0.3025 0.7731
vn -0.5575 0.4519 0.6964
vn -0.1558 0.8074 0.5691
vn 0.5267 0.7403 0.4178
vn -0.5622 0.6402 0.5235
vn 0.1729 0.7788 0.6029
vn -0.1777 0.8912 0.4174
vn 0.5193 0.8138 0.2608
vn -0.1777 0.9570 0.2295
vn -0.1777 0.9699 -0.1665
vn 0.5193 0.8170 -0.2509
vn -0.1777 0.9165 -0.3583
vn -0.1957 -0.9717 -0.1322
vn -0.0000 0.7301 -0.6834
vn -0.9728 0.0741 -0.2197
vn 0.8617 0.4624 -0.2090
vn 0.9877 0.1250 -0.0937
vn 0.4347 0.7088 -0.5555
vn 0.9405 -0.2696 0.2066
vn 0.8538 -0.3102 0.4182
vn 0.8543 -0.2193 0.4712
vn 0.8548 -0.1198 0.5049
vn 0.8554 -0.0158 0.5177
vn 0.8560 0.0886 0.5094
vn 0.8565 0.1889 0.4803
vn 0.8571 0.2811 0.4316
vn 0.8578 0.3615 0.3655
vn 0.8584 0.4268 0.2847
vn 0.8590 0.4743 0.1926
vn 0.8596 0.5023 0.0931
vn 0.8603 0.5097 -0.0099
vn 0.8610 0.4962 -0.1119
vn 0.8624 0.4100 -0.2970
vn 0.8631 0.3410 -0.3725
vn 0.8551 -0.0274 0.5177
vn 0.8551 0.0774 0.5126
vn 0.9827 0.0875 -0.1635
vn 0.8551 0.1791 0.4865
vn 0.8551 0.2733 0.4405
vn 0.9826 0.0159 -0.1849
vn 0.8551 0.3564 0.3764
vn 0.9826 -0.0217 -0.1844
vn 0.4481 -0.6922 -0.5657
vn 0.8460 0.4365 0.3062
vn 0.9826 -0.0584 -0.1763
vn 0.8551 -0.2293 0.4650
vn 0.8551 -0.1310 0.5016
vn 0.9827 0.1448 -0.1156
vn 0.9767 0.1588 -0.1441
vn 0.5836 0.7107 -0.3928
vn 0.9827 0.1185 -0.1424
vn 0.8472 -0.4464 0.2880
vn 0.8644 -0.3792 0.3303
vn 0.9696 0.2423 -0.0352
vn 0.9827 0.1650 -0.0840
vn 0.8552 -0.3182 0.4092
vn 0.5836 0.8080 -0.0806
vn 0.9767 0.2128 -0.0276
vn 0.5836 0.8077 0.0837
vn 0.9826 0.1788 -0.0495
vn 0.9826 0.0528 -0.1778
vn 0.9884 0.1477 0.0363
vn 0.3796 -0.7104 -0.5927
vn 0.5925 0.7033 0.3927
vn 0.9655 -0.1741 -0.1936
vn 0.9767 0.2066 0.0587
vn 0.5836 0.7743 0.2446
vn 0.9767 0.2141 0.0159
vn 0.9767 0.2029 -0.0698
vn 0.5836 0.7752 -0.2417
vn 0.9767 0.1846 -0.1092
vn -0.0000 -0.0239 -0.9997
vn -0.0000 -0.3426 0.9395
vn 0.9244 -0.2030 0.3230
vn 0.9239 -0.2022 0.3248
vn 0.9391 -0.2457 0.2401
vn 0.9391 -0.2457 0.2404
vn 0.9157 -0.3080 0.2581
vn 0.9163 -0.3058 0.2585
vn 0.8593 -0.4091 0.3070
vn 0.8561 -0.4124 0.3117
vn -0.9417 -0.3355 -0.0260
vn -0.2675 -0.9396 -0.2136
vn -0.0000 -0.9820 -0.1887
vn -0.0000 -0.9093 0.4162
vn -0.3888 -0.8377 0.3835
vn -0.2250 -0.8217 -0.5237
vn -0.5575 -0.7548 0.3455
vn -0.0000 -0.9744 0.2246
vn -0.3888 -0.8978 0.2070
vn -0.5575 -0.8089 0.1865
vn -0.0000 -0.9997 0.0239
vn -0.3888 -0.9211 0.0220
vn -0.5575 -0.8299 0.0198
vn -0.3888 -0.9066 -0.1638
vn -0.5575 -0.8169 -0.1476
vn -0.0000 -0.9281 -0.3723
vn -0.3888 -0.8551 -0.3430
vn -0.5575 -0.7705 -0.3090
vn -0.5575 -0.6925 -0.4578
vn -0.5575 -0.5862 -0.5878
vn -0.5575 -0.4558 -0.6938
vn -0.5575 -0.3068 -0.7714
vn -0.5575 -0.1453 -0.8173
vn -0.5575 0.0222 -0.8298
vn -0.5575 0.1888 -0.8084
vn -0.5575 0.3477 -0.7538
vn -0.5575 0.4923 -0.6684
vn -0.5575 0.6168 -0.5556
vn -0.5575 0.7160 -0.4201
vn -0.5575 0.7859 -0.2674
vn -0.5575 0.8236 -0.1037
vn -0.0000 0.9970 0.0774
vn -0.3888 0.9186 0.0713
vn -0.5575 0.8277 0.0642
vn -0.0000 0.9610 0.2765
vn -0.3888 0.8854 0.2547
vn -0.5575 0.7978 0.2295
vn -0.0000 0.8857 0.4643
vn -0.3888 0.8160 0.4277
vn -0.5575 0.7353 0.3854
vn -0.0000 0.7741 0.6331
vn -0.3888 0.7132 0.5833
vn -0.5575 0.6426 0.5255
vn -0.0000 0.6308 0.7759
vn -0.3888 0.5812 0.7149
vn -0.5575 0.5237 0.6441
vn -0.0000 0.4617 0.8870
vn -0.3888 0.4254 0.8172
vn -0.5575 0.3833 0.7364
vn -0.0000 0.2737 0.9618
vn -0.3888 0.2522 0.8861
vn -0.5575 0.2272 0.7984
vn -0.0000 0.0745 0.9972
vn -0.3888 0.0686 0.9188
vn -0.5575 0.0618 0.8278
vn -0.0000 -0.1278 0.9918
vn -0.3888 -0.1177 0.9138
vn -0.5575 -0.1061 0.8233
vn -0.0000 -0.3248 0.9458
vn -0.3888 -0.2992 0.8714
vn -0.5575 -0.2696 0.7851
vn -0.0000 -0.5085 0.8610
vn -0.3888 -0.4685 0.7933
vn -0.5575 -0.4222 0.7148
vn -0.0000 -0.6714 0.7411
vn -0.3888 -0.6186 0.6828
vn -0.5575 -0.5574 0.6152
vn -0.0000 -0.8069 0.5907
vn -0.3888 -0.7434 0.5442
vn -0.5575 -0.6698 0.4904
vn -0.0000 -1.0000 -0.0082
vn -0.3969 -0.9174 -0.0302
vn -0.6036 -0.7861 -0.1330
vn 0.9975 -0.0125 -0.0690
vn 0.9976 -0.0259 -0.0643
vn 0.9815 -0.0702 -0.1782
vn 0.9813 -0.0527 -0.1851
vn 0.9815 -0.0329 -0.1887
vn 0.9809 -0.1941 -0.0156
vn 0.9999 0.0120 0.0009
vn 0.9999 0.0115 0.0033
vn 0.9809 -0.1869 -0.0544
vn 0.9807 -0.1925 -0.0348
vn 0.9815 0.0058 -0.1915
vn 0.9975 0.0017 -0.0710
vn 0.9813 -0.0143 -0.1920
vn 0.9809 -0.0052 0.1946
vn 0.9811 -0.0253 0.1920
vn 0.9999 -0.0015 0.0117
vn 0.9999 0.0009 0.0118
vn 0.9811 0.0138 0.1932
vn 0.9037 -0.1645 0.3952
vn 0.9765 -0.0683 0.2044
vn 0.9538 -0.1224 0.2743
vn 0.9809 -0.0442 0.1896
vn 0.9811 -0.0635 0.1830
vn 0.9999 -0.0038 0.0112
vn 0.9809 -0.0815 0.1768
vn 0.9811 -0.0990 0.1665
vn 0.9999 -0.0060 0.0102
vn 0.9809 -0.1154 0.1568
vn 0.9811 -0.1305 0.1432
vn 0.9999 -0.0080 0.0088
vn 0.9999 -0.0041 -0.0104
vn 0.9999 -0.0061 -0.0094
vn 0.9813 -0.1051 -0.1611
vn 0.9811 -0.0893 -0.1714
vn 0.9813 -0.0705 -0.1790
vn 0.9811 -0.1557 0.1146
vn 0.9999 -0.0090 0.0074
vn 0.9809 -0.1446 0.1304
vn 0.9809 -0.1932 0.0238
vn 0.9999 0.0119 -0.0015
vn 0.9807 -0.1956 0.0047
vn 0.9999 -0.0020 -0.0111
vn 0.9811 -0.0529 -0.1859
vn 0.9813 -0.0330 -0.1895
vn 0.9809 -0.1503 -0.1237
vn 0.9999 0.0093 0.0076
vn 0.9999 0.0076 0.0093
vn 0.9809 -0.1223 -0.1514
vn 0.9807 -0.1381 -0.1385
vn 0.9809 -0.1721 -0.0909
vn 0.9999 0.0106 0.0056
vn 0.9807 -0.1632 -0.1078
vn 0.9811 -0.0144 -0.1928
vn 0.9813 0.0058 -0.1924
vn 0.9999 0.0003 -0.0113
vn 0.9809 -0.1845 0.0622
vn 0.9999 0.0114 -0.0039
vn 0.9807 -0.1907 0.0440
vn 0.9807 -0.1816 -0.0728
vn 0.9566 0.2248 -0.1854
vn 0.9692 0.1876 -0.1595
vn 0.9783 0.1280 -0.1626
vn 0.9758 0.1379 -0.1694
vn 0.9814 0.0991 -0.1643
vn 0.9810 0.1054 -0.1629
vn 0.9807 0.1957 -0.0041
vn 0.9999 -0.0115 0.0003
vn 0.9999 -0.0114 -0.0020
vn 0.9807 0.1924 0.0354
vn 0.9805 0.1961 0.0152
vn 0.9819 0.1867 0.0329
vn 0.9297 0.3623 0.0654
vn 0.9297 0.3683 -0.0089
vn 0.9818 0.1900 -0.0054
vn 0.9816 0.1902 0.0146
vn 0.3886 0.5059 0.7701
vn 0.3886 0.6506 0.6525
vn 0.7149 0.4937 0.4951
vn 0.7149 0.3839 0.5844
vn 0.9999 0.0056 0.0107
vn 0.9999 0.0033 0.0116
vn 0.9809 -0.0527 -0.1873
vn 0.9807 -0.0723 -0.1817
vn 0.9809 -0.0894 -0.1729
vn 0.9972 0.0641 -0.0372
vn 0.9973 0.0549 -0.0497
vn 0.9814 0.1429 -0.1279
vn 0.9813 0.1555 -0.1138
vn 0.9814 0.1657 -0.0970
vn 0.9984 0.0559 0.0089
vn 0.9812 0.1752 -0.0812
vn 0.9813 0.1822 -0.0622
vn 0.9810 0.1886 -0.0446
vn 0.9812 0.1916 -0.0242
vn 0.9995 0.0271 0.0187
vn 0.9809 0.1943 -0.0052
vn 0.9811 0.1929 0.0153
vn 0.9999 0.0121 0.0019
vn 0.7149 -0.1590 0.6809
vn 0.3886 -0.2096 0.8972
vn 0.3886 -0.0247 0.9211
vn 0.7149 -0.0187 0.6990
vn 0.9809 0.1915 0.0345
vn 0.9811 0.1859 0.0541
vn 0.9999 0.0112 0.0032
vn 0.9999 0.0026 -0.0110
vn 0.9808 -0.0448 0.1896
vn 0.9807 -0.0250 0.1942
vn 0.9808 -0.0058 0.1947
vn 0.9809 0.1806 0.0724
vn 0.9811 0.1712 0.0904
vn 0.9999 0.0104 0.0054
vn 0.9808 0.0336 0.1919
vn 0.9806 0.0146 0.1952
vn 0.9808 0.1917 0.0352
vn 0.9999 -0.0109 -0.0020
vn 0.9999 -0.0103 -0.0041
vn 0.9808 0.1807 0.0731
vn 0.9806 0.1883 0.0541
vn 0.9999 0.0089 -0.0080
vn 0.9999 0.0070 -0.0088
vn 0.9809 0.1624 0.1073
vn 0.9811 0.1495 0.1230
vn 0.9999 0.0091 0.0074
vn 0.9999 -0.0093 -0.0061
vn 0.9808 0.1623 0.1079
vn 0.9806 0.1735 0.0909
vn 0.9999 -0.0079 -0.0079
vn 0.9808 0.1372 0.1384
vn 0.9806 0.1517 0.1239
vn 0.9999 -0.0039 0.0114
vn 0.9999 -0.0061 0.0104
vn 0.9809 0.0994 -0.1672
vn 0.9807 0.0819 -0.1776
vn 0.9809 0.0637 -0.1838
vn 0.9815 -0.1773 -0.0718
vn 0.9978 -0.0610 -0.0241
vn 0.9979 -0.0636 -0.0112
vn 0.9815 -0.1881 -0.0346
vn 0.9813 -0.1847 -0.0532
vn 0.9999 0.0074 0.0091
vn 0.9809 0.1375 0.1378
vn 0.9811 0.1217 0.1506
vn 0.9999 0.0054 0.0104
vn 0.9809 0.1069 0.1626
vn 0.9811 0.0889 0.1721
vn 0.9809 0.0720 0.1808
vn 0.9811 0.0524 0.1864
vn 0.9999 0.0032 0.0113
vn 0.9999 -0.0107 -0.0043
vn 0.9807 0.1813 0.0734
vn 0.9805 0.1890 0.0544
vn 0.3886 -0.3859 0.8367
vn 0.7149 -0.2928 0.6349
vn 0.9300 0.3066 0.2026
vn 0.9299 0.3415 0.1369
vn 0.9820 0.1757 0.0695
vn 0.9819 0.1680 0.0879
vn 0.9821 0.1575 0.1030
vn 0.9809 -0.1682 0.0981
vn 0.9999 0.0103 -0.0061
vn 0.9807 -0.1779 0.0815
vn 0.9999 -0.0097 -0.0064
vn 0.9807 0.1628 0.1084
vn 0.9805 0.1741 0.0913
vn 0.9809 -0.1451 0.1299
vn 0.9807 -0.1579 0.1156
vn 0.9815 0.0442 -0.1864
vn 0.9974 0.0161 -0.0700
vn 0.9813 0.0246 -0.1910
vn 0.9813 -0.1746 0.0804
vn 0.9999 -0.0098 0.0052
vn 0.9811 -0.1659 0.0999
vn 0.9303 0.2591 0.2597
vn 0.9820 0.1461 0.1193
vn 0.9824 0.1327 0.1317
vn 0.9814 -0.1872 0.0425
vn 0.9999 -0.0107 0.0024
vn 0.9812 -0.1826 0.0622
vn 0.9807 -0.0454 0.1900
vn 0.9999 0.0025 -0.0114
vn 0.9999 0.0048 -0.0108
vn 0.9805 -0.0644 0.1855
vn 0.9814 -0.1920 0.0040
vn 0.9999 -0.0110 0.0002
vn 0.9812 -0.1915 0.0241
vn 0.9813 0.0626 -0.1821
vn 0.9815 0.0809 -0.1738
vn 0.9974 0.0302 -0.0660
vn 0.9807 -0.0059 0.1953
vn 0.9999 0.0003 -0.0117
vn 0.9805 -0.0251 0.1948
vn 0.9812 -0.1925 -0.0149
vn 0.9814 -0.1889 -0.0348
vn 0.9964 -0.0082 0.0846
vn 0.9108 -0.0913 0.4026
vn 0.9418 -0.0059 0.3361
vn 0.9915 0.0032 0.1298
vn 0.9812 -0.1856 -0.0534
vn 0.9814 -0.1781 -0.0721
vn 0.9807 0.0336 0.1925
vn 0.9999 -0.0020 -0.0115
vn 0.9805 0.0146 0.1959
vn 0.9327 0.0636 0.3549
vn 0.9846 0.0324 0.1716
vn 0.9855 0.0133 0.1694
vn 0.9807 0.0717 0.1819
vn 0.9999 -0.0043 -0.0108
vn 0.9805 0.0538 0.1889
vn 0.9313 0.1349 0.3384
vn 0.9833 0.0685 0.1686
vn 0.9835 0.0498 0.1737
vn 0.9973 0.0433 -0.0592
vn 0.9813 0.0980 -0.1659
vn 0.9815 0.1142 -0.1540
vn 0.9813 0.1294 -0.1428
vn 0.8323 -0.3045 -0.4631
vn 0.8335 -0.2554 -0.4899
vn 0.7121 -0.3241 -0.6228
vn 0.7123 -0.4427 -0.5447
vn 0.8340 -0.3484 -0.4279
vn 0.9807 0.1068 0.1637
vn 0.9999 -0.0064 -0.0097
vn 0.9805 0.0907 0.1743
vn 0.9306 0.2011 0.3058
vn 0.9827 0.1026 0.1542
vn 0.9827 0.0856 0.1639
vn 0.9999 -0.0082 -0.0082
vn 0.9807 0.1376 0.1389
vn 0.9805 0.1521 0.1244
vn 0.9813 -0.1703 -0.0893
vn 0.9815 -0.1593 -0.1061
vn 0.9978 -0.0557 -0.0365
vn 0.9823 0.1183 0.1451
vn 0.9817 0.1829 0.0525
vn 0.9805 0.1240 0.1525
vn 0.9813 -0.1489 -0.1218
vn 0.9815 -0.1347 -0.1360
vn 0.9977 -0.0479 -0.0476
vn 0.9811 0.0247 -0.1918
vn 0.9813 0.0444 -0.1873
vn 0.6389 -0.2253 -0.7355
vn 0.6510 -0.3449 -0.6762
vn 0.9814 0.1654 -0.0977
vn 0.9816 0.1731 -0.0804
vn 0.9295 0.3354 -0.1536
vn 0.9813 -0.1353 -0.1366
vn 0.9812 -0.1219 -0.1499
vn 0.9999 -0.0015 0.0120
vn 0.9807 0.0444 -0.1904
vn 0.9809 0.0254 -0.1929
vn 0.9999 0.0048 -0.0097
vn 0.9808 -0.0821 0.1766
vn 0.9807 -0.0635 0.1851
vn 0.9813 -0.1213 -0.1493
vn 0.9815 -0.1046 -0.1604
vn 0.9977 -0.0378 -0.0570
vn 0.9999 -0.0105 0.0047
vn 0.9807 0.1781 -0.0810
vn 0.9805 0.1694 -0.0998
vn 0.9808 0.1575 -0.1153
vn 0.9999 -0.0096 0.0068
vn 0.9811 0.0628 -0.1830
vn 0.9815 0.0816 -0.1732
vn 0.9999 0.0009 0.0120
vn 0.9809 -0.0139 -0.1941
vn 0.9807 -0.0343 -0.1925
vn 0.9814 -0.1600 -0.1065
vn 0.9812 -0.1496 -0.1223
vn 0.9809 -0.1159 0.1565
vn 0.9807 -0.0995 0.1686
vn 0.9815 0.1813 -0.0618
vn 0.9817 0.1854 -0.0436
vn 0.9296 0.3592 -0.0829
vn 0.9806 0.0536 0.1883
vn 0.9808 0.0715 0.1812
vn 0.3886 0.7686 0.5081
vn 0.7149 0.5833 0.3856
vn 0.9587 0.2476 -0.1396
vn 0.7149 0.6490 0.2603
vn 0.3886 0.8552 0.3430
vn 0.9517 0.2919 -0.0954
vn 0.9466 0.3201 -0.0374
vn 0.7149 -0.5195 0.4680
vn 0.3886 -0.6846 0.6167
vn 0.3886 -0.5464 0.7419
vn 0.7149 -0.4147 0.5630
vn 0.9429 0.3319 0.0281
vn 0.9806 0.0905 0.1737
vn 0.9808 0.1066 0.1631
vn 0.9400 0.3273 0.0962
vn 0.9377 0.3069 0.1628
vn 0.9359 0.2718 0.2242
vn 0.9343 0.2238 0.2774
vn 0.9806 0.1236 0.1519
vn 0.9330 0.1651 0.3197
vn 0.8366 -0.5462 -0.0418
vn 0.9322 -0.3609 -0.0279
vn 0.9317 -0.3491 -0.1003
vn 0.8357 -0.5279 -0.1514
vn 0.8347 -0.5420 -0.0976
vn 0.9319 0.0983 0.3491
vn 0.9310 0.0263 0.3642
vn 0.9301 -0.0478 0.3641
vn 0.9999 -0.0082 0.0088
vn 0.9809 0.1309 -0.1441
vn 0.9807 0.1159 -0.1574
vn 0.9294 -0.1206 0.3488
vn 0.9288 -0.1891 0.3188
vn 0.8294 0.3313 -0.4498
vn 0.8316 0.3717 -0.4127
vn 0.7124 0.4706 -0.5205
vn 0.7103 0.3582 -0.6060
vn 0.8312 0.2826 -0.4789
vn 0.9264 -0.2570 0.2752
vn 0.9301 0.1192 -0.3475
vn 0.9300 0.1869 -0.3166
vn 0.8300 0.2335 -0.5065
vn 0.8317 0.1801 -0.5252
vn 0.9217 -0.3161 0.2249
vn 0.7149 0.6358 -0.2910
vn 0.9288 0.3371 -0.1543
vn 0.9288 0.3612 -0.0833
vn 0.7149 0.6814 -0.1571
vn 0.2834 0.1387 -0.9489
vn 0.3882 0.8394 -0.3804
vn -0.0000 0.9116 -0.4110
vn -0.0000 0.1957 -0.9807
vn 0.5081 -0.0126 -0.8612
vn 0.7147 0.6363 -0.2903
vn 0.9197 -0.3570 0.1635
vn 0.3886 0.8978 -0.2070
vn 0.9807 -0.1074 -0.1634
vn 0.9197 -0.3825 0.0882
vn 0.9999 -0.0112 0.0026
vn 0.8493 -0.3623 0.3839
vn 0.8557 -0.2656 0.4441
vn 0.3886 0.9211 -0.0220
vn 0.7149 0.6990 -0.0167
vn 0.9197 -0.3924 0.0094
vn 0.3886 0.9067 0.1639
vn 0.7149 0.6881 0.1243
vn 0.9807 0.1450 -0.1315
vn 0.9198 -0.3862 -0.0698
vn 0.9198 -0.3642 -0.1461
vn 0.9807 0.1909 -0.0434
vn 0.9805 0.1863 -0.0634
vn 0.9199 -0.3272 -0.2159
vn 0.9202 -0.2767 -0.2770
vn 0.1960 -0.9282 0.3162
vn 0.3885 -0.8723 0.2969
vn 0.3886 -0.9142 0.1151
vn 0.1960 -0.9729 0.1224
vn -0.0000 -0.9922 0.1248
vn -0.0000 -0.9466 0.3224
vn 0.9812 -0.1711 -0.0897
vn 0.8368 -0.4477 0.3151
vn 0.9807 0.0052 -0.1955
vn 0.9202 -0.2149 -0.3271
vn 0.3886 0.3406 0.8561
vn 0.7149 0.2584 0.6497
vn 0.9202 -0.1447 -0.3636
vn 0.3886 0.1613 0.9072
vn 0.7149 0.1224 0.6884
vn 0.9815 0.1897 -0.0240
vn 0.9202 -0.0685 -0.3853
vn 0.9202 0.0105 -0.3912
vn 0.7144 -0.1603 0.6811
vn 0.9805 0.1952 -0.0246
vn 0.9202 0.0890 -0.3811
vn 0.7134 -0.2946 0.6358
vn 0.9202 0.1639 -0.3554
vn 0.7132 -0.4157 0.5644
vn 0.9999 0.0072 -0.0097
vn 0.9448 -0.1947 0.2634
vn 0.9202 0.2321 -0.3151
vn 0.7132 -0.5208 0.4692
vn 0.9999 0.0090 -0.0081
vn 0.9380 -0.2575 0.2319
vn 0.9202 0.2908 -0.2619
vn 0.3886 -0.7947 0.4663
vn 0.7131 -0.6047 0.3548
vn 0.9999 0.0104 -0.0061
vn 0.9353 -0.3052 0.1792
vn 0.9202 0.3375 -0.1981
vn 0.3886 -0.8723 0.2968
vn 0.7130 -0.6638 0.2258
vn 0.9338 -0.3387 0.1154
vn 0.9202 0.3705 -0.1260
vn 0.7129 -0.6958 0.0876
vn 0.9999 0.0120 -0.0015
vn 0.9328 -0.3575 0.0451
vn 0.9202 0.3883 -0.0489
vn 0.8465 -0.3950 0.3571
vn 0.8419 -0.4650 0.2738
vn 0.8420 -0.4349 0.3193
vn 0.3886 -0.9186 -0.0713
vn -0.0000 -0.9970 -0.0774
vn 0.7128 -0.6992 -0.0543
vn 0.9202 0.3902 0.0303
vn 0.3886 -0.8855 -0.2547
vn 0.7127 -0.6741 -0.1940
vn 0.9999 0.0116 0.0033
vn 0.9202 0.3761 0.1082
vn 0.8580 -0.3039 0.4140
vn 0.8480 -0.3551 0.3935
vn 0.3886 -0.8161 -0.4278
vn 0.7126 -0.6213 -0.3258
vn 0.9999 0.0107 0.0056
vn 0.9313 -0.3226 -0.1690
vn 0.9202 0.3466 0.1817
vn 0.7028 0.6837 0.1967
vn 0.7028 0.6301 0.3303
vn 0.3798 0.8891 0.2555
vn 0.3800 0.8193 0.4294
vn -0.0000 0.9611 0.2761
vn 0.8647 -0.2537 0.4335
vn 0.3886 -0.7133 -0.5833
vn 0.7125 -0.5432 -0.4443
vn 0.9310 -0.2826 -0.2309
vn 0.9202 0.3030 0.2478
vn 0.7028 0.5507 0.4504
vn 0.3800 0.7160 0.5856
vn 0.3886 -0.5812 -0.7149
vn 0.8703 0.3078 0.3844
vn 0.8744 0.3732 0.3102
vn 0.9999 0.0076 0.0094
vn 0.9308 -0.2307 -0.2836
vn 0.9202 0.2469 0.3037
vn 0.7028 0.4488 0.5520
vn 0.3800 0.5835 0.7177
vn 0.3886 -0.4254 -0.8173
vn 0.9306 -0.1691 -0.3246
vn 0.9202 0.1807 0.3471
vn 0.7028 0.3285 0.6310
vn 0.3800 0.4271 0.8205
vn 0.3886 -0.2522 -0.8862
vn 0.7119 -0.1921 -0.6755
vn 0.8319 -0.2053 -0.5156
vn 0.8331 -0.1517 -0.5320
vn 0.9304 -0.1004 -0.3524
vn 0.9202 0.1071 0.3764
vn 0.7028 0.1947 0.6842
vn 0.3800 0.2532 0.8897
vn 0.3886 -0.0686 -0.9188
vn 0.7116 -0.0522 -0.7007
vn 0.9303 -0.0274 -0.3658
vn 0.9202 0.0292 0.3903
vn 0.7028 0.0530 0.7094
vn 0.3800 0.0689 0.9224
vn 0.3886 0.1177 -0.9138
vn 0.7112 0.0900 -0.6972
vn 0.8315 -0.0974 -0.5470
vn 0.8326 -0.0415 -0.5523
vn 0.9302 0.0468 -0.3641
vn 0.9202 -0.0500 0.3882
vn 0.7028 -0.0909 0.7056
vn 0.3800 -0.1182 0.9174
vn 0.3886 0.2993 -0.8714
vn 0.7108 0.2287 -0.6652
vn 0.9202 -0.1271 0.3701
vn 0.7028 -0.2311 0.6728
vn 0.3800 -0.3004 0.8748
vn 0.3886 0.4686 -0.7934
vn 0.9202 -0.1990 0.3370
vn 0.7028 -0.3618 0.6125
vn 0.3800 -0.4704 0.7965
vn 0.3886 0.6187 -0.6828
vn 0.9999 -0.0081 0.0089
vn 0.9293 0.2476 -0.2739
vn 0.9202 -0.2628 0.2900
vn 0.7028 -0.4777 0.5272
vn 0.3800 -0.6211 0.6855
vn 0.3886 0.7435 -0.5443
vn 0.7150 0.5638 -0.4135
vn 0.8310 0.0148 -0.5561
vn 0.8322 0.0706 -0.5500
vn 0.9999 -0.0097 0.0071
vn 0.9288 0.2987 -0.2194
vn 0.9202 -0.3158 0.2312
vn 0.7028 -0.5740 0.4202
vn 0.3800 -0.7464 0.5464
vn 0.3886 0.8378 -0.3835
vn 0.9999 -0.0110 0.0050
vn 0.9202 -0.3559 0.1629
vn 0.7028 -0.6469 0.2961
vn 0.3800 -0.8411 0.3850
vn 0.9999 -0.0118 0.0027
vn 0.9202 -0.3814 0.0879
vn 0.7028 -0.6932 0.1598
vn 0.3800 -0.9013 0.2078
vn 0.9999 -0.0121 0.0003
vn 0.9288 0.3706 -0.0089
vn 0.9202 -0.3912 0.0094
vn 0.7028 -0.7112 0.0170
vn 0.3800 -0.9247 0.0221
vn 0.8350 -0.4875 -0.2551
vn 0.8340 -0.5123 -0.2052
vn 0.8574 -0.1700 0.4857
vn 0.9999 -0.0119 -0.0021
vn 0.9288 0.3648 0.0659
vn 0.9202 -0.3851 -0.0696
vn 0.7028 -0.7001 -0.1265
vn 0.3800 -0.9102 -0.1645
vn 0.9999 -0.0112 -0.0045
vn 0.9288 0.3441 0.1380
vn 0.9202 -0.3632 -0.1457
vn 0.7028 -0.6603 -0.2648
vn 0.3800 -0.8585 -0.3444
vn 0.8304 -0.2339 0.5058
vn 0.9999 -0.0101 -0.0067
vn 0.9288 0.3092 0.2044
vn 0.9202 -0.3265 -0.2158
vn 0.7028 -0.5934 -0.3923
vn 0.3800 -0.7716 -0.5101
vn 0.9288 0.2618 0.2625
vn 0.9999 -0.0085 -0.0085
vn 0.9202 -0.2763 -0.2771
vn 0.7028 -0.5023 -0.5038
vn 0.3800 -0.6531 -0.6550
vn 0.9288 0.2036 0.3098
vn 0.9999 -0.0066 -0.0101
vn 0.7028 -0.3906 -0.5946
vn 0.3800 -0.5079 -0.7731
vn 0.9288 0.1370 0.3445
vn 0.9999 -0.0045 -0.0112
vn 0.7028 -0.2629 -0.6610
vn 0.3800 -0.3419 -0.8595
vn 0.9288 0.0649 0.3650
vn 0.9999 -0.0021 -0.0119
vn 0.7028 -0.1245 -0.7004
vn 0.3800 -0.1619 -0.9107
vn 0.9288 -0.0099 0.3706
vn 0.9999 0.0003 -0.0121
vn 0.7028 0.0190 -0.7111
vn 0.3800 0.0248 -0.9247
vn 0.9288 -0.0843 0.3610
vn 0.9999 0.0027 -0.0118
vn 0.7028 0.1618 -0.6928
vn 0.3800 0.2104 -0.9007
vn 0.9288 -0.1553 0.3366
vn 0.9999 0.0051 -0.0110
vn 0.7028 0.2979 -0.6460
vn 0.3800 0.3874 -0.8400
vn 0.9288 -0.2198 0.2985
vn 0.7028 0.4219 -0.5728
vn 0.3800 0.5485 -0.7448
vn 0.9288 -0.2754 0.2481
vn 0.7028 0.5286 -0.4762
vn 0.3800 0.6872 -0.6191
vn 0.3886 -0.7946 0.4664
vn -0.0000 -0.8623 0.5064
vn 0.9288 -0.3197 0.1876
vn 0.7149 -0.6031 0.3538
vn 0.7028 0.6136 -0.3600
vn 0.3800 0.7978 -0.4681
vn 0.9288 -0.3510 0.1194
vn 0.7028 0.6735 -0.2291
vn 0.3800 0.8757 -0.2979
vn 0.7149 -0.6620 0.2252
vn 0.7149 -0.6937 0.0874
vn 0.9288 -0.3677 0.0463
vn 0.9202 0.3884 -0.0489
vn 0.7027 0.7059 -0.0888
vn 0.3800 0.9178 -0.1155
vn -0.0000 0.9922 -0.1248
vn 0.7071 -0.7069 0.0171
vn 0.3827 -0.9236 0.0221
vn 0.9238 -0.3827 0.0092
vn 1.0000 -0.0001 -0.0000
vn 0.9239 0.3824 -0.0091
vn 0.7072 0.7068 -0.0168
vn 0.3828 0.9236 -0.0219
vn 0.9979 0.0151 -0.0631
vn 0.9990 0.0437 0.0036
vn 0.9998 -0.0045 -0.0214
vn 0.9989 0.0450 0.0124
vn 0.9988 0.0428 0.0219
vn 0.9988 0.0385 0.0309
vn 0.9987 0.0323 0.0390
vn 0.9986 0.0244 0.0459
vn 0.9986 0.0150 0.0511
vn 0.9985 0.0045 0.0543
vn 0.9984 -0.0067 0.0553
vn 0.9984 -0.0181 0.0539
vn 0.9983 -0.0292 0.0502
vn 0.9982 -0.0395 0.0441
vn 0.9982 -0.0485 0.0359
vn 0.9981 -0.0557 0.0259
vn 0.9980 -0.0609 0.0144
vn 0.9980 -0.0636 0.0018
vn 0.9977 -0.0381 0.0559
vn 0.9978 -0.0344 -0.0560
vn 0.9807 -0.1314 0.1451
vn 0.9809 0.0341 0.1916
vn 0.8357 -0.5491 0.0135
vn 0.8377 -0.5417 0.0688
vn 0.8328 -0.3910 -0.3918
vn 0.8345 -0.4268 -0.3485
vn 0.8333 -0.4613 -0.3046
vn 0.8792 0.4200 0.2249
vn 0.8851 0.4459 0.1330
vn 0.8306 0.1266 -0.5424
vn 0.8593 -0.0684 0.5068
vn 0.8615 0.0347 0.5065
vn 0.8640 0.1346 0.4851
vn 0.8669 0.2271 0.4437
vn 0.9813 -0.0888 -0.1707
vn 0.9021 0.4289 -0.0481
vn 0.9147 0.3848 -0.1235
vn 0.8926 0.4492 0.0400
vn 0.9321 0.3169 -0.1755
vn 0.8394 -0.5144 0.1757
vn 0.8389 -0.4947 0.2271
vn 0.8370 -0.5331 0.1234
vn 0.9808 0.1949 -0.0041
vn 0.9806 0.1953 0.0151
vn 0.9808 -0.0896 -0.1734
vn 0.9808 -0.0529 -0.1879
vn 0.9806 -0.0725 -0.1823
vn 0.9808 -0.0140 -0.1946
vn 0.9806 -0.0344 -0.1931
vn 0.9808 0.0254 -0.1935
vn 0.9806 0.0052 -0.1960
vn 0.9808 0.0638 -0.1844
vn 0.9806 0.0445 -0.1910
vn 0.9808 0.0996 -0.1677
vn 0.9806 0.0820 -0.1781
vn 0.9808 0.1313 -0.1442
vn 0.9806 0.1162 -0.1579
vn 0.9808 0.1577 -0.1148
vn 0.9806 0.1456 -0.1312
vn 0.9808 0.1775 -0.0807
vn 0.9806 0.1690 -0.0992
vn 0.9806 0.1944 -0.0245
vn 0.9808 0.1901 -0.0433
vn 0.9806 0.1855 -0.0632
vn 0.9807 -0.1876 -0.0544
vn 0.9807 -0.1727 -0.0911
vn 0.9805 -0.1822 -0.0730
vn 0.9808 -0.1509 -0.1240
vn 0.9806 -0.1638 -0.1082
vn 0.9808 -0.1228 -0.1518
vn 0.9806 -0.1386 -0.1389
vn 0.9806 -0.1078 -0.1639
vn 0.9815 0.1908 0.0180
vn 0.9903 0.1382 0.0113
vn 0.9812 0.1929 0.0007
vn 0.9816 0.1832 0.0533
vn 0.9814 0.1887 0.0341
vn 0.9814 0.1780 0.0714
vn 0.9816 0.1687 0.0892
vn 0.9816 0.1473 0.1213
vn 0.9814 0.1600 0.1058
vn 0.9814 0.1354 0.1358
vn 0.9816 0.1199 0.1485
vn 0.9814 0.1053 0.1603
vn 0.9816 0.0876 0.1696
vn 0.9816 0.0516 0.1838
vn 0.9814 0.0709 0.1783
vn 0.9816 0.0136 0.1904
vn 0.9814 0.0336 0.1889
vn 0.9816 -0.0250 0.1893
vn 0.9814 -0.0051 0.1918
vn 0.9816 -0.0626 0.1804
vn 0.9814 -0.0437 0.1869
vn 0.9816 -0.0977 0.1642
vn 0.9814 -0.0804 0.1743
vn 0.9816 -0.1288 0.1412
vn 0.9814 -0.1139 0.1546
vn 0.9816 -0.1546 0.1124
vn 0.9814 -0.1427 0.1285
vn 0.9816 -0.1741 0.0790
vn 0.9814 -0.1657 0.0972
vn 0.9816 -0.1864 0.0423
vn 0.9814 -0.1819 0.0619
vn 0.9815 -0.1912 0.0039
vn 0.9814 -0.1906 0.0240
vn 0.9814 -0.1916 -0.0149
vn 0.9847 -0.1543 0.0810
vn 0.9808 -0.1946 -0.0132
vn 0.9806 -0.1960 0.0097
vn 0.9805 -0.1932 -0.0348
vn 0.8295 -0.1855 0.5268
vn -0.0000 0.9997 -0.0237
vn 0.5538 0.0267 -0.8322
vn 0.7010 0.0190 -0.7129
vn 0.7005 -0.1250 -0.7027
vn 0.5526 -0.1416 -0.8214
vn 0.7014 0.1620 -0.6941
vn 0.6993 -0.2644 -0.6641
vn 0.7018 0.4224 -0.5736
vn 0.7019 0.5292 -0.4768
vn 0.7012 0.6154 -0.3600
vn 0.7406 -0.4524 -0.4968
vn 0.6951 -0.3953 -0.6005
vn 0.4173 0.9031 -0.1011
vn 0.5551 0.7900 -0.2603
vn 0.5383 0.8223 -0.1845
vn 0.7016 0.2984 -0.6471
vn 0.7005 0.6756 -0.2301
vn 0.5540 0.7213 -0.4156
vn 0.5558 0.6207 -0.5530
vn 0.7017 0.7067 -0.0901
vn 0.7027 0.7094 0.0550
vn 0.3882 0.9177 0.0844
vn -0.0000 0.9842 0.1769
vn 0.8316 -0.5416 0.1228
vn 0.8315 -0.5059 0.2293
vn 0.8317 -0.5551 0.0112
vn 0.8322 -0.4619 -0.3066
vn 0.8318 -0.5144 -0.2086
vn 0.8313 -0.4310 -0.3510
vn 0.8318 -0.5459 -0.1008
vn 0.2538 0.9636 -0.0836
vn 0.2769 0.9607 -0.0191
vn 0.5555 0.4968 -0.6668
vn 0.5551 0.3525 -0.7534
vn 0.5546 0.1936 -0.8093
vn 0.5499 -0.3049 -0.7776
vn 0.5409 -0.4592 -0.7047
vn 0.5309 -0.5356 -0.6567
vn 0.1939 0.9722 0.1311
vn -0.0000 -0.9997 0.0236
vn 0.0325 -0.5802 -0.8138
vn 0.0184 -0.5937 -0.8045
vn -0.0142 0.9993 0.0351
vn -0.0000 0.9991 0.0435
vn -0.0000 0.9968 0.0793
vn -0.0454 0.9918 -0.1195
vn -0.0000 0.9949 -0.1010
vn -0.0809 0.9752 -0.2060
vn -0.0000 0.9783 -0.2072
vn -0.1110 0.9410 -0.3197
vn -0.0000 0.9516 -0.3073
vn -0.1380 0.8845 -0.4457
vn -0.0000 0.8938 -0.4484
vn -0.0000 0.7925 -0.6099
vn -0.1985 0.7819 -0.5909
vn -0.1958 0.6496 -0.7346
vn -0.3992 0.6200 -0.6755
vn -0.0000 0.6661 -0.7458
vn -0.2389 0.4858 -0.8408
vn -0.4562 0.4415 -0.7726
vn -0.0000 0.5051 -0.8630
vn -0.2710 0.3131 -0.9102
vn -0.0000 0.3348 -0.9423
vn -0.5147 0.2702 -0.8137
vn -0.2925 0.1272 -0.9478
vn -0.0000 0.1440 -0.9896
vn -0.3030 -0.0751 -0.9500
vn -0.0000 -0.0725 -0.9974
vn -0.3143 -0.2655 -0.9115
vn -0.0000 -0.2718 -0.9624
vn -0.3292 -0.4423 -0.8342
vn -0.0000 -0.4599 -0.8880
vn -0.3383 -0.5993 -0.7256
vn -0.0000 -0.6292 -0.7772
vn -0.3540 -0.7234 -0.5928
vn -0.0000 -0.7728 -0.6347
vn -0.3736 -0.8176 -0.4381
vn -0.0000 -0.8847 -0.4662
vn -0.3758 -0.8806 -0.2886
vn -0.0000 -0.9498 -0.3129
vn -0.3860 -0.8981 -0.2109
vn -0.0000 -0.9786 -0.2059
vn -0.6645 -0.7112 -0.2294
vn -0.6754 -0.6471 -0.3537
vn -0.5464 0.1010 -0.8314
vn -0.5677 -0.0714 -0.8201
vn -0.5896 -0.2343 -0.7730
vn -0.6096 -0.3801 -0.6957
vn -0.6264 -0.5045 -0.5942
vn -0.6482 -0.5898 -0.4817
vn -0.6612 -0.6166 -0.4274
vn 0.9974 0.0128 0.0708
vn 0.9975 0.0265 0.0660
vn 0.9810 0.0711 0.1806
vn 0.9808 0.0534 0.1876
vn 0.9810 0.0333 0.1912
vn 0.9810 0.1935 0.0156
vn 0.9999 -0.0125 -0.0010
vn 0.9999 -0.0120 -0.0035
vn 0.9810 0.1864 0.0543
vn 0.9808 0.1920 0.0347
vn 0.9810 -0.0059 0.1940
vn 0.9974 -0.0017 0.0727
vn 0.9808 0.0145 0.1945
vn 0.9808 0.0052 -0.1950
vn 0.9810 0.0255 -0.1925
vn 0.9999 0.0016 -0.0124
vn 0.9999 -0.0009 -0.0125
vn 0.9810 -0.0138 -0.1936
vn 0.8328 0.2338 -0.5018
vn 0.9778 0.0681 -0.1982
vn 0.9289 0.1551 -0.3363
vn 0.9808 0.0444 -0.1900
vn 0.9810 0.0637 -0.1834
vn 0.9999 0.0041 -0.0118
vn 0.9808 0.0817 -0.1772
vn 0.9810 0.0993 -0.1668
vn 0.9999 0.0064 -0.0108
vn 0.9808 0.1157 -0.1571
vn 0.9810 0.1308 -0.1434
vn 0.9999 0.0084 -0.0093
vn 0.9999 0.0046 0.0116
vn 0.9999 0.0069 0.0105
vn 0.9810 0.1060 0.1626
vn 0.9808 0.0901 0.1731
vn 0.9810 0.1570 -0.1141
vn 0.9999 0.0101 -0.0074
vn 0.9808 0.1449 -0.1306
vn 0.9810 0.1927 -0.0236
vn 0.9999 -0.0124 0.0016
vn 0.9808 0.1950 -0.0047
vn 0.9999 0.0022 0.0123
vn 0.9810 0.1499 0.1234
vn 0.9999 -0.0097 -0.0079
vn 0.9999 -0.0079 -0.0097
vn 0.9810 0.1220 0.1510
vn 0.9808 0.1378 0.1381
vn 0.9810 0.1716 0.0907
vn 0.9999 -0.0111 -0.0058
vn 0.9808 0.1627 0.1076
vn 0.9999 -0.0003 0.0125
vn 0.9810 0.1840 -0.0619
vn 0.9999 -0.0119 0.0040
vn 0.9808 0.1901 -0.0438
vn 0.9808 0.1811 0.0726
vn 0.8328 -0.4127 0.3690
vn 0.9201 -0.2911 0.2622
vn 0.9201 -0.2323 0.3154
vn 0.8328 -0.3291 0.4451
vn 0.9778 -0.1066 0.1804
vn 0.8315 -0.2825 0.4784
vn 0.9810 -0.1941 0.0040
vn 0.9999 0.0125 -0.0003
vn 0.9999 0.0123 0.0022
vn 0.9810 -0.1909 -0.0351
vn 0.9808 -0.1945 -0.0151
vn 0.9810 -0.1912 -0.0339
vn 0.9289 -0.3644 -0.0659
vn 0.9289 -0.3702 0.0088
vn 0.9810 -0.1941 0.0053
vn 0.3888 -0.5059 -0.7700
vn 0.3888 -0.6505 -0.6524
vn 0.7151 -0.4936 -0.4950
vn 0.7151 -0.3838 -0.5842
vn 0.9999 -0.0058 -0.0111
vn 0.9999 -0.0034 -0.0120
vn 0.9810 0.0525 0.1869
vn 0.9808 0.0721 0.1813
vn 0.9810 0.0891 0.1725
vn 0.9971 -0.0658 0.0389
vn 0.9971 -0.0561 0.0509
vn 0.9810 -0.1447 0.1294
vn 0.9808 -0.1574 0.1152
vn 0.9810 -0.1678 0.0977
vn 0.9983 -0.0585 -0.0074
vn 0.9808 -0.1774 0.0812
vn 0.9810 -0.1840 0.0619
vn 0.9808 -0.1901 0.0438
vn 0.9810 -0.1927 0.0236
vn 0.9994 -0.0291 -0.0191
vn 0.9808 -0.1950 0.0047
vn 0.9810 -0.1935 -0.0157
vn 0.9999 -0.0127 -0.0019
vn 0.7151 0.1590 -0.6807
vn 0.3888 0.2096 -0.8972
vn 0.3888 0.0247 -0.9210
vn 0.7151 0.0187 -0.6987
vn 0.9808 -0.1920 -0.0347
vn 0.9810 -0.1864 -0.0543
vn 0.9999 -0.0028 0.0122
vn 0.9810 0.0448 -0.1889
vn 0.9808 0.0249 -0.1935
vn 0.9810 0.0058 -0.1940
vn 0.9808 -0.1811 -0.0726
vn 0.9810 -0.1716 -0.0907
vn 0.9810 -0.0334 -0.1912
vn 0.9808 -0.0145 -0.1945
vn 0.9999 0.0116 0.0047
vn 0.9810 -0.1799 -0.0729
vn 0.9808 -0.1875 -0.0539
vn 0.9999 -0.0093 0.0084
vn 0.9999 -0.0074 0.0101
vn 0.9808 -0.1627 -0.1076
vn 0.9810 -0.1499 -0.1234
vn 0.9999 0.0104 0.0069
vn 0.9810 -0.1616 -0.1076
vn 0.9808 -0.1728 -0.0906
vn 0.9999 0.0088 0.0089
vn 0.9810 -0.1366 -0.1379
vn 0.9808 -0.1510 -0.1235
vn 0.9810 -0.0993 0.1668
vn 0.9808 -0.0817 0.1772
vn 0.9810 -0.0636 0.1834
vn 0.9810 0.1799 0.0729
vn 0.9977 0.0628 0.0249
vn 0.9978 0.0656 0.0116
vn 0.9810 0.1909 0.0352
vn 0.9808 0.1875 0.0539
vn 0.9808 -0.1378 -0.1381
vn 0.9810 -0.1219 -0.1511
vn 0.9808 -0.1071 -0.1630
vn 0.9810 -0.0890 -0.1725
vn 0.9808 -0.0721 -0.1813
vn 0.9810 -0.0525 -0.1869
vn 0.3888 0.3859 -0.8366
vn 0.7151 0.2927 -0.6347
vn 0.9289 -0.3089 -0.2042
vn 0.9289 -0.3437 -0.1379
vn 0.9810 -0.1804 -0.0716
vn 0.9810 -0.1623 -0.1065
vn 0.9810 0.1678 -0.0977
vn 0.9999 -0.0108 0.0063
vn 0.9808 0.1774 -0.0812
vn 0.9810 0.1447 -0.1295
vn 0.9808 0.1574 -0.1152
vn 0.9810 -0.0448 0.1889
vn 0.9973 -0.0165 0.0716
vn 0.9808 -0.0249 0.1935
vn 0.9810 0.1768 -0.0802
vn 0.9999 0.0114 -0.0052
vn 0.9808 0.1683 -0.0987
vn 0.9289 -0.2615 -0.2622
vn 0.9810 -0.1375 -0.1370
vn 0.8385 0.1770 -0.5154
vn 0.9289 0.0842 -0.3606
vn 0.9810 0.0435 -0.1892
vn 0.9808 0.0634 -0.1845
vn 0.9810 0.1893 -0.0430
vn 0.9999 0.0122 -0.0028
vn 0.9808 0.1847 -0.0628
vn 0.9999 -0.0052 0.0114
vn 0.9810 0.1941 -0.0040
vn 0.9808 0.1936 -0.0244
vn 0.9808 -0.0634 0.1845
vn 0.9810 -0.0819 0.1760
vn 0.9972 -0.0309 0.0675
vn 0.9808 0.1945 0.0151
vn 0.9289 0.0099 -0.3702
vn 0.9810 0.0045 -0.1941
vn 0.9289 -0.0648 -0.3646
vn 0.9810 -0.0346 -0.1910
vn 0.9810 -0.0712 -0.1806
vn 0.9808 -0.0534 -0.1876
vn 0.9289 -0.1369 -0.3441
vn 0.9810 -0.0724 -0.1801
vn 0.9972 -0.0443 0.0605
vn 0.9808 -0.0992 0.1680
vn 0.9810 -0.1157 0.1559
vn 0.9808 -0.1310 0.1446
vn 0.8315 0.3051 0.4643
vn 0.8328 0.2576 0.4900
vn 0.8328 0.2556 0.4911
vn 0.8328 0.3492 0.4295
vn 0.8328 0.3509 0.4281
vn 0.9810 -0.1061 -0.1626
vn 0.9808 -0.0901 -0.1730
vn 0.9289 -0.2033 -0.3095
vn 0.9810 -0.1072 -0.1619
vn 0.9808 0.1728 0.0906
vn 0.9810 0.1616 0.1076
vn 0.9977 0.0573 0.0376
vn 0.9808 -0.1231 -0.1514
vn 0.9808 0.1510 0.1235
vn 0.9810 0.1366 0.1379
vn 0.9976 0.0492 0.0490
vn 0.9282 -0.3208 0.1882
vn 0.9808 -0.1683 0.0987
vn 0.9810 -0.1762 0.0814
vn 0.9289 -0.3367 0.1541
vn 0.9808 0.1231 0.1514
vn 0.9808 -0.0444 0.1900
vn 0.9810 -0.0254 0.1925
vn 0.9810 0.0819 -0.1760
vn 0.9975 0.0388 0.0586
vn 0.9810 -0.1768 0.0802
vn 0.9810 -0.1570 0.1142
vn 0.9810 0.0138 0.1936
vn 0.9808 0.0341 0.1921
vn 0.9810 0.1156 -0.1559
vn 0.9808 0.0992 -0.1680
vn 0.9808 -0.1847 0.0628
vn 0.9810 -0.1890 0.0443
vn 0.9289 -0.3609 0.0832
vn 0.3888 -0.7686 -0.5081
vn 0.7151 -0.5831 -0.3855
vn 0.9201 -0.3379 0.1982
vn 0.7588 -0.5940 -0.2672
vn 0.3871 -0.8166 -0.4281
vn 0.9201 -0.3709 0.1262
vn 0.9201 -0.3887 0.0489
vn 0.7151 0.5193 -0.4679
vn 0.3888 0.6845 -0.6167
vn 0.3888 0.5464 -0.7418
vn 0.7151 0.4145 -0.5628
vn 0.9201 -0.3906 -0.0303
vn 0.9201 -0.3765 -0.1083
vn 0.9201 -0.3470 -0.1819
vn 0.9201 -0.3033 -0.2480
vn 0.9201 -0.2471 -0.3040
vn 0.9201 -0.1809 -0.3475
vn 0.8328 0.5518 0.0450
vn 0.9289 0.3692 0.0286
vn 0.9289 0.3559 0.1024
vn 0.8328 0.5314 0.1551
vn 0.8315 0.5467 0.0988
vn 0.9201 -0.1072 -0.3768
vn 0.9201 -0.0292 -0.3907
vn 0.9201 0.0501 -0.3885
vn 0.9810 -0.1308 0.1434
vn 0.9808 -0.1157 0.1571
vn 0.9201 0.1272 -0.3705
vn 0.9201 0.1992 -0.3373
vn 0.8315 -0.3295 0.4473
vn 0.8328 -0.3717 0.4102
vn 0.8328 -0.2815 0.4767
vn 0.8328 -0.2796 0.4778
vn 0.9201 0.2630 -0.2903
vn 0.9289 -0.1203 0.3502
vn 0.9289 -0.1883 0.3189
vn 0.8328 -0.2834 0.4756
vn 0.8315 -0.2327 0.5045
vn 0.8328 -0.1818 0.5229
vn 0.9201 0.3161 -0.2314
vn 0.8328 -0.5034 0.2304
vn 0.8328 -0.5394 0.1244
vn 0.8315 -0.4792 0.2812
vn 0.9201 0.3562 -0.1630
vn 0.9808 0.1071 0.1630
vn 0.9201 0.3817 -0.0880
vn 0.8328 0.3733 -0.4088
vn 0.8328 0.2833 -0.4756
vn 0.8328 -0.5534 0.0132
vn 0.9201 0.3916 -0.0094
vn 0.8328 -0.5448 -0.0984
vn 0.9808 -0.1449 0.1306
vn 0.9201 0.3855 0.0697
vn 0.8328 -0.5138 -0.2061
vn 0.9201 0.3636 0.1458
vn 0.8328 -0.4618 -0.3053
vn 0.9810 -0.1893 0.0430
vn 0.9201 0.3268 0.2160
vn 0.9201 0.2766 0.2774
vn 0.1961 0.9283 -0.3158
vn 0.3888 0.8722 -0.2967
vn 0.3888 0.9141 -0.1151
vn 0.1961 0.9729 -0.1225
vn 0.8328 -0.3909 -0.3920
vn 0.8328 0.4479 -0.3253
vn 0.8328 -0.3040 -0.4627
vn 0.9808 -0.0052 0.1950
vn 0.9201 0.2151 0.3274
vn 0.8328 -0.2046 -0.5144
vn 0.9201 0.1448 0.3640
vn 0.8328 -0.0969 -0.5451
vn 0.9808 -0.1936 0.0244
vn 0.9201 0.0686 0.3857
vn 0.8328 0.0148 -0.5534
vn 0.9201 -0.0105 0.3916
vn 0.8328 0.1259 -0.5391
vn 0.9201 -0.0891 0.3815
vn 0.9201 -0.1641 0.3557
vn 0.9289 0.2196 -0.2982
vn 0.9289 0.2751 -0.2479
vn 0.9289 0.3194 -0.1874
vn 0.9289 0.3506 -0.1193
vn 0.9289 0.3674 -0.0463
vn 0.8328 0.4127 -0.3689
vn 0.8328 0.4786 -0.2783
vn 0.8315 0.4483 -0.3282
vn 0.8328 0.4764 -0.2821
vn 0.8328 0.4775 -0.2802
vn 0.8328 0.4113 -0.3705
vn 0.8328 0.4098 -0.3722
vn 0.8328 0.3300 -0.4445
vn 0.8315 0.3730 -0.4117
vn 0.8328 0.3283 -0.4457
vn 0.8328 0.3265 -0.4471
vn 0.9289 0.3280 0.1719
vn 0.7026 -0.6839 -0.1967
vn 0.7026 -0.6303 -0.3304
vn 0.3798 -0.8890 -0.2558
vn 0.3798 -0.8193 -0.4295
vn 0.8315 0.2825 -0.4784
vn 0.9289 0.2867 0.2344
vn 0.7026 -0.5509 -0.4505
vn 0.3798 -0.7161 -0.5856
vn 0.8328 -0.3476 -0.4309
vn 0.8328 -0.4272 -0.3521
vn 0.9289 0.2336 0.2873
vn 0.7026 -0.4489 -0.5522
vn 0.3798 -0.5836 -0.7178
vn 0.8328 0.3476 0.4309
vn 0.9289 0.1710 0.3285
vn 0.8328 0.2537 0.4920
vn 0.7026 -0.3286 -0.6312
vn 0.3798 -0.4271 -0.8205
vn 0.8315 0.2053 0.5162
vn 0.8328 0.1537 0.5318
vn 0.8328 0.1515 0.5325
vn 0.9289 0.1014 0.3562
vn 0.7026 -0.1948 -0.6845
vn 0.3798 -0.2532 -0.8897
vn 0.8328 0.1495 0.5330
vn 0.9289 0.0276 0.3693
vn 0.7026 -0.0530 -0.7097
vn 0.3798 -0.0689 -0.9225
vn 0.8315 0.0972 0.5470
vn 0.8328 0.0434 0.5519
vn 0.8328 0.0412 0.5521
vn 0.9289 -0.0473 0.3673
vn 0.7026 0.0909 -0.7058
vn 0.3798 0.1182 -0.9175
vn 0.7026 0.2311 -0.6730
vn 0.3798 0.3005 -0.8749
vn 0.7026 0.3619 -0.6127
vn 0.3798 0.4704 -0.7965
vn 0.8328 0.0391 0.5522
vn 0.9289 -0.2487 0.2744
vn 0.7026 0.4778 -0.5274
vn 0.3798 0.6211 -0.6855
vn 0.8328 -0.0707 0.5491
vn 0.8315 -0.0149 0.5554
vn 0.8328 -0.0685 0.5493
vn 0.9289 -0.2988 0.2188
vn 0.7026 0.5742 -0.4204
vn 0.3798 0.7464 -0.5464
vn 0.7026 0.6471 -0.2962
vn 0.3798 0.8411 -0.3850
vn 0.8328 -0.0729 0.5488
vn 0.7026 0.6934 -0.1599
vn 0.3798 0.9014 -0.2078
vn 0.7026 0.7114 -0.0170
vn 0.3798 0.9248 -0.0221
vn 0.8328 0.4893 0.2589
vn 0.8315 0.5156 0.2068
vn 0.8328 0.1818 -0.5229
vn 0.7026 0.7003 0.1266
vn 0.3798 0.9103 0.1645
vn 0.8328 0.4913 0.2551
vn 0.8328 0.4903 0.2570
vn 0.8328 0.5320 0.1531
vn 0.8328 0.5326 0.1509
vn 0.7026 0.6605 0.2649
vn 0.3798 0.8586 0.3444
vn 0.8328 0.2319 -0.5027
vn 0.8328 0.2298 -0.5036
vn 0.7026 0.5936 0.3925
vn 0.3798 0.7717 0.5102
vn 0.7026 0.5025 0.5039
vn 0.3798 0.6532 0.6550
vn 0.7026 0.3908 0.5948
vn 0.3798 0.5079 0.7731
vn 0.3888 -0.3405 -0.8561
vn 0.7151 -0.1223 -0.6882
vn 0.3888 -0.1612 -0.9071
vn 0.7151 -0.2584 -0.6495
vn 0.7026 0.2630 0.6612
vn 0.3798 0.3419 0.8595
vn 0.7026 0.1245 0.7006
vn 0.3798 0.1619 0.9108
vn 0.7026 -0.0190 0.7114
vn 0.3798 -0.0248 0.9247
vn 0.7026 -0.1619 0.6930
vn 0.3798 -0.2104 0.9008
vn 0.7026 -0.2980 0.6462
vn 0.3798 -0.3874 0.8400
vn 0.7026 -0.4220 0.5730
vn 0.3798 -0.5486 0.7448
vn 0.7026 -0.5287 0.4763
vn 0.3798 -0.6873 0.6192
vn 0.3888 0.7946 -0.4662
vn 0.7151 0.6029 -0.3537
vn 0.7026 -0.6138 0.3601
vn 0.3798 -0.7979 0.4681
vn 0.7026 -0.6737 0.2292
vn 0.3798 -0.8758 0.2979
vn 0.7151 0.6618 -0.2251
vn 0.7151 0.6935 -0.0873
vn 0.7026 -0.7061 0.0889
vn 0.3798 -0.9178 0.1156
vn 0.5276 0.5116 -0.6781
vn 0.2856 0.6733 -0.6820
vn 0.6894 0.2696 -0.6724
vn 0.7462 -0.0159 -0.6655
vn 0.6894 -0.3014 -0.6587
vn 0.5276 -0.5434 -0.6529
vn 0.2856 -0.7051 -0.6491
vn 0.9981 -0.0139 0.0601
vn 0.9988 -0.0479 -0.0033
vn 0.9998 0.0047 0.0208
vn 0.9988 -0.0476 -0.0133
vn 0.9987 -0.0451 -0.0232
vn 0.9986 -0.0405 -0.0327
vn 0.9986 -0.0340 -0.0412
vn 0.9985 -0.0255 -0.0483
vn 0.9984 -0.0156 -0.0536
vn 0.9984 -0.0046 -0.0569
vn 0.9983 0.0071 -0.0578
vn 0.9982 0.0190 -0.0563
vn 0.9982 0.0305 -0.0523
vn 0.9981 0.0411 -0.0459
vn 0.9980 0.0504 -0.0373
vn 0.9980 0.0578 -0.0268
vn 0.9979 0.0630 -0.0148
vn 0.9978 0.0657 -0.0019
vn 0.9980 0.0362 -0.0522
vn 0.9975 0.0380 0.0594
vn 0.9808 0.1310 -0.1446
vn 0.9808 -0.0341 -0.1921
vn 0.8315 0.5554 -0.0133
vn 0.8328 0.5521 0.0406
vn 0.8328 0.5519 0.0428
vn 0.8328 0.5493 -0.0692
vn 0.8328 0.5490 -0.0713
vn 0.8328 0.5495 -0.0670
vn 0.8912 -0.4490 -0.0646
vn 0.8351 -0.5485 -0.0426
vn 0.8328 -0.1798 0.5236
vn 0.8328 -0.1777 0.5243
vn 0.8328 -0.4467 0.3270
vn 0.8315 0.3923 0.3934
vn 0.8328 0.4272 0.3521
vn 0.8328 0.4285 0.3505
vn 0.8328 0.4299 0.3487
vn 0.8315 0.4634 0.3064
vn 0.8328 -0.4893 -0.2589
vn 0.8328 -0.5314 -0.1551
vn 0.8315 -0.1264 0.5410
vn 0.8328 0.0728 -0.5488
vn 0.8328 -0.0391 -0.5522
vn 0.8328 -0.1495 -0.5330
vn 0.8328 -0.2537 -0.4920
vn 0.8328 -0.5495 0.0670
vn 0.8328 -0.5248 0.1763
vn 0.8328 -0.5518 -0.0449
vn 0.8328 -0.4785 0.2783
vn 0.8315 -0.5052 0.2312
vn 0.8328 0.5234 -0.1804
vn 0.8328 0.5241 -0.1783
vn 0.8315 0.5052 -0.2312
vn 0.8328 0.5248 -0.1763
vn 0.8315 0.5414 -0.1248
vn 0.9810 0.0890 0.1725
vn 0.9900 -0.1412 -0.0064
vn 0.9854 0.1505 -0.0798
vn 0.9811 0.1931 0.0137
vn 0.9809 0.1941 -0.0087
vn 0.5620 0.6363 -0.5284
vn -0.3378 0.7426 -0.5784
vn 0.8315 0.4128 -0.3719
vn 0.8315 0.3295 -0.4473
vn 0.8315 0.2327 -0.5045
vn 0.8315 0.1264 -0.5410
vn 0.8315 0.0149 -0.5554
vn 0.8315 -0.0972 -0.5470
vn 0.8315 -0.2053 -0.5162
vn 0.8315 -0.3051 -0.4643
vn 0.8315 -0.3923 -0.3934
vn 0.8315 -0.4634 -0.3064
vn 0.8315 -0.5156 -0.2068
vn 0.8315 -0.5467 -0.0988
vn 0.8315 -0.5554 0.0133
vn 0.8315 -0.5414 0.1248
vn 0.8315 -0.4483 0.3282
vn 0.8315 -0.3730 0.4117
vn -0.7904 -0.0496 0.6105
vn -0.7904 0.0743 0.6080
vn -0.2202 -0.0587 0.9737
vn -0.7904 0.1952 0.5806
vn -0.7904 0.3081 0.5294
vn -0.2202 0.3300 0.9179
vn -0.7904 0.4084 0.4566
vn -0.2202 0.5081 0.8327
vn 0.5575 -0.0269 0.8297
vn 0.5575 0.1407 0.8181
vn 0.5575 0.5832 0.5908
vn 0.8270 0.4352 0.3559
vn -0.7940 0.4883 0.3620
vn -0.2202 0.6653 0.7134
vn 0.7017 -0.6149 0.3597
vn 0.4187 -0.9023 0.1021
vn 0.5566 -0.7892 0.2596
vn 0.5426 -0.8197 0.1833
vn 0.7009 -0.6753 0.2298
vn 0.5556 -0.7205 0.4150
vn 0.5575 -0.6199 0.5522
vn 0.7018 -0.7067 0.0899
vn 0.7026 -0.7095 -0.0551
vn 0.3892 -0.9173 -0.0846
vn -0.7904 -0.2864 0.5415
vn -0.7904 -0.1715 0.5881
vn -0.2202 -0.4380 0.8716
vn 0.1777 0.8256 -0.5355
vn -0.5193 0.7497 -0.4102
vn -0.2202 -0.2535 0.9419
vn -0.8180 -0.4861 0.3074
vn -0.8023 -0.4622 0.3777
vn -0.2772 -0.8436 0.4598
vn -0.2202 -0.6045 0.7656
vn -0.7904 -0.3895 0.4727
vn 0.8328 0.5399 -0.1223
vn 0.8328 0.5043 -0.2285
vn 0.8328 0.5535 -0.0111
vn 0.8328 0.4605 0.3072
vn 0.8328 0.5130 0.2081
vn 0.8328 0.5444 0.1005
vn -0.5193 0.8507 -0.0813
vn 0.1777 0.9836 0.0322
vn -0.5193 0.8497 0.0917
vn 0.2594 -0.9619 0.0859
vn 0.2789 -0.9601 0.0186
vn -0.2208 -0.7462 0.6281
vn 0.5575 -0.4961 0.6656
vn 0.5575 -0.3519 0.7519
vn 0.5575 -0.1934 0.8073
vn -0.2202 0.1385 0.9656
vn 0.5575 0.3025 0.7731
vn 0.5575 0.4519 0.6964
vn 0.1558 0.8074 0.5691
vn 0.5622 0.6402 0.5235
vn -0.5267 0.7403 0.4178
vn -0.1729 0.7788 0.6029
vn 0.1777 0.8912 0.4174
vn -0.5193 0.8138 0.2608
vn 0.1777 0.9570 0.2295
vn 0.1777 0.9699 -0.1665
vn -0.5193 0.8170 -0.2509
vn 0.1777 0.9165 -0.3583
vn 0.1957 -0.9717 -0.1322
vn 0.9728 0.0741 -0.2197
vn -0.8617 0.4624 -0.2090
vn -0.9877 0.1250 -0.0937
vn -0.9405 -0.2696 0.2066
vn -0.4347 0.7088 -0.5555
vn -0.8538 -0.3102 0.4182
vn -0.8543 -0.2193 0.4712
vn -0.8548 -0.1198 0.5049
vn -0.8554 -0.0158 0.5177
vn -0.8560 0.0886 0.5094
vn -0.8565 0.1889 0.4803
vn -0.8571 0.2811 0.4316
vn -0.8578 0.3615 0.3655
vn -0.8584 0.4268 0.2847
vn -0.8590 0.4743 0.1926
vn -0.8596 0.5023 0.0931
vn -0.8603 0.5097 -0.0099
vn -0.8610 0.4962 -0.1119
vn -0.8624 0.4100 -0.2970
vn -0.8631 0.3410 -0.3725
vn -0.8551 -0.0274 0.5177
vn -0.9827 0.0875 -0.1635
vn -0.8551 0.0774 0.5126
vn -0.8551 0.1791 0.4865
vn -0.9826 0.0159 -0.1849
vn -0.8551 0.2733 0.4405
vn -0.9826 -0.0217 -0.1844
vn -0.8551 0.3564 0.3764
vn -0.4481 -0.6922 -0.5657
vn -0.9826 -0.0584 -0.1763
vn -0.8460 0.4365 0.3062
vn -0.8551 -0.2293 0.4650
vn -0.9827 0.1448 -0.1156
vn -0.8551 -0.1310 0.5016
vn -0.5836 0.7107 -0.3928
vn -0.9767 0.1588 -0.1441
vn -0.9827 0.1185 -0.1424
vn -0.8472 -0.4464 0.2880
vn -0.9696 0.2423 -0.0352
vn -0.8644 -0.3792 0.3303
vn -0.8552 -0.3182 0.4092
vn -0.9827 0.1650 -0.0840
vn -0.5836 0.8080 -0.0806
vn -0.5836 0.8077 0.0837
vn -0.9767 0.2128 -0.0276
vn -0.9826 0.1788 -0.0495
vn -0.9826 0.0528 -0.1778
vn -0.9884 0.1477 0.0363
vn -0.5925 0.7033 0.3927
vn -0.3796 -0.7104 -0.5927
vn -0.9655 -0.1741 -0.1936
vn -0.9767 0.2066 0.0587
vn -0.5836 0.7743 0.2446
vn -0.9767 0.2141 0.0159
vn -0.9767 0.2029 -0.0698
vn -0.5836 0.7752 -0.2417
vn -0.9767 0.1846 -0.1092
vn -0.9239 -0.2022 0.3248
vn -0.9244 -0.2030 0.3230
vn -0.9391 -0.2457 0.2404
vn -0.9391 -0.2457 0.2401
vn -0.9163 -0.3058 0.2585
vn -0.9157 -0.3080 0.2581
vn -0.8561 -0.4124 0.3117
vn -0.8593 -0.4091 0.3070
vn 0.9417 -0.3355 -0.0260
vn 0.2675 -0.9396 -0.2136
vn 0.3888 -0.8377 0.3835
vn 0.2250 -0.8217 -0.5237
vn 0.5575 -0.7548 0.3455
vn 0.3888 -0.8978 0.2070
vn 0.5575 -0.8089 0.1865
vn 0.3888 -0.9211 0.0220
vn 0.5575 -0.8299 0.0198
vn 0.3888 -0.9066 -0.1638
vn 0.5575 -0.8169 -0.1476
vn 0.3888 -0.8551 -0.3430
vn 0.5575 -0.7705 -0.3090
vn 0.5575 -0.6925 -0.4578
vn 0.5575 -0.5862 -0.5878
vn 0.5575 -0.4558 -0.6938
vn 0.5575 -0.3068 -0.7714
vn 0.5575 -0.1453 -0.8173
vn 0.5575 0.0222 -0.8298
vn 0.5575 0.1888 -0.8084
vn 0.5575 0.3477 -0.7538
vn 0.5575 0.4923 -0.6684
vn 0.5575 0.6168 -0.5556
vn 0.5575 0.7160 -0.4201
vn 0.5575 0.7859 -0.2674
vn 0.5575 0.8236 -0.1037
vn 0.3888 0.9186 0.0713
vn 0.5575 0.8277 0.0642
vn 0.3888 0.8854 0.2547
vn 0.5575 0.7978 0.2295
vn 0.3888 0.8160 0.4277
vn 0.5575 0.7353 0.3854
vn 0.3888 0.7132 0.5833
vn 0.5575 0.6426 0.5255
vn 0.3888 0.5812 0.7149
vn 0.5575 0.5237 0.6441
vn 0.3888 0.4254 0.8172
vn 0.5575 0.3833 0.7364
vn 0.3888 0.2522 0.8861
vn 0.5575 0.2272 0.7984
vn 0.3888 0.0686 0.9188
vn 0.5575 0.0618 0.8278
vn 0.3888 -0.1177 0.9138
vn 0.5575 -0.1061 0.8233
vn 0.3888 -0.2992 0.8714
vn 0.5575 -0.2696 0.7851
vn 0.3888 -0.4685 0.7933
vn 0.5575 -0.4222 0.7148
vn 0.3888 -0.6186 0.6828
vn 0.5575 -0.5574 0.6152
vn 0.3888 -0.7434 0.5442
vn 0.5575 -0.6698 0.4904
vn 0.3969 -0.9174 -0.0302
vn 0.6036 -0.7861 -0.1330
vn -0.9975 -0.0125 -0.0690
vn -0.9815 -0.0329 -0.1887
vn -0.9813 -0.0527 -0.1851
vn -0.9815 -0.0702 -0.1782
vn -0.9976 -0.0259 -0.0643
vn -0.9809 -0.1941 -0.0156
vn -0.9807 -0.1925 -0.0348
vn -0.9809 -0.1869 -0.0544
vn -0.9999 0.0115 0.0033
vn -0.9999 0.0120 0.0009
vn -0.9815 0.0058 -0.1915
vn -0.9813 -0.0143 -0.1920
vn -0.9975 0.0017 -0.0710
vn -0.9809 -0.0052 0.1946
vn -0.9811 0.0138 0.1932
vn -0.9999 0.0009 0.0118
vn -0.9999 -0.0015 0.0117
vn -0.9811 -0.0253 0.1920
vn -0.9037 -0.1645 0.3952
vn -0.9538 -0.1224 0.2743
vn -0.9765 -0.0683 0.2044
vn -0.9809 -0.0442 0.1896
vn -0.9999 -0.0038 0.0112
vn -0.9811 -0.0635 0.1830
vn -0.9999 -0.0060 0.0102
vn -0.9811 -0.0990 0.1665
vn -0.9809 -0.0815 0.1768
vn -0.9999 -0.0080 0.0088
vn -0.9811 -0.1305 0.1432
vn -0.9809 -0.1154 0.1568
vn -0.9999 -0.0041 -0.0104
vn -0.9813 -0.0705 -0.1790
vn -0.9811 -0.0893 -0.1714
vn -0.9813 -0.1051 -0.1611
vn -0.9999 -0.0061 -0.0094
vn -0.9811 -0.1557 0.1146
vn -0.9809 -0.1446 0.1304
vn -0.9999 -0.0090 0.0074
vn -0.9809 -0.1932 0.0238
vn -0.9807 -0.1956 0.0047
vn -0.9999 0.0119 -0.0015
vn -0.9999 -0.0020 -0.0111
vn -0.9813 -0.0330 -0.1895
vn -0.9811 -0.0529 -0.1859
vn -0.9809 -0.1503 -0.1237
vn -0.9807 -0.1381 -0.1385
vn -0.9809 -0.1223 -0.1514
vn -0.9999 0.0076 0.0093
vn -0.9999 0.0093 0.0076
vn -0.9809 -0.1721 -0.0909
vn -0.9807 -0.1632 -0.1078
vn -0.9999 0.0106 0.0056
vn -0.9999 0.0003 -0.0113
vn -0.9813 0.0058 -0.1924
vn -0.9811 -0.0144 -0.1928
vn -0.9809 -0.1845 0.0622
vn -0.9807 -0.1907 0.0440
vn -0.9999 0.0114 -0.0039
vn -0.9807 -0.1816 -0.0728
vn -0.9566 0.2248 -0.1854
vn -0.9758 0.1379 -0.1694
vn -0.9783 0.1280 -0.1626
vn -0.9692 0.1876 -0.1595
vn -0.9810 0.1054 -0.1629
vn -0.9814 0.0991 -0.1643
vn -0.9807 0.1957 -0.0041
vn -0.9805 0.1961 0.0152
vn -0.9807 0.1924 0.0354
vn -0.9999 -0.0114 -0.0020
vn -0.9999 -0.0115 0.0003
vn -0.9819 0.1867 0.0329
vn -0.9816 0.1902 0.0146
vn -0.9818 0.1900 -0.0054
vn -0.9297 0.3683 -0.0089
vn -0.9297 0.3623 0.0654
vn -0.3886 0.5059 0.7701
vn -0.7149 0.3839 0.5844
vn -0.7149 0.4937 0.4951
vn -0.3886 0.6506 0.6525
vn -0.9999 0.0056 0.0107
vn -0.9809 -0.0894 -0.1729
vn -0.9807 -0.0723 -0.1817
vn -0.9809 -0.0527 -0.1873
vn -0.9999 0.0033 0.0116
vn -0.9972 0.0641 -0.0372
vn -0.9814 0.1657 -0.0970
vn -0.9813 0.1555 -0.1138
vn -0.9814 0.1429 -0.1279
vn -0.9973 0.0549 -0.0497
vn -0.9984 0.0559 0.0089
vn -0.9813 0.1822 -0.0622
vn -0.9812 0.1752 -0.0812
vn -0.9810 0.1886 -0.0446
vn -0.9995 0.0271 0.0187
vn -0.9812 0.1916 -0.0242
vn -0.9809 0.1943 -0.0052
vn -0.9999 0.0121 0.0019
vn -0.9811 0.1929 0.0153
vn -0.7149 -0.1590 0.6809
vn -0.7149 -0.0187 0.6990
vn -0.3886 -0.0247 0.9211
vn -0.3886 -0.2096 0.8972
vn -0.9809 0.1915 0.0345
vn -0.9999 0.0112 0.0032
vn -0.9811 0.1859 0.0541
vn -0.9808 -0.0058 0.1947
vn -0.9807 -0.0250 0.1942
vn -0.9808 -0.0448 0.1896
vn -0.9999 0.0026 -0.0110
vn -0.9809 0.1806 0.0724
vn -0.9999 0.0104 0.0054
vn -0.9811 0.1712 0.0904
vn -0.9808 0.0336 0.1919
vn -0.9806 0.0146 0.1952
vn -0.9808 0.1917 0.0352
vn -0.9806 0.1883 0.0541
vn -0.9808 0.1807 0.0731
vn -0.9999 -0.0103 -0.0041
vn -0.9999 -0.0109 -0.0020
vn -0.9999 0.0070 -0.0088
vn -0.9999 0.0089 -0.0080
vn -0.9809 0.1624 0.1073
vn -0.9999 0.0091 0.0074
vn -0.9811 0.1495 0.1230
vn -0.9806 0.1735 0.0909
vn -0.9808 0.1623 0.1079
vn -0.9999 -0.0093 -0.0061
vn -0.9806 0.1516 0.1239
vn -0.9808 0.1372 0.1384
vn -0.9999 -0.0079 -0.0079
vn -0.9999 -0.0039 0.0114
vn -0.9809 0.0637 -0.1838
vn -0.9807 0.0819 -0.1776
vn -0.9809 0.0994 -0.1672
vn -0.9999 -0.0061 0.0104
vn -0.9815 -0.1773 -0.0718
vn -0.9813 -0.1847 -0.0532
vn -0.9815 -0.1881 -0.0346
vn -0.9979 -0.0636 -0.0112
vn -0.9978 -0.0610 -0.0241
vn -0.9999 0.0074 0.0091
vn -0.9811 0.1217 0.1506
vn -0.9809 0.1375 0.1378
vn -0.9999 0.0054 0.0104
vn -0.9811 0.0889 0.1721
vn -0.9809 0.1069 0.1626
vn -0.9809 0.0720 0.1808
vn -0.9999 0.0032 0.0113
vn -0.9811 0.0524 0.1864
vn -0.9805 0.1890 0.0544
vn -0.9807 0.1813 0.0734
vn -0.9999 -0.0107 -0.0043
vn -0.3886 -0.3859 0.8367
vn -0.7149 -0.2928 0.6349
vn -0.9300 0.3066 0.2026
vn -0.9821 0.1575 0.1030
vn -0.9819 0.1680 0.0879
vn -0.9820 0.1757 0.0695
vn -0.9299 0.3415 0.1369
vn -0.9809 -0.1682 0.0981
vn -0.9807 -0.1779 0.0815
vn -0.9999 0.0103 -0.0061
vn -0.9805 0.1741 0.0913
vn -0.9807 0.1628 0.1084
vn -0.9999 -0.0097 -0.0064
vn -0.9809 -0.1451 0.1299
vn -0.9807 -0.1579 0.1156
vn -0.9815 0.0442 -0.1864
vn -0.9813 0.0246 -0.1910
vn -0.9974 0.0161 -0.0700
vn -0.9813 -0.1746 0.0804
vn -0.9811 -0.1659 0.0999
vn -0.9999 -0.0098 0.0052
vn -0.9303 0.2591 0.2597
vn -0.9824 0.1327 0.1317
vn -0.9820 0.1461 0.1193
vn -0.9814 -0.1872 0.0425
vn -0.9812 -0.1826 0.0622
vn -0.9999 -0.0107 0.0024
vn -0.9807 -0.0454 0.1900
vn -0.9805 -0.0644 0.1855
vn -0.9999 0.0048 -0.0108
vn -0.9999 0.0025 -0.0114
vn -0.9814 -0.1920 0.0040
vn -0.9812 -0.1915 0.0241
vn -0.9999 -0.0110 0.0002
vn -0.9813 0.0626 -0.1821
vn -0.9974 0.0302 -0.0660
vn -0.9815 0.0809 -0.1738
vn -0.9807 -0.0059 0.1953
vn -0.9805 -0.0251 0.1948
vn -0.9999 0.0003 -0.0117
vn -0.9812 -0.1925 -0.0149
vn -0.9814 -0.1889 -0.0348
vn -0.9964 -0.0082 0.0846
vn -0.9915 0.0032 0.1298
vn -0.9418 -0.0059 0.3361
vn -0.9108 -0.0912 0.4026
vn -0.9812 -0.1856 -0.0534
vn -0.9814 -0.1781 -0.0721
vn -0.9807 0.0336 0.1925
vn -0.9805 0.0146 0.1959
vn -0.9999 -0.0020 -0.0115
vn -0.9855 0.0133 0.1694
vn -0.9846 0.0324 0.1716
vn -0.9327 0.0636 0.3549
vn -0.9807 0.0717 0.1819
vn -0.9805 0.0538 0.1889
vn -0.9999 -0.0043 -0.0108
vn -0.9835 0.0498 0.1737
vn -0.9833 0.0685 0.1686
vn -0.9313 0.1349 0.3384
vn -0.9973 0.0433 -0.0592
vn -0.9815 0.1142 -0.1540
vn -0.9813 0.0980 -0.1659
vn -0.9813 0.1294 -0.1428
vn -0.8323 -0.3045 -0.4631
vn -0.8340 -0.3484 -0.4279
vn -0.7123 -0.4427 -0.5447
vn -0.7121 -0.3241 -0.6228
vn -0.8335 -0.2554 -0.4899
vn -0.9807 0.1068 0.1637
vn -0.9805 0.0907 0.1743
vn -0.9999 -0.0064 -0.0097
vn -0.9827 0.0856 0.1639
vn -0.9827 0.1026 0.1542
vn -0.9306 0.2011 0.3058
vn -0.9805 0.1521 0.1244
vn -0.9807 0.1376 0.1389
vn -0.9999 -0.0082 -0.0082
vn -0.9813 -0.1703 -0.0893
vn -0.9978 -0.0557 -0.0365
vn -0.9815 -0.1593 -0.1061
vn -0.9823 0.1183 0.1451
vn -0.9817 0.1829 0.0525
vn -0.9805 0.1240 0.1525
vn -0.9813 -0.1489 -0.1218
vn -0.9977 -0.0479 -0.0476
vn -0.9815 -0.1347 -0.1360
vn -0.9813 0.0444 -0.1873
vn -0.9811 0.0247 -0.1918
vn -0.6389 -0.2253 -0.7355
vn -0.9295 0.3354 -0.1536
vn -0.9816 0.1731 -0.0804
vn -0.9814 0.1654 -0.0977
vn -0.6510 -0.3449 -0.6762
vn -0.9812 -0.1219 -0.1499
vn -0.9813 -0.1353 -0.1366
vn -0.9999 -0.0015 0.0120
vn -0.9809 0.0254 -0.1929
vn -0.9807 0.0444 -0.1904
vn -0.9807 -0.0635 0.1851
vn -0.9808 -0.0821 0.1766
vn -0.9999 0.0048 -0.0097
vn -0.9813 -0.1213 -0.1493
vn -0.9977 -0.0378 -0.0570
vn -0.9815 -0.1046 -0.1604
vn -0.9999 -0.0105 0.0047
vn -0.9999 -0.0096 0.0068
vn -0.9808 0.1575 -0.1153
vn -0.9805 0.1694 -0.0998
vn -0.9807 0.1781 -0.0810
vn -0.9815 0.0816 -0.1732
vn -0.9811 0.0628 -0.1830
vn -0.9999 0.0009 0.0120
vn -0.9807 -0.0343 -0.1925
vn -0.9809 -0.0139 -0.1941
vn -0.9812 -0.1496 -0.1223
vn -0.9814 -0.1600 -0.1065
vn -0.9807 -0.0995 0.1686
vn -0.9809 -0.1159 0.1565
vn -0.9296 0.3592 -0.0829
vn -0.9817 0.1854 -0.0436
vn -0.9815 0.1813 -0.0618
vn -0.9806 0.0536 0.1883
vn -0.9808 0.0715 0.1812
vn -0.7149 0.5833 0.3856
vn -0.3886 0.7686 0.5081
vn -0.9587 0.2476 -0.1396
vn -0.7149 0.6490 0.2603
vn -0.3886 0.8552 0.3430
vn -0.9517 0.2919 -0.0954
vn -0.9466 0.3201 -0.0374
vn -0.7149 -0.5195 0.4680
vn -0.7149 -0.4147 0.5630
vn -0.3886 -0.5464 0.7419
vn -0.3886 -0.6846 0.6167
vn -0.9429 0.3319 0.0281
vn -0.9808 0.1066 0.1631
vn -0.9806 0.0905 0.1737
vn -0.9400 0.3273 0.0962
vn -0.9377 0.3069 0.1628
vn -0.9359 0.2718 0.2242
vn -0.9343 0.2238 0.2774
vn -0.9806 0.1236 0.1519
vn -0.9330 0.1651 0.3197
vn -0.8366 -0.5462 -0.0418
vn -0.8347 -0.5420 -0.0976
vn -0.8357 -0.5279 -0.1514
vn -0.9317 -0.3491 -0.1003
vn -0.9322 -0.3609 -0.0279
vn -0.9319 0.0983 0.3491
vn -0.9310 0.0263 0.3642
vn -0.9301 -0.0478 0.3641
vn -0.9999 -0.0082 0.0088
vn -0.9807 0.1159 -0.1574
vn -0.9809 0.1309 -0.1441
vn -0.9294 -0.1206 0.3488
vn -0.9288 -0.1891 0.3188
vn -0.8294 0.3313 -0.4498
vn -0.8312 0.2826 -0.4789
vn -0.7103 0.3582 -0.6060
vn -0.7124 0.4706 -0.5205
vn -0.8316 0.3717 -0.4127
vn -0.9264 -0.2570 0.2752
vn -0.9301 0.1192 -0.3475
vn -0.8317 0.1801 -0.5252
vn -0.8300 0.2335 -0.5065
vn -0.9300 0.1869 -0.3166
vn -0.9217 -0.3161 0.2249
vn -0.7149 0.6358 -0.2910
vn -0.7149 0.6814 -0.1571
vn -0.9288 0.3612 -0.0833
vn -0.9288 0.3371 -0.1543
vn -0.2834 0.1387 -0.9489
vn -0.3882 0.8394 -0.3804
vn -0.5081 -0.0126 -0.8612
vn -0.7147 0.6363 -0.2903
vn -0.9197 -0.3570 0.1635
vn -0.3886 0.8978 -0.2070
vn -0.9807 -0.1074 -0.1634
vn -0.9999 -0.0112 0.0026
vn -0.9197 -0.3825 0.0882
vn -0.8493 -0.3623 0.3839
vn -0.8557 -0.2656 0.4441
vn -0.3886 0.9211 -0.0220
vn -0.7149 0.6990 -0.0167
vn -0.9197 -0.3924 0.0094
vn -0.3886 0.9067 0.1639
vn -0.7149 0.6881 0.1243
vn -0.9807 0.1450 -0.1315
vn -0.9198 -0.3862 -0.0698
vn -0.9198 -0.3642 -0.1461
vn -0.9805 0.1863 -0.0634
vn -0.9807 0.1909 -0.0434
vn -0.9199 -0.3272 -0.2159
vn -0.9202 -0.2767 -0.2770
vn -0.1960 -0.9282 0.3162
vn -0.1960 -0.9729 0.1224
vn -0.3886 -0.9142 0.1151
vn -0.3885 -0.8723 0.2969
vn -0.9812 -0.1711 -0.0897
vn -0.8368 -0.4477 0.3151
vn -0.9807 0.0052 -0.1955
vn -0.9202 -0.2149 -0.3271
vn -0.3886 0.3406 0.8561
vn -0.7149 0.2584 0.6497
vn -0.9202 -0.1447 -0.3636
vn -0.3886 0.1613 0.9072
vn -0.7149 0.1224 0.6884
vn -0.9815 0.1897 -0.0240
vn -0.9202 -0.0685 -0.3853
vn -0.9202 0.0105 -0.3912
vn -0.7144 -0.1603 0.6811
vn -0.9805 0.1952 -0.0246
vn -0.9202 0.0890 -0.3811
vn -0.7134 -0.2946 0.6358
vn -0.9202 0.1639 -0.3554
vn -0.7132 -0.4157 0.5644
vn -0.9448 -0.1947 0.2634
vn -0.9999 0.0072 -0.0097
vn -0.9202 0.2321 -0.3151
vn -0.7132 -0.5208 0.4692
vn -0.9380 -0.2575 0.2319
vn -0.9999 0.0090 -0.0081
vn -0.9202 0.2908 -0.2619
vn -0.3886 -0.7947 0.4663
vn -0.7131 -0.6047 0.3548
vn -0.9353 -0.3052 0.1792
vn -0.9999 0.0104 -0.0061
vn -0.9202 0.3375 -0.1981
vn -0.3886 -0.8723 0.2968
vn -0.7130 -0.6638 0.2258
vn -0.9338 -0.3387 0.1154
vn -0.9202 0.3705 -0.1260
vn -0.7129 -0.6958 0.0876
vn -0.9328 -0.3575 0.0451
vn -0.9999 0.0120 -0.0015
vn -0.9202 0.3883 -0.0489
vn -0.8465 -0.3950 0.3571
vn -0.8420 -0.4349 0.3193
vn -0.8419 -0.4650 0.2738
vn -0.3886 -0.9186 -0.0713
vn -0.7128 -0.6992 -0.0543
vn -0.9202 0.3902 0.0303
vn -0.3886 -0.8855 -0.2547
vn -0.7127 -0.6741 -0.1940
vn -0.9999 0.0116 0.0033
vn -0.9202 0.3761 0.1082
vn -0.8580 -0.3039 0.4140
vn -0.8480 -0.3551 0.3935
vn -0.3886 -0.8161 -0.4278
vn -0.7126 -0.6213 -0.3258
vn -0.9313 -0.3226 -0.1690
vn -0.9999 0.0107 0.0056
vn -0.9202 0.3466 0.1817
vn -0.7028 0.6837 0.1967
vn -0.7028 0.6301 0.3303
vn -0.3798 0.8891 0.2555
vn -0.3800 0.8193 0.4294
vn -0.8647 -0.2537 0.4335
vn -0.3886 -0.7133 -0.5833
vn -0.7125 -0.5432 -0.4443
vn -0.9310 -0.2826 -0.2309
vn -0.9202 0.3030 0.2478
vn -0.7028 0.5507 0.4504
vn -0.3800 0.7160 0.5856
vn -0.3886 -0.5812 -0.7149
vn -0.8703 0.3078 0.3844
vn -0.8744 0.3732 0.3102
vn -0.9308 -0.2307 -0.2836
vn -0.9999 0.0076 0.0094
vn -0.9202 0.2469 0.3037
vn -0.7028 0.4488 0.5520
vn -0.3800 0.5835 0.7177
vn -0.3886 -0.4254 -0.8173
vn -0.9306 -0.1691 -0.3246
vn -0.9202 0.1807 0.3471
vn -0.7028 0.3285 0.6310
vn -0.3800 0.4271 0.8205
vn -0.3886 -0.2522 -0.8862
vn -0.7119 -0.1921 -0.6755
vn -0.8319 -0.2053 -0.5156
vn -0.8331 -0.1517 -0.5320
vn -0.9304 -0.1004 -0.3524
vn -0.9202 0.1071 0.3764
vn -0.7028 0.1947 0.6842
vn -0.3800 0.2532 0.8897
vn -0.3886 -0.0686 -0.9188
vn -0.7116 -0.0522 -0.7007
vn -0.9303 -0.0274 -0.3658
vn -0.9202 0.0292 0.3903
vn -0.7028 0.0530 0.7094
vn -0.3800 0.0689 0.9224
vn -0.3886 0.1177 -0.9138
vn -0.7112 0.0900 -0.6972
vn -0.8315 -0.0974 -0.5470
vn -0.8326 -0.0415 -0.5523
vn -0.9302 0.0468 -0.3641
vn -0.9202 -0.0500 0.3882
vn -0.7028 -0.0909 0.7056
vn -0.3800 -0.1182 0.9174
vn -0.3886 0.2993 -0.8714
vn -0.7108 0.2287 -0.6652
vn -0.9202 -0.1271 0.3701
vn -0.7028 -0.2311 0.6728
vn -0.3800 -0.3004 0.8748
vn -0.3886 0.4686 -0.7934
vn -0.9202 -0.1990 0.3370
vn -0.7028 -0.3618 0.6125
vn -0.3800 -0.4704 0.7965
vn -0.3886 0.6187 -0.6828
vn -0.9293 0.2476 -0.2739
vn -0.9999 -0.0081 0.0089
vn -0.9202 -0.2628 0.2900
vn -0.7028 -0.4777 0.5272
vn -0.3800 -0.6211 0.6855
vn -0.3886 0.7435 -0.5443
vn -0.7150 0.5638 -0.4135
vn -0.8322 0.0706 -0.5500
vn -0.8310 0.0148 -0.5561
vn -0.9288 0.2987 -0.2194
vn -0.9999 -0.0097 0.0071
vn -0.9202 -0.3158 0.2312
vn -0.7028 -0.5740 0.4202
vn -0.3800 -0.7464 0.5464
vn -0.3886 0.8378 -0.3835
vn -0.9999 -0.0110 0.0050
vn -0.9202 -0.3559 0.1629
vn -0.7028 -0.6469 0.2961
vn -0.3800 -0.8411 0.3850
vn -0.9999 -0.0118 0.0027
vn -0.9202 -0.3814 0.0879
vn -0.7028 -0.6932 0.1598
vn -0.3800 -0.9013 0.2078
vn -0.9288 0.3706 -0.0089
vn -0.9999 -0.0121 0.0003
vn -0.9202 -0.3912 0.0094
vn -0.7028 -0.7112 0.0170
vn -0.3800 -0.9247 0.0221
vn -0.8340 -0.5123 -0.2052
vn -0.8350 -0.4875 -0.2551
vn -0.8574 -0.1700 0.4857
vn -0.9288 0.3648 0.0659
vn -0.9999 -0.0119 -0.0021
vn -0.9202 -0.3851 -0.0696
vn -0.7028 -0.7001 -0.1265
vn -0.3800 -0.9102 -0.1645
vn -0.9288 0.3441 0.1380
vn -0.9999 -0.0112 -0.0045
vn -0.9202 -0.3632 -0.1457
vn -0.7028 -0.6603 -0.2648
vn -0.3800 -0.8585 -0.3444
vn -0.8304 -0.2339 0.5058
vn -0.9288 0.3092 0.2044
vn -0.9999 -0.0101 -0.0067
vn -0.9202 -0.3265 -0.2158
vn -0.7028 -0.5934 -0.3923
vn -0.3800 -0.7716 -0.5101
vn -0.9288 0.2618 0.2625
vn -0.9999 -0.0085 -0.0085
vn -0.9202 -0.2763 -0.2771
vn -0.7028 -0.5023 -0.5038
vn -0.3800 -0.6531 -0.6550
vn -0.9288 0.2036 0.3098
vn -0.9999 -0.0066 -0.0101
vn -0.7028 -0.3906 -0.5946
vn -0.3800 -0.5079 -0.7731
vn -0.9288 0.1370 0.3445
vn -0.9999 -0.0045 -0.0112
vn -0.7028 -0.2629 -0.6610
vn -0.3800 -0.3419 -0.8595
vn -0.9288 0.0649 0.3650
vn -0.9999 -0.0021 -0.0119
vn -0.7028 -0.1245 -0.7004
vn -0.3800 -0.1619 -0.9107
vn -0.9288 -0.0099 0.3706
vn -0.9999 0.0003 -0.0121
vn -0.7028 0.0190 -0.7111
vn -0.3800 0.0248 -0.9247
vn -0.9288 -0.0843 0.3610
vn -0.9999 0.0027 -0.0118
vn -0.7028 0.1618 -0.6928
vn -0.3800 0.2104 -0.9007
vn -0.9288 -0.1553 0.3366
vn -0.9999 0.0051 -0.0110
vn -0.7028 0.2979 -0.6460
vn -0.3800 0.3874 -0.8400
vn -0.9288 -0.2198 0.2985
vn -0.7028 0.4219 -0.5728
vn -0.3800 0.5485 -0.7448
vn -0.9288 -0.2754 0.2481
vn -0.7028 0.5286 -0.4762
vn -0.3800 0.6872 -0.6191
vn -0.3886 -0.7946 0.4664
vn -0.7149 -0.6031 0.3538
vn -0.9288 -0.3197 0.1876
vn -0.7028 0.6136 -0.3600
vn -0.3800 0.7978 -0.4681
vn -0.9288 -0.3510 0.1194
vn -0.7028 0.6735 -0.2291
vn -0.3800 0.8757 -0.2979
vn -0.7149 -0.6620 0.2252
vn -0.7149 -0.6937 0.0874
vn -0.9288 -0.3677 0.0463
vn -0.9202 0.3884 -0.0489
vn -0.7027 0.7059 -0.0888
vn -0.3800 0.9178 -0.1155
vn -0.3827 -0.9236 0.0221
vn -0.7071 -0.7069 0.0171
vn -0.9238 -0.3827 0.0092
vn -1.0000 -0.0001 -0.0000
vn -0.9239 0.3824 -0.0091
vn -0.7072 0.7068 -0.0168
vn -0.3828 0.9236 -0.0219
vn -0.9979 0.0151 -0.0631
vn -0.9998 -0.0045 -0.0214
vn -0.9990 0.0437 0.0036
vn -0.9989 0.0450 0.0124
vn -0.9988 0.0428 0.0219
vn -0.9988 0.0385 0.0309
vn -0.9987 0.0323 0.0390
vn -0.9986 0.0244 0.0459
vn -0.9986 0.0150 0.0511
vn -0.9985 0.0045 0.0543
vn -0.9984 -0.0067 0.0553
vn -0.9984 -0.0181 0.0539
vn -0.9983 -0.0292 0.0502
vn -0.9982 -0.0395 0.0441
vn -0.9982 -0.0485 0.0359
vn -0.9981 -0.0557 0.0259
vn -0.9980 -0.0609 0.0144
vn -0.9980 -0.0636 0.0018
vn -0.9978 -0.0344 -0.0560
vn -0.9977 -0.0381 0.0559
vn -0.9807 -0.1314 0.1451
vn -0.9809 0.0341 0.1916
vn -0.8357 -0.5491 0.0135
vn -0.8377 -0.5417 0.0688
vn -0.8345 -0.4268 -0.3485
vn -0.8328 -0.3910 -0.3918
vn -0.8333 -0.4613 -0.3046
vn -0.8792 0.4200 0.2249
vn -0.8851 0.4459 0.1330
vn -0.8306 0.1266 -0.5424
vn -0.8593 -0.0684 0.5068
vn -0.8615 0.0347 0.5065
vn -0.8640 0.1346 0.4851
vn -0.8669 0.2271 0.4437
vn -0.9813 -0.0888 -0.1707
vn -0.9021 0.4289 -0.0481
vn -0.9147 0.3848 -0.1235
vn -0.8926 0.4492 0.0400
vn -0.9321 0.3169 -0.1755
vn -0.8394 -0.5144 0.1757
vn -0.8389 -0.4947 0.2271
vn -0.8370 -0.5331 0.1234
vn -0.9808 0.1949 -0.0041
vn -0.9806 0.1953 0.0151
vn -0.9808 -0.0896 -0.1734
vn -0.9806 -0.0725 -0.1823
vn -0.9808 -0.0529 -0.1879
vn -0.9806 -0.0344 -0.1931
vn -0.9808 -0.0140 -0.1946
vn -0.9806 0.0052 -0.1960
vn -0.9808 0.0254 -0.1935
vn -0.9806 0.0445 -0.1910
vn -0.9808 0.0638 -0.1844
vn -0.9806 0.0820 -0.1781
vn -0.9808 0.0996 -0.1677
vn -0.9806 0.1162 -0.1579
vn -0.9808 0.1313 -0.1442
vn -0.9806 0.1456 -0.1312
vn -0.9808 0.1577 -0.1148
vn -0.9806 0.1690 -0.0992
vn -0.9808 0.1775 -0.0807
vn -0.9808 0.1901 -0.0433
vn -0.9806 0.1944 -0.0245
vn -0.9806 0.1855 -0.0632
vn -0.9807 -0.1876 -0.0544
vn -0.9805 -0.1822 -0.0730
vn -0.9807 -0.1727 -0.0911
vn -0.9806 -0.1638 -0.1082
vn -0.9808 -0.1509 -0.1240
vn -0.9806 -0.1386 -0.1389
vn -0.9808 -0.1228 -0.1518
vn -0.9806 -0.1078 -0.1639
vn -0.9815 0.1908 0.0180
vn -0.9812 0.1929 0.0007
vn -0.9903 0.1382 0.0113
vn -0.9816 0.1832 0.0533
vn -0.9814 0.1887 0.0341
vn -0.9814 0.1780 0.0714
vn -0.9816 0.1687 0.0892
vn -0.9816 0.1473 0.1213
vn -0.9814 0.1600 0.1058
vn -0.9814 0.1354 0.1358
vn -0.9816 0.1199 0.1485
vn -0.9814 0.1053 0.1603
vn -0.9816 0.0876 0.1696
vn -0.9816 0.0516 0.1838
vn -0.9814 0.0709 0.1783
vn -0.9816 0.0136 0.1904
vn -0.9814 0.0336 0.1889
vn -0.9816 -0.0250 0.1893
vn -0.9814 -0.0051 0.1918
vn -0.9816 -0.0626 0.1804
vn -0.9814 -0.0437 0.1869
vn -0.9816 -0.0977 0.1642
vn -0.9814 -0.0804 0.1743
vn -0.9816 -0.1288 0.1412
vn -0.9814 -0.1139 0.1546
vn -0.9816 -0.1546 0.1124
vn -0.9814 -0.1427 0.1285
vn -0.9816 -0.1741 0.0790
vn -0.9814 -0.1657 0.0972
vn -0.9816 -0.1864 0.0423
vn -0.9814 -0.1819 0.0619
vn -0.9815 -0.1912 0.0039
vn -0.9814 -0.1906 0.0240
vn -0.9814 -0.1916 -0.0149
vn -0.9847 -0.1543 0.0810
vn -0.9806 -0.1960 0.0097
vn -0.9808 -0.1946 -0.0132
vn -0.9805 -0.1932 -0.0348
vn -0.8295 -0.1855 0.5268
vn -0.5538 0.0267 -0.8322
vn -0.5526 -0.1416 -0.8214
vn -0.7005 -0.1250 -0.7027
vn -0.7010 0.0190 -0.7129
vn -0.7014 0.1620 -0.6941
vn -0.6993 -0.2644 -0.6641
vn -0.7018 0.4224 -0.5736
vn -0.7019 0.5292 -0.4768
vn -0.7012 0.6154 -0.3600
vn -0.7406 -0.4524 -0.4968
vn -0.6951 -0.3953 -0.6005
vn -0.4173 0.9031 -0.1011
vn -0.5383 0.8223 -0.1845
vn -0.5551 0.7900 -0.2603
vn -0.7016 0.2984 -0.6471
vn -0.7005 0.6756 -0.2301
vn -0.5540 0.7213 -0.4156
vn -0.5558 0.6207 -0.5530
vn -0.7017 0.7067 -0.0901
vn -0.7027 0.7094 0.0550
vn -0.3882 0.9177 0.0844
vn -0.8316 -0.5416 0.1228
vn -0.8315 -0.5059 0.2293
vn -0.8317 -0.5551 0.0112
vn -0.8322 -0.4619 -0.3066
vn -0.8318 -0.5144 -0.2086
vn -0.8313 -0.4310 -0.3510
vn -0.8318 -0.5459 -0.1008
vn -0.2769 0.9607 -0.0191
vn -0.2538 0.9636 -0.0836
vn -0.5555 0.4968 -0.6668
vn -0.5551 0.3525 -0.7534
vn -0.5546 0.1936 -0.8093
vn -0.5499 -0.3049 -0.7776
vn -0.5409 -0.4592 -0.7047
vn -0.5309 -0.5356 -0.6567
vn -0.1939 0.9722 0.1311
vn -0.0325 -0.5802 -0.8138
vn -0.0184 -0.5937 -0.8045
vn 0.0142 0.9993 0.0351
vn 0.0454 0.9918 -0.1195
vn 0.0809 0.9752 -0.2060
vn 0.1110 0.9410 -0.3197
vn 0.1380 0.8845 -0.4457
vn 0.1985 0.7819 -0.5909
vn 0.1958 0.6496 -0.7346
vn 0.3992 0.6200 -0.6755
vn 0.2389 0.4858 -0.8408
vn 0.4562 0.4415 -0.7726
vn 0.2710 0.3131 -0.9102
vn 0.5147 0.2702 -0.8137
vn 0.2925 0.1272 -0.9478
vn 0.3030 -0.0751 -0.9500
vn 0.3143 -0.2655 -0.9115
vn 0.3292 -0.4423 -0.8342
vn 0.3383 -0.5993 -0.7256
vn 0.3540 -0.7234 -0.5928
vn 0.3736 -0.8176 -0.4381
vn 0.3758 -0.8806 -0.2886
vn 0.3860 -0.8981 -0.2109
vn 0.6645 -0.7112 -0.2294
vn 0.6754 -0.6471 -0.3537
vn 0.5464 0.1010 -0.8314
vn 0.5677 -0.0714 -0.8201
vn 0.5896 -0.2343 -0.7730
vn 0.6096 -0.3801 -0.6957
vn 0.6264 -0.5045 -0.5942
vn 0.6482 -0.5898 -0.4817
vn 0.6612 -0.6166 -0.4274
vt 0.894919 0.980233
vt 0.901372 0.978094
vt 0.902033 0.979582
vt 0.902459 0.980901
vt 0.895905 0.981926
vt 0.773503 0.862745
vt 0.771568 0.859645
vt 0.765325 0.860330
vt 0.778337 0.852651
vt 0.787242 0.854908
vt 0.899708 0.975433
vt 0.900677 0.976825
vt 0.893524 0.978673
vt 0.855158 0.951880
vt 0.856638 0.952827
vt 0.849261 0.960327
vt 0.846279 0.957636
vt 0.854037 0.950171
vt 0.652180 0.660851
vt 0.652266 0.660715
vt 0.652711 0.662292
vt 0.852565 0.949149
vt 0.843316 0.954754
vt 0.851485 0.947356
vt 0.840387 0.951679
vt 0.848992 0.944371
vt 0.850026 0.946253
vt 0.837505 0.948412
vt 0.846562 0.941211
vt 0.847546 0.943184
vt 0.812361 0.905923
vt 0.825940 0.899627
vt 0.826497 0.902527
vt 0.827836 0.904589
vt 0.814645 0.910852
vt 0.844200 0.937873
vt 0.845133 0.939937
vt 0.834680 0.944952
vt 0.771660 0.871136
vt 0.775413 0.865351
vt 0.784306 0.863559
vt 0.809986 0.900885
vt 0.823962 0.894529
vt 0.824546 0.897503
vt 0.758735 0.850919
vt 0.757383 0.844413
vt 0.749379 0.844701
vt 0.763041 0.837342
vt 0.771433 0.842257
vt 0.767105 0.852619
vt 0.764719 0.850333
vt 0.780729 0.844580
vt 0.807352 0.895760
vt 0.821874 0.889328
vt 0.822499 0.892354
vt 0.779807 0.872916
vt 0.777924 0.870258
vt 0.793151 0.864970
vt 0.768574 0.854920
vt 0.815004 0.866606
vt 0.816206 0.872882
vt 0.816051 0.872936
vt 0.814354 0.866809
vt 0.817028 0.876001
vt 0.817107 0.876935
vt 0.703558 0.760480
vt 0.709592 0.752112
vt 0.709711 0.747403
vt 0.728217 0.740368
vt 0.722085 0.752217
vt 0.261030 0.825141
vt 0.258457 0.825321
vt 0.255597 0.825502
vt 0.255340 0.821928
vt 0.260694 0.821897
vt 0.022264 0.532905
vt 0.076417 0.586695
vt 0.078804 0.597799
vt 0.015441 0.536265
vt 0.765637 0.829853
vt 0.751738 0.836136
vt 0.750310 0.833355
vt 0.745382 0.833173
vt 0.757872 0.824941
vt 0.879717 0.977493
vt 0.884125 0.968210
vt 0.886251 0.968062
vt 0.887984 0.968340
vt 0.883772 0.975857
vt 0.876906 0.977587
vt 0.880376 0.968529
vt 0.882409 0.968278
vt 0.878686 0.968861
vt 0.873739 0.976680
vt 0.876973 0.968681
vt 0.875419 0.968882
vt 0.869474 0.976324
vt 0.874104 0.968125
vt 0.079609 0.551844
vt 0.077578 0.559971
vt 0.044328 0.520071
vt 0.051707 0.516028
vt 0.872761 0.967797
vt 0.866663 0.974001
vt 0.871719 0.966558
vt 0.798559 0.901620
vt 0.799240 0.897481
vt 0.795313 0.897104
vt 0.804131 0.890720
vt 0.870428 0.965951
vt 0.863910 0.971643
vt 0.869463 0.964495
vt 0.801323 0.906327
vt 0.802246 0.902106
vt 0.816773 0.933884
vt 0.817461 0.929993
vt 0.814091 0.929577
vt 0.821629 0.924872
vt 0.824085 0.929242
vt 0.797161 0.880745
vt 0.797615 0.873810
vt 0.868105 0.963789
vt 0.861018 0.969523
vt 0.867070 0.962294
vt 0.814864 0.925571
vt 0.811478 0.925123
vt 0.819246 0.920341
vt 0.812331 0.921014
vt 0.808923 0.920540
vt 0.816926 0.915663
vt 0.728973 0.808883
vt 0.713335 0.816267
vt 0.719337 0.808361
vt 0.717078 0.804780
vt 0.735328 0.796712
vt 0.901623 0.991359
vt 0.901028 0.992496
vt 0.900471 0.993432
vt 0.895566 0.990177
vt 0.896201 0.988713
vt 0.858102 0.967423
vt 0.864528 0.960048
vt 0.865648 0.961543
vt 0.855189 0.965198
vt 0.861912 0.957741
vt 0.863069 0.959265
vt 0.860435 0.956914
vt 0.852243 0.962833
vt 0.859272 0.955343
vt 0.709561 0.742734
vt 0.704238 0.741577
vt 0.721847 0.732631
vt 0.058852 0.512812
vt 0.083096 0.544164
vt 0.272316 0.819958
vt 0.272770 0.822501
vt 0.270034 0.823317
vt 0.266854 0.824137
vt 0.266360 0.821251
vt 0.777785 0.880794
vt 0.781456 0.875186
vt 0.789896 0.873358
vt 0.705150 0.734979
vt 0.698137 0.734291
vt 0.716054 0.723788
vt 0.786994 0.881360
vt 0.784253 0.879757
vt 0.897491 0.973026
vt 0.898754 0.974265
vt 0.891715 0.977328
vt 0.841911 0.934354
vt 0.842790 0.936510
vt 0.831920 0.941302
vt 0.277440 0.818082
vt 0.278112 0.820254
vt 0.275738 0.821399
vt 0.312949 0.810586
vt 0.310311 0.810668
vt 0.306143 0.810467
vt 0.306129 0.810174
vt 0.839696 0.930654
vt 0.840520 0.932901
vt 0.829232 0.937464
vt 0.644498 0.675404
vt 0.651751 0.666241
vt 0.672611 0.651960
vt 0.667324 0.667718
vt 0.837558 0.926770
vt 0.838327 0.929110
vt 0.826619 0.933443
vt 0.896292 0.972005
vt 0.889498 0.976296
vt 0.894763 0.970969
vt 0.645548 0.694633
vt 0.653579 0.681727
vt 0.667423 0.682914
vt 0.836210 0.925136
vt 0.835497 0.922703
vt 0.303246 0.810927
vt 0.299863 0.811071
vt 0.299684 0.810398
vt 0.834169 0.920977
vt 0.833508 0.918450
vt 0.666010 0.702466
vt 0.659985 0.693648
vt 0.683454 0.687504
vt 0.297356 0.812142
vt 0.294392 0.813049
vt 0.293985 0.812020
vt 0.680731 0.708465
vt 0.676485 0.702230
vt 0.697856 0.694499
vt 0.292131 0.814408
vt 0.289226 0.815729
vt 0.288755 0.814331
vt 0.886885 0.975697
vt 0.891593 0.969341
vt 0.893355 0.970125
vt 0.890026 0.968686
vt 0.383032 0.737110
vt 0.378951 0.741243
vt 0.371838 0.733020
vt 0.379393 0.725195
vt 0.386178 0.732794
vt 0.684975 0.716856
vt 0.687129 0.710347
vt 0.703162 0.707612
vt 0.286547 0.816930
vt 0.283428 0.818020
vt 0.282893 0.816217
vt 0.699630 0.727324
vt 0.697266 0.722700
vt 0.714214 0.713961
vt 0.902052 0.990306
vt 0.896597 0.987120
vt 0.902475 0.989032
vt 0.280938 0.819125
vt 0.264141 0.824680
vt 0.692633 0.718371
vt 0.902745 0.987869
vt 0.896709 0.985428
vt 0.902953 0.986472
vt 0.819738 0.884038
vt 0.820386 0.887092
vt 0.239878 0.822721
vt 0.244785 0.822481
vt 0.245445 0.826886
vt 0.242716 0.827685
vt 0.239185 0.827147
vt 0.828392 0.907401
vt 0.829703 0.909389
vt 0.738530 0.815159
vt 0.725538 0.824787
vt 0.723575 0.816156
vt 0.795444 0.892783
vt 0.791076 0.892653
vt 0.799907 0.886495
vt 0.903026 0.985217
vt 0.896492 0.983680
vt 0.902972 0.983733
vt 0.733232 0.767126
vt 0.730585 0.779936
vt 0.714411 0.784435
vt 0.717698 0.778183
vt 0.717472 0.774045
vt 0.817758 0.878623
vt 0.818400 0.881675
vt 0.748652 0.819829
vt 0.744065 0.829188
vt 0.737083 0.829747
vt 0.830279 0.912107
vt 0.831583 0.914011
vt 0.792102 0.887828
vt 0.788087 0.886554
vt 0.249926 0.821310
vt 0.250861 0.826295
vt 0.248492 0.826367
vt 0.804886 0.906831
vt 0.803897 0.911100
vt 0.082466 0.610173
vt 0.008424 0.539800
vt 0.812246 0.860547
vt 0.097338 0.631675
vt -0.000000 0.544512
vt 0.809130 0.855553
vt 0.805923 0.850485
vt 0.091199 0.529454
vt 0.086361 0.536252
vt 0.065943 0.509286
vt 0.072894 0.506555
vt 0.802727 0.845155
vt 0.806408 0.915854
vt 0.807385 0.911602
vt 0.799426 0.839623
vt 0.794778 0.834290
vt 0.789604 0.829405
vt 0.784106 0.824987
vt 0.809848 0.916347
vt 0.778095 0.818918
vt 0.620329 0.591600
vt 0.616055 0.588503
vt 0.611975 0.586524
vt 0.614442 0.583304
vt 0.623084 0.589580
vt 0.771003 0.814325
vt 0.763053 0.810706
vt 0.755936 0.805772
vt 0.726052 0.792088
vt 0.716656 0.799951
vt 0.709464 0.799951
vt 0.751248 0.799387
vt 0.749799 0.790921
vt 0.431178 0.679677
vt 0.426694 0.687069
vt 0.422549 0.682328
vt 0.427104 0.671109
vt 0.435749 0.672725
vt 0.748516 0.781901
vt 0.482498 0.589750
vt 0.485617 0.598781
vt 0.474183 0.608588
vt 0.461394 0.618128
vt 0.460714 0.605247
vt 0.747991 0.773330
vt 0.373569 0.644977
vt 0.336829 0.646509
vt 0.345993 0.631475
vt 0.379658 0.630134
vt 0.242126 0.787585
vt 0.245520 0.793078
vt 0.747785 0.763347
vt 0.248881 0.795480
vt 0.752830 0.838847
vt 0.727109 0.760692
vt 0.747039 0.752857
vt 0.758995 0.780425
vt 0.758421 0.788297
vt 0.253192 0.797867
vt 0.745435 0.743642
vt 0.257508 0.800657
vt 0.716380 0.790768
vt 0.743719 0.733453
vt 0.262049 0.801747
vt 0.741101 0.722705
vt 0.266243 0.800219
vt 0.715634 0.770109
vt 0.710061 0.769587
vt 0.736178 0.713335
vt 0.729145 0.703907
vt 0.086507 0.498394
vt 0.084194 0.479555
vt 0.092072 0.479413
vt 0.092351 0.488039
vt 0.094081 0.494118
vt 0.087486 0.500446
vt 0.832197 0.916634
vt 0.268860 0.794002
vt 0.758078 0.771629
vt 0.275722 0.794336
vt 0.734571 0.824087
vt 0.719868 0.696443
vt 0.282218 0.794379
vt 0.711821 0.687727
vt 0.285376 0.786009
vt 0.253205 0.825504
vt 0.701568 0.678895
vt 0.294696 0.787595
vt 0.692406 0.669794
vt 0.301969 0.791458
vt 0.711402 0.761027
vt 0.686899 0.659023
vt 0.686131 0.645656
vt 0.640537 0.653258
vt 0.659172 0.643834
vt 0.678055 0.632960
vt 0.624756 0.637760
vt 0.648984 0.630138
vt 0.670753 0.621664
vt 0.633178 0.620844
vt 0.652591 0.615351
vt 0.668738 0.606899
vt 0.632338 0.608149
vt 0.649101 0.601379
vt 0.663718 0.592002
vt 0.629519 0.597548
vt 0.643864 0.588712
vt 0.656848 0.577483
vt 0.623147 0.638009
vt 0.628409 0.627892
vt 0.631558 0.620257
vt 0.635613 0.577952
vt 0.647345 0.564236
vt 0.331373 0.795143
vt 0.328002 0.798325
vt 0.318130 0.784324
vt 0.323409 0.778217
vt 0.333580 0.791428
vt 0.624814 0.569973
vt 0.634817 0.554870
vt 0.640265 0.653823
vt 0.631834 0.645564
vt 0.325498 0.801795
vt 0.321429 0.804525
vt 0.313757 0.789973
vt 0.602966 0.579590
vt 0.611230 0.564825
vt 0.619203 0.549849
vt 0.644891 0.538644
vt 0.626397 0.534037
vt 0.655115 0.520968
vt 0.632168 0.517845
vt 0.660986 0.502790
vt 0.634886 0.501578
vt 0.645995 0.656901
vt 0.589725 0.577080
vt 0.595734 0.562167
vt 0.601774 0.546848
vt 0.606824 0.531378
vt 0.610625 0.516165
vt 0.612394 0.500793
vt 0.787993 0.820836
vt 0.792594 0.826196
vt 0.574597 0.576015
vt 0.578956 0.560302
vt 0.583309 0.545305
vt 0.587017 0.530131
vt 0.589605 0.514928
vt 0.590980 0.499914
vt 0.565220 0.581461
vt 0.557821 0.581753
vt 0.558375 0.575443
vt 0.573549 0.581621
vt 0.561139 0.559796
vt 0.564236 0.544284
vt 0.566940 0.529159
vt 0.568894 0.514068
vt 0.569977 0.499065
vt 0.390246 0.728332
vt 0.387154 0.716898
vt 0.393543 0.723979
vt 0.541153 0.575592
vt 0.542539 0.559804
vt 0.544654 0.544217
vt 0.546667 0.528784
vt 0.548156 0.513482
vt 0.549181 0.498158
vt 0.549004 0.581941
vt 0.541293 0.582526
vt 0.523058 0.576925
vt 0.523218 0.560882
vt 0.524605 0.544809
vt 0.526256 0.528753
vt 0.527392 0.513043
vt 0.528329 0.497177
vt 0.397631 0.719230
vt 0.395245 0.708232
vt 0.401130 0.714908
vt 0.503040 0.581524
vt 0.503277 0.563721
vt 0.504470 0.546278
vt 0.505580 0.529439
vt 0.506744 0.512672
vt 0.507620 0.496262
vt 0.482723 0.568908
vt 0.484061 0.549157
vt 0.485020 0.530758
vt 0.486042 0.512847
vt 0.486621 0.495262
vt 0.461970 0.577655
vt 0.463859 0.553776
vt 0.464374 0.533142
vt 0.465306 0.513498
vt 0.466127 0.494261
vt 0.532134 0.583285
vt 0.524153 0.584466
vt 0.436669 0.625233
vt 0.441716 0.587471
vt 0.443616 0.560996
vt 0.444198 0.537021
vt 0.444724 0.514817
vt 0.446237 0.493238
vt 0.403801 0.699361
vt 0.409069 0.705706
vt 0.405320 0.709941
vt 0.410197 0.636283
vt 0.418421 0.599350
vt 0.422239 0.569875
vt 0.424151 0.545040
vt 0.425291 0.517948
vt 0.426135 0.492253
vt 0.389931 0.610930
vt 0.397880 0.583052
vt 0.402770 0.552656
vt 0.405454 0.522979
vt 0.407906 0.490992
vt 0.514281 0.587011
vt 0.505478 0.589324
vt 0.355883 0.613710
vt 0.370839 0.587545
vt 0.380955 0.557046
vt 0.385751 0.525492
vt 0.390067 0.489888
vt 0.304518 0.636100
vt 0.320537 0.618875
vt 0.338972 0.596751
vt 0.356331 0.565286
vt 0.366011 0.533120
vt 0.372952 0.490068
vt 0.606447 0.584764
vt 0.601063 0.583738
vt 0.759196 0.795394
vt 0.253989 0.640107
vt 0.282981 0.622615
vt 0.306537 0.604406
vt 0.329771 0.573982
vt 0.346616 0.536119
vt 0.355660 0.491473
vt 0.364878 0.756922
vt 0.362088 0.760942
vt 0.358094 0.764212
vt 0.350002 0.753872
vt 0.357140 0.747290
vt 0.196291 0.645283
vt 0.243879 0.623444
vt 0.277943 0.604318
vt 0.305111 0.577915
vt 0.327056 0.540711
vt 0.338903 0.491738
vt 0.003363 0.460778
vt 0.009015 0.461870
vt 0.013514 0.462976
vt 0.317993 0.806970
vt 0.314163 0.809806
vt 0.308166 0.792451
vt 0.165470 0.631011
vt 0.214706 0.620440
vt 0.255362 0.601002
vt 0.283154 0.578327
vt 0.308912 0.542554
vt 0.323006 0.491706
vt 0.017560 0.464099
vt 0.021052 0.465667
vt 0.151222 0.618603
vt 0.197554 0.611590
vt 0.235681 0.596747
vt 0.266894 0.573560
vt 0.292931 0.540797
vt 0.307799 0.491298
vt 0.024286 0.467327
vt 0.027352 0.468703
vt 0.140796 0.607404
vt 0.185477 0.602202
vt 0.222634 0.588901
vt 0.251891 0.568873
vt 0.277977 0.537652
vt 0.293017 0.491424
vt 0.030345 0.470251
vt 0.033366 0.471195
vt 0.029232 0.530036
vt 0.075341 0.567733
vt 0.076457 0.577462
vt 0.036850 0.524851
vt 0.136305 0.597523
vt 0.177163 0.592390
vt 0.213560 0.579634
vt 0.239932 0.561698
vt 0.263519 0.534770
vt 0.278602 0.490894
vt 0.036382 0.472300
vt 0.039486 0.472813
vt 0.132242 0.587570
vt 0.168146 0.583631
vt 0.202627 0.571733
vt 0.229736 0.553643
vt 0.250903 0.529342
vt 0.264354 0.489718
vt 0.042573 0.473684
vt 0.045723 0.474156
vt 0.127624 0.577875
vt 0.163167 0.574181
vt 0.193967 0.563298
vt 0.219701 0.545672
vt 0.238524 0.523850
vt 0.250020 0.488522
vt 0.048869 0.474839
vt 0.052074 0.475247
vt 0.123569 0.567964
vt 0.156221 0.565669
vt 0.185553 0.554989
vt 0.209643 0.537923
vt 0.226225 0.518049
vt 0.235811 0.487632
vt 0.055281 0.475787
vt 0.058516 0.476160
vt 0.119747 0.558209
vt 0.152884 0.556352
vt 0.178421 0.546078
vt 0.199317 0.530606
vt 0.213811 0.511935
vt 0.221693 0.486470
vt 0.061758 0.476647
vt 0.065031 0.477008
vt 0.118486 0.549017
vt 0.148385 0.547149
vt 0.170706 0.537483
vt 0.188621 0.523409
vt 0.201100 0.506621
vt 0.207607 0.485346
vt 0.068219 0.477621
vt 0.071394 0.478081
vt 0.118869 0.539685
vt 0.142839 0.538240
vt 0.163271 0.528664
vt 0.177786 0.516351
vt 0.188212 0.501579
vt 0.193483 0.483864
vt 0.074591 0.478750
vt 0.077825 0.479091
vt 0.079901 0.502970
vt 0.094848 0.521582
vt 0.117312 0.529789
vt 0.136258 0.529061
vt 0.153780 0.521456
vt 0.166891 0.509443
vt 0.174871 0.496456
vt 0.179111 0.482125
vt 0.114837 0.519738
vt 0.131051 0.518785
vt 0.143933 0.513680
vt 0.154233 0.504849
vt 0.160923 0.493050
vt 0.164508 0.481240
vt 0.099713 0.513485
vt 0.102500 0.504385
vt 0.114562 0.509290
vt 0.125939 0.508430
vt 0.135507 0.504192
vt 0.142355 0.497368
vt 0.147386 0.489610
vt 0.148762 0.480684
vt 0.102644 0.486830
vt 0.106475 0.493065
vt 0.112357 0.496903
vt 0.119081 0.497578
vt 0.125394 0.495603
vt 0.130528 0.491592
vt 0.134112 0.486173
vt 0.877294 0.985967
vt 0.884705 0.986382
vt 0.877694 0.987864
vt 0.878456 0.988689
vt 0.879302 0.989523
vt 0.880170 0.990554
vt 0.881107 0.991664
vt 0.882146 0.992717
vt 0.883297 0.993628
vt 0.884552 0.994346
vt 0.885887 0.994838
vt 0.887271 0.995083
vt 0.888668 0.995074
vt 0.890044 0.994811
vt 0.891365 0.994304
vt 0.892604 0.993570
vt 0.893736 0.992624
vt 0.894733 0.991487
vt 0.879930 0.983916
vt 0.871948 0.985329
vt 0.789077 0.882514
vt 0.857789 0.954459
vt 0.348955 0.774998
vt 0.345210 0.777982
vt 0.336222 0.766289
vt 0.343026 0.760184
vt 0.351524 0.771210
vt 0.623650 0.594528
vt 0.626773 0.598417
vt 0.291957 0.652113
vt 0.258412 0.655841
vt 0.221976 0.662718
vt 0.422245 0.691537
vt 0.417478 0.696511
vt 0.412951 0.690422
vt 0.446148 0.638102
vt 0.404511 0.651023
vt 0.588255 0.582037
vt 0.580527 0.581625
vt 0.375929 0.745479
vt 0.371842 0.749281
vt 0.364424 0.740365
vt 0.594379 0.582536
vt 0.368938 0.753414
vt 0.797944 0.831542
vt 0.355414 0.768116
vt 0.802437 0.837578
vt 0.495303 0.594029
vt 0.762170 0.801158
vt 0.767111 0.805761
vt 0.774115 0.809344
vt 0.781665 0.814182
vt 0.902809 0.982420
vt 0.807882 0.849322
vt 0.810717 0.854641
vt 0.805388 0.843682
vt 0.813326 0.859988
vt 0.903750 0.833108
vt 0.903750 0.823259
vt 0.904048 0.828572
vt 0.339215 0.784654
vt 0.336917 0.788332
vt 0.329621 0.772256
vt 0.631063 0.613575
vt 0.630126 0.607934
vt 0.342765 0.781680
vt 0.628588 0.602537
vt 0.819528 0.938028
vt 0.820130 0.934261
vt 0.849896 0.969278
vt 0.849924 0.966929
vt 0.846836 0.967027
vt 0.846853 0.964511
vt 0.843704 0.964565
vt 0.843755 0.961910
vt 0.840559 0.961916
vt 0.840655 0.959118
vt 0.837422 0.959074
vt 0.837572 0.956134
vt 0.834310 0.956040
vt 0.834523 0.952958
vt 0.831238 0.952813
vt 0.831519 0.949591
vt 0.828216 0.949396
vt 0.828572 0.946033
vt 0.825253 0.945790
vt 0.822355 0.941999
vt 0.822872 0.938363
vt 0.825687 0.942289
vt 0.861957 0.977870
vt 0.862062 0.975587
vt 0.858976 0.975524
vt 0.858996 0.973394
vt 0.855989 0.973465
vt 0.855981 0.971323
vt 0.852974 0.971460
vt 0.413464 0.700607
vt 0.852967 0.969191
vt 0.081034 0.479477
vt 0.875062 0.989656
vt 0.874555 0.988960
vt 0.873787 0.987090
vt 0.876201 0.991235
vt 0.875631 0.990363
vt 0.876696 0.991853
vt 0.877205 0.992706
vt 0.878249 0.994177
vt 0.877694 0.993366
vt 0.878781 0.994821
vt 0.879414 0.995582
vt 0.880013 0.996182
vt 0.880740 0.996876
vt 0.882247 0.998010
vt 0.881426 0.997415
vt 0.883937 0.998934
vt 0.883010 0.998454
vt 0.885787 0.999596
vt 0.884776 0.999262
vt 0.887759 0.999956
vt 0.886687 0.999790
vt 0.889798 0.999984
vt 0.888696 1.000000
vt 0.891844 0.999670
vt 0.890745 0.999871
vt 0.893838 0.999018
vt 0.892773 0.999399
vt 0.895732 0.998049
vt 0.894724 0.998598
vt 0.897489 0.996784
vt 0.896557 0.997489
vt 0.899079 0.995242
vt 0.898239 0.996093
vt 0.899741 0.994427
vt 0.870654 0.981568
vt 0.870158 0.980253
vt 0.868643 0.979430
vt 0.865185 0.980241
vt 0.865255 0.977829
vt 0.135773 0.479962
vt 0.906245 0.006829
vt 0.907565 0.000692
vt 0.905599 0.014163
vt 0.903026 0.762960
vt 0.903442 0.756633
vt 0.903442 0.770371
vt 0.903026 0.789930
vt 0.903431 0.783763
vt 0.903431 0.797154
vt 0.903026 0.803165
vt 0.903421 0.797154
vt 0.903421 0.810207
vt 0.903026 0.841841
vt 0.903411 0.835982
vt 0.903411 0.848705
vt 0.903026 0.866817
vt 0.903401 0.861106
vt 0.903401 0.873507
vt 0.903026 0.891161
vt 0.903392 0.885594
vt 0.903392 0.897682
vt 0.903392 0.878933
vt 0.903748 0.873507
vt 0.903748 0.885289
vt 0.903401 0.853993
vt 0.903749 0.848705
vt 0.903749 0.860189
vt 0.903411 0.828414
vt 0.903750 0.823259
vt 0.903750 0.834453
vt 0.903421 0.802179
vt 0.903751 0.797154
vt 0.903751 0.808065
vt 0.903431 0.785904
vt 0.903753 0.781006
vt 0.903753 0.791641
vt 0.903442 0.758034
vt 0.903756 0.753260
vt 0.903756 0.763626
vt 0.903753 0.775025
vt 0.904059 0.770372
vt 0.904059 0.780475
vt 0.903753 0.784896
vt 0.904044 0.780475
vt 0.904044 0.790075
vt 0.903756 0.757569
vt 0.904039 0.753260
vt 0.904039 0.762617
vt 0.905689 0.210516
vt 0.905013 0.200415
vt 0.905659 0.191721
vt 0.905649 0.173404
vt 0.904996 0.163812
vt 0.905602 0.155554
vt 0.905015 0.146197
vt 0.905680 0.138155
vt 0.712856 0.658245
vt 0.718719 0.666602
vt 0.715641 0.669881
vt 0.707690 0.661759
vt 0.742566 0.693804
vt 0.745795 0.698938
vt 0.742241 0.694153
vt 0.904949 0.129065
vt 0.905383 0.121206
vt 0.703036 0.651080
vt 0.724857 0.676779
vt 0.693303 0.626397
vt 0.688049 0.613151
vt 0.683466 0.598593
vt 0.733222 0.685274
vt 0.682715 0.557207
vt 0.690255 0.566199
vt 0.692510 0.575915
vt 0.699545 0.638606
vt 0.677595 0.582766
vt 0.696654 0.593247
vt 0.700248 0.608695
vt 0.669500 0.566479
vt 0.659418 0.549921
vt 0.672482 0.536217
vt 0.905760 0.249590
vt 0.905040 0.238957
vt 0.905708 0.229801
vt 0.677888 0.503398
vt 0.905379 0.028244
vt 0.905148 0.020642
vt 0.905023 0.219436
vt 0.905405 0.312119
vt 0.905004 0.300592
vt 0.905991 0.290726
vt 0.905735 0.269894
vt 0.905048 0.258979
vt 0.759719 0.752802
vt 0.758665 0.762585
vt 0.758747 0.741949
vt 0.750282 0.704918
vt 0.755902 0.717880
vt 0.757556 0.730601
vt 0.905237 0.057666
vt 0.905148 0.072948
vt 0.904809 0.064700
vt 0.684383 0.544187
vt 0.686825 0.555167
vt 0.905116 0.279543
vt 0.703551 0.622371
vt 0.708074 0.635111
vt 0.710205 0.647756
vt 0.905007 0.181876
vt 0.727060 0.674283
vt 0.734818 0.683988
vt 0.905073 0.109586
vt 0.905098 0.104702
vt 0.905537 0.113705
vt 0.904935 0.112356
vt 0.904742 0.096025
vt 0.905168 0.088628
vt 0.904757 0.080169
vt 0.904907 0.049626
vt 0.905326 0.042768
vt 0.904980 0.034929
vt 0.684218 0.527942
vt 0.100986 0.479344
vt 0.569709 0.391527
vt 0.549294 0.383664
vt 0.549139 0.384198
vt 0.562263 0.388711
vt 0.624311 0.439337
vt 0.631051 0.450665
vt 0.637432 0.464723
vt 0.904747 0.006456
vt 0.903761 0.014042
vt 0.903785 -0.000000
vt 0.373730 0.648524
vt 0.356449 0.635735
vt 0.389567 0.657784
vt 0.408577 0.666607
vt 0.425518 0.672339
vt 0.445401 0.677035
vt 0.462704 0.679182
vt 0.482611 0.679765
vt 0.499555 0.678419
vt 0.518679 0.675070
vt 0.534594 0.670457
vt 0.552199 0.663508
vt 0.566490 0.655978
vt 0.581938 0.645888
vt 0.594106 0.635892
vt 0.606878 0.623227
vt 0.616534 0.611292
vt 0.626246 0.596692
vt 0.633123 0.583399
vt 0.639533 0.567553
vt 0.643490 0.553508
vt 0.646502 0.537119
vt 0.647522 0.522930
vt 0.647183 0.506689
vt 0.645371 0.492940
vt 0.641862 0.477497
vt 0.615461 0.427164
vt 0.606800 0.417670
vt 0.595960 0.407782
vt 0.585825 0.400417
vt 0.903161 0.210509
vt 0.903165 0.191714
vt 0.903811 0.200410
vt 0.903163 0.173397
vt 0.903189 0.155545
vt 0.903793 0.163806
vt 0.903142 0.138149
vt 0.903781 0.146196
vt 0.318944 0.414988
vt 0.319127 0.414428
vt 0.335950 0.414449
vt 0.903299 0.121195
vt 0.903787 0.129046
vt 0.903159 0.249584
vt 0.903166 0.229795
vt 0.903843 0.238951
vt 0.903891 0.020591
vt 0.903303 0.028239
vt 0.903826 0.219432
vt 0.903354 0.312106
vt 0.903153 0.290722
vt 0.903869 0.300607
vt 0.903865 0.258977
vt 0.903198 0.269890
vt 0.903176 0.057648
vt 0.903520 0.064689
vt 0.903101 0.072936
vt 0.903905 0.279533
vt 0.903799 0.181871
vt 0.903560 0.109598
vt 0.903159 0.113762
vt 0.903206 0.104731
vt 0.903399 0.112353
vt 0.903494 0.096035
vt 0.903026 0.088623
vt 0.903458 0.080160
vt 0.903614 0.049613
vt 0.903302 0.042752
vt 0.903668 0.034921
vt 0.101515 0.479297
vt 0.103183 0.486482
vt 0.106926 0.492502
vt 0.112500 0.496176
vt 0.118881 0.496917
vt 0.124987 0.495097
vt 0.130030 0.491243
vt 0.133551 0.485975
vt 0.135140 0.479917
vt 0.905628 0.371447
vt 0.904073 0.371447
vt 0.903731 0.357460
vt 0.905277 0.357465
vt 0.903814 0.345058
vt 0.905368 0.345002
vt 0.903173 0.334404
vt 0.904720 0.334439
vt 0.903664 0.322417
vt 0.905211 0.322326
vt 0.182435 0.671420
vt 0.910165 0.473607
vt 0.886704 0.466699
vt 0.886703 0.466356
vt 0.910743 0.472384
vt 0.928485 0.488335
vt 0.930670 0.485223
vt 0.886703 0.465657
vt 0.911361 0.470868
vt 0.932653 0.481639
vt 0.886702 0.464582
vt 0.911996 0.468960
vt 0.934349 0.477661
vt 0.886702 0.463104
vt 0.912611 0.466642
vt 0.935727 0.473327
vt 0.886700 0.461195
vt 0.913170 0.463896
vt 0.936770 0.468678
vt 0.886699 0.458826
vt 0.913644 0.460711
vt 0.937475 0.463753
vt 0.886697 0.455969
vt 0.914006 0.457086
vt 0.937852 0.458586
vt 0.886695 0.452605
vt 0.914237 0.453022
vt 0.937921 0.453208
vt 0.886693 0.448721
vt 0.914324 0.448531
vt 0.937713 0.447638
vt 0.886692 0.444315
vt 0.914267 0.443627
vt 0.937263 0.441890
vt 0.886690 0.439399
vt 0.914070 0.438325
vt 0.936609 0.435973
vt 0.886743 0.434007
vt 0.913750 0.432646
vt 0.935792 0.429887
vt 0.886736 0.428134
vt 0.913328 0.426604
vt 0.934854 0.423631
vt 0.886732 0.421826
vt 0.912829 0.420218
vt 0.933837 0.417204
vt 0.886730 0.415117
vt 0.912290 0.413498
vt 0.932783 0.410605
vt 0.886730 0.408049
vt 0.911484 0.406543
vt 0.931841 0.403644
vt 0.886733 0.400632
vt 0.910895 0.399218
vt 0.930715 0.396470
vt 0.886734 0.392891
vt 0.910303 0.391606
vt 0.929629 0.389110
vt 0.886621 0.384889
vt 0.909477 0.383741
vt 0.928731 0.381327
vt 0.886621 0.376692
vt 0.908906 0.375540
vt 0.927645 0.373278
vt 0.886622 0.368142
vt 0.908316 0.367094
vt 0.926599 0.365022
vt 0.886620 0.359329
vt 0.907767 0.358380
vt 0.925613 0.356563
vt 0.886603 0.350247
vt 0.907302 0.349378
vt 0.924717 0.347915
vt 0.886588 0.340893
vt 0.906621 0.340156
vt 0.924100 0.338846
vt 0.886570 0.331251
vt 0.906298 0.330564
vt 0.923320 0.329478
vt 0.886533 0.321312
vt 0.905720 0.320721
vt 0.922805 0.319700
vt 0.886508 0.311078
vt 0.905456 0.310505
vt 0.922100 0.309616
vt 0.886484 0.300542
vt 0.904902 0.300028
vt 0.921636 0.299113
vt 0.886454 0.289700
vt 0.904582 0.289203
vt 0.920938 0.288246
vt 0.886416 0.278556
vt 0.904219 0.278082
vt 0.920250 0.277159
vt 0.886376 0.267110
vt 0.903852 0.266669
vt 0.919600 0.265827
vt 0.886351 0.255332
vt 0.903511 0.254947
vt 0.919015 0.254234
vt 0.886303 0.243191
vt 0.903226 0.242884
vt 0.918540 0.242371
vt 0.886257 0.230664
vt 0.903068 0.230401
vt 0.918263 0.230237
vt 0.918034 0.223906
vt 0.762250 0.102635
vt 0.760567 0.101326
vt 0.763968 0.095864
vt 0.765325 0.096697
vt 0.766794 0.097849
vt 0.764758 0.128554
vt 0.770128 0.135007
vt 0.765001 0.138486
vt 0.760908 0.130908
vt 0.762761 0.129902
vt 0.769224 0.100425
vt 0.763672 0.104299
vt 0.767985 0.098965
vt 0.731465 0.123923
vt 0.729712 0.121635
vt 0.738274 0.116290
vt 0.740317 0.118945
vt 0.733165 0.125700
vt 0.794677 0.098249
vt 0.794124 0.097029
vt 0.795047 0.098133
vt 0.728363 0.119503
vt 0.727064 0.116846
vt 0.736757 0.113207
vt 0.726139 0.114429
vt 0.725370 0.111494
vt 0.735856 0.109798
vt 0.724931 0.108875
vt 0.724752 0.105767
vt 0.735641 0.106187
vt 0.766758 0.089525
vt 0.762380 0.087886
vt 0.765894 0.074530
vt 0.769223 0.075392
vt 0.772998 0.076807
vt 0.725290 0.099883
vt 0.736156 0.102511
vt 0.724841 0.103045
vt 0.767984 0.125564
vt 0.774357 0.130695
vt 0.766335 0.127236
vt 0.770829 0.092060
vt 0.776171 0.078349
vt 0.779681 0.080537
vt 0.751862 0.133210
vt 0.752746 0.142234
vt 0.746055 0.142233
vt 0.746994 0.132977
vt 0.749260 0.133203
vt 0.756558 0.132495
vt 0.759140 0.140947
vt 0.754070 0.132989
vt 0.782559 0.082731
vt 0.785645 0.085642
vt 0.774409 0.095435
vt 0.770491 0.122085
vt 0.777567 0.125761
vt 0.769237 0.124000
vt 0.758626 0.131859
vt 0.447559 0.842109
vt 0.449446 0.842645
vt 0.446966 0.853544
vt 0.445611 0.853464
vt 0.445683 0.861269
vt 0.445456 0.859527
vt 0.733079 0.083754
vt 0.723842 0.075711
vt 0.730464 0.069470
vt 0.738126 0.079433
vt 0.735662 0.081322
vt 0.787870 0.024240
vt 0.784909 0.025878
vt 0.780742 0.019316
vt 0.783875 0.017045
vt 0.786126 0.020841
vt 0.738151 0.473880
vt 0.738142 0.455296
vt 0.756381 0.455690
vt 0.755969 0.474286
vt 0.739326 0.140875
vt 0.732833 0.138147
vt 0.737516 0.129547
vt 0.739623 0.130690
vt 0.742145 0.131757
vt 0.764688 0.115628
vt 0.765435 0.113242
vt 0.772794 0.114714
vt 0.772442 0.116537
vt 0.771792 0.118614
vt 0.763492 0.117867
vt 0.771066 0.120374
vt 0.769993 0.122327
vt 0.768909 0.123948
vt 0.767435 0.125700
vt 0.761821 0.119938
vt 0.766014 0.127114
vt 0.764177 0.128578
vt 0.759682 0.121683
vt 0.753325 0.552737
vt 0.736663 0.552290
vt 0.736787 0.532110
vt 0.753868 0.532551
vt 0.762462 0.129712
vt 0.760318 0.130812
vt 0.757193 0.122971
vt 0.777326 0.099555
vt 0.771222 0.103007
vt 0.770370 0.101514
vt 0.769241 0.099908
vt 0.758363 0.131606
vt 0.755984 0.132278
vt 0.754431 0.123760
vt 0.766752 0.097329
vt 0.768140 0.098646
vt 0.748323 0.095061
vt 0.745416 0.090148
vt 0.749238 0.088361
vt 0.751167 0.093892
vt 0.749812 0.094372
vt 0.795739 0.107664
vt 0.795904 0.116145
vt 0.780682 0.114926
vt 0.780576 0.109476
vt 0.753858 0.132680
vt 0.751329 0.132874
vt 0.751494 0.123993
vt 0.753444 0.087339
vt 0.754263 0.093293
vt 0.752804 0.093501
vt 0.757882 0.087164
vt 0.757499 0.093318
vt 0.755989 0.093231
vt 0.717521 0.122417
vt 0.714644 0.115165
vt 0.725082 0.112197
vt 0.725810 0.114750
vt 0.726923 0.117572
vt 0.751419 0.094442
vt 0.752873 0.100070
vt 0.751113 0.100714
vt 0.748621 0.095625
vt 0.749875 0.095000
vt 0.748492 0.123632
vt 0.749110 0.132847
vt 0.746527 0.132530
vt 0.745546 0.122662
vt 0.744300 0.132053
vt 0.741767 0.131211
vt 0.739624 0.130280
vt 0.737247 0.128920
vt 0.742780 0.121088
vt 0.738389 0.064536
vt 0.744078 0.076111
vt 0.741217 0.077510
vt 0.736017 0.572710
vt 0.752364 0.573266
vt 0.791076 0.040503
vt 0.788348 0.032968
vt 0.791029 0.031842
vt 0.792424 0.036049
vt 0.793415 0.039766
vt 0.772217 0.118278
vt 0.779685 0.120429
vt 0.771387 0.120349
vt 0.747359 0.061178
vt 0.750736 0.073975
vt 0.747575 0.074803
vt 0.773133 0.114308
vt 0.772739 0.116447
vt 0.771136 0.103515
vt 0.764758 0.106265
vt 0.770192 0.101793
vt 0.726937 0.094038
vt 0.737419 0.098919
vt 0.725883 0.097143
vt 0.793185 0.048349
vt 0.794461 0.044099
vt 0.795125 0.047907
vt 0.729868 0.088530
vt 0.739418 0.095562
vt 0.728142 0.091426
vt 0.790616 0.090902
vt 0.803127 0.081717
vt 0.809107 0.091656
vt 0.792893 0.094759
vt 0.733931 0.083585
vt 0.742108 0.092591
vt 0.731608 0.086148
vt 0.771826 0.105089
vt 0.772421 0.107015
vt 0.765445 0.108466
vt 0.785445 0.084586
vt 0.795580 0.073422
vt 0.788364 0.087819
vt 0.736164 0.081542
vt 0.739019 0.079435
vt 0.796520 0.089550
vt 0.796328 0.089564
vt 0.796525 0.081111
vt 0.796742 0.081099
vt 0.796838 0.085613
vt 0.741679 0.077833
vt 0.744977 0.076293
vt 0.779288 0.079561
vt 0.786806 0.066951
vt 0.782700 0.082084
vt 0.796217 0.072836
vt 0.796853 0.072793
vt 0.796991 0.077256
vt 0.772437 0.075949
vt 0.777187 0.062458
vt 0.776183 0.077702
vt 0.795647 0.064615
vt 0.796715 0.064506
vt 0.796970 0.068949
vt 0.765682 0.110822
vt 0.772792 0.108738
vt 0.772994 0.110796
vt 0.773012 0.112605
vt 0.783204 0.226695
vt 0.781998 0.233167
vt 0.770274 0.231759
vt 0.771715 0.217757
vt 0.784498 0.219306
vt 0.765195 0.073818
vt 0.767134 0.060017
vt 0.769112 0.074771
vt 0.794673 0.056432
vt 0.796186 0.056197
vt 0.796634 0.060649
vt 0.757061 0.059619
vt 0.757864 0.073177
vt 0.754518 0.073369
vt 0.752808 0.094073
vt 0.754475 0.093831
vt 0.754775 0.099785
vt 0.795843 0.052333
vt 0.789672 0.028267
vt 0.761791 0.073333
vt 0.755947 0.093747
vt 0.757672 0.093848
vt 0.756745 0.099892
vt 0.788095 0.088432
vt 0.790609 0.091985
vt 0.764118 0.004676
vt 0.766368 0.000000
vt 0.770084 0.002292
vt 0.773106 0.004623
vt 0.770207 0.008504
vt 0.758667 0.073722
vt 0.762014 0.073905
vt 0.721667 0.128793
vt 0.728111 0.119872
vt 0.729718 0.122354
vt 0.779425 0.104289
vt 0.772585 0.106525
vt 0.772032 0.104851
vt 0.759169 0.094066
vt 0.760882 0.094523
vt 0.758704 0.100405
vt 0.715210 0.090851
vt 0.726254 0.094497
vt 0.725349 0.097227
vt 0.724672 0.100435
vt 0.713382 0.099076
vt 0.792507 0.095287
vt 0.794315 0.099370
vt 0.726856 0.134088
vt 0.733309 0.126386
vt 0.735196 0.127963
vt 0.751606 0.074341
vt 0.754839 0.073872
vt 0.773244 0.110339
vt 0.773027 0.108543
vt 0.776357 0.007615
vt 0.778961 0.010425
vt 0.775822 0.013458
vt 0.795287 0.101739
vt 0.765457 0.096334
vt 0.763877 0.095343
vt 0.738526 0.437122
vt 0.756725 0.437517
vt 0.794367 0.124630
vt 0.757633 0.419765
vt 0.739005 0.419270
vt 0.791130 0.132779
vt 0.786266 0.140253
vt 0.750578 0.614943
vt 0.735069 0.614271
vt 0.735760 0.593437
vt 0.751575 0.593980
vt 0.779915 0.146729
vt 0.762448 0.094643
vt 0.760748 0.094000
vt 0.772280 0.151910
vt 0.763624 0.155544
vt 0.754259 0.157429
vt 0.744537 0.157427
vt 0.759247 0.093606
vt 0.734837 0.155471
vt 0.793511 0.166034
vt 0.797845 0.166442
vt 0.796537 0.179610
vt 0.791546 0.179045
vt 0.792586 0.172969
vt 0.725550 0.151569
vt 0.717065 0.145806
vt 0.709755 0.138347
vt 0.713219 0.107287
vt 0.724319 0.106417
vt 0.724534 0.109132
vt 0.703956 0.129430
vt 0.699961 0.119360
vt 0.769062 0.313874
vt 0.768068 0.320942
vt 0.762396 0.320657
vt 0.763351 0.305264
vt 0.770081 0.305750
vt 0.697997 0.108500
vt 0.782664 0.291829
vt 0.781073 0.306706
vt 0.771123 0.298771
vt 0.772295 0.290767
vt 0.698220 0.097259
vt 0.760454 0.352484
vt 0.777670 0.353283
vt 0.776481 0.369503
vt 0.759561 0.368797
vt 0.739902 0.039201
vt 0.740698 0.040507
vt 0.717147 0.047634
vt 0.717146 0.047030
vt 0.754443 0.022901
vt 0.757465 0.025305
vt 0.700706 0.086075
vt 0.741695 0.042388
vt 0.717149 0.048868
vt 0.760557 0.028434
vt 0.744378 0.132443
vt 0.705440 0.075402
vt 0.718716 0.082948
vt 0.601976 0.865884
vt 0.588322 0.867922
vt 0.585028 0.853756
vt 0.597229 0.849688
vt 0.742742 0.044703
vt 0.717149 0.050536
vt 0.763524 0.032218
vt 0.712318 0.065691
vt 0.743823 0.047535
vt 0.717152 0.052655
vt 0.766292 0.036638
vt 0.724389 0.103224
vt 0.721146 0.057372
vt 0.744895 0.050899
vt 0.717155 0.055283
vt 0.768680 0.041735
vt 0.731643 0.050836
vt 0.745929 0.054832
vt 0.717157 0.058468
vt 0.770862 0.047310
vt 0.729087 0.088854
vt 0.727623 0.091416
vt 0.743451 0.046416
vt 0.756145 0.044376
vt 0.731453 0.654791
vt 0.733065 0.654891
vt 0.731675 0.674207
vt 0.726061 0.673739
vt 0.718653 0.673617
vt 0.718694 0.654447
vt 0.747977 0.075222
vt 0.746810 0.059392
vt 0.717181 0.062275
vt 0.772531 0.053440
vt 0.602510 0.883108
vt 0.589132 0.882718
vt 0.747675 0.064516
vt 0.717183 0.066703
vt 0.774026 0.060007
vt 0.731296 0.124323
vt 0.769247 0.044892
vt 0.748290 0.070279
vt 0.717224 0.071825
vt 0.775237 0.066998
vt 0.782243 0.048046
vt 0.748907 0.076643
vt 0.717228 0.077632
vt 0.776183 0.074436
vt 0.781708 0.013889
vt 0.794605 0.053816
vt 0.749395 0.083633
vt 0.717234 0.084162
vt 0.776584 0.082258
vt 0.805809 0.062069
vt 0.749808 0.091239
vt 0.717163 0.091426
vt 0.776817 0.090422
vt 0.731087 0.086033
vt 0.815362 0.072556
vt 0.749864 0.099499
vt 0.717256 0.099400
vt 0.777422 0.099053
vt 0.822875 0.084892
vt 0.750131 0.108441
vt 0.717268 0.108094
vt 0.777796 0.108380
vt 0.813298 0.102934
vt 0.797453 0.107005
vt 0.828061 0.098601
vt 0.750011 0.118000
vt 0.717294 0.117492
vt 0.778135 0.118286
vt 0.815838 0.115224
vt 0.798747 0.117431
vt 0.831003 0.112941
vt 0.749796 0.128200
vt 0.717204 0.127553
vt 0.778231 0.128948
vt 0.817174 0.128071
vt 0.799239 0.128874
vt 0.832205 0.127306
vt 0.749706 0.139070
vt 0.717252 0.138286
vt 0.777987 0.140301
vt 0.817121 0.141405
vt 0.799285 0.140936
vt 0.832299 0.141817
vt 0.749456 0.150553
vt 0.717299 0.149650
vt 0.777486 0.152225
vt 0.816502 0.154881
vt 0.798797 0.153516
vt 0.831175 0.156253
vt 0.797126 0.117522
vt 0.796955 0.128883
vt 0.797283 0.123513
vt 0.749060 0.162605
vt 0.717332 0.161608
vt 0.776721 0.164633
vt 0.815252 0.168408
vt 0.829370 0.170291
vt 0.748537 0.175172
vt 0.717360 0.174114
vt 0.775715 0.177448
vt 0.813690 0.181975
vt 0.827226 0.183922
vt 0.796506 0.107152
vt 0.797098 0.112547
vt 0.747916 0.188201
vt 0.717388 0.187113
vt 0.774515 0.190608
vt 0.811533 0.195479
vt 0.794960 0.192969
vt 0.825145 0.197637
vt 0.334369 0.844691
vt 0.332491 0.822260
vt 0.350316 0.821004
vt 0.352679 0.842189
vt 0.316941 0.846731
vt 0.315792 0.823173
vt 0.299658 0.847535
vt 0.299593 0.823644
vt 0.795900 0.102838
vt 0.747238 0.201647
vt 0.717422 0.200554
vt 0.773172 0.204062
vt 0.809664 0.209138
vt 0.793255 0.206504
vt 0.822675 0.211242
vt 0.331635 0.799926
vt 0.349590 0.799389
vt 0.315090 0.800282
vt 0.299437 0.800493
vt 0.746565 0.215487
vt 0.717465 0.214382
vt 0.528847 0.793272
vt 0.527346 0.800808
vt 0.514626 0.799281
vt 0.514753 0.792384
vt 0.807286 0.222771
vt 0.791445 0.220218
vt 0.820454 0.224982
vt 0.331222 0.777260
vt 0.349380 0.777031
vt 0.314904 0.777428
vt 0.299375 0.777463
vt 0.745487 0.229505
vt 0.717520 0.228542
vt 0.789700 0.234206
vt 0.805185 0.236521
vt 0.817954 0.238799
vt 0.330914 0.754171
vt 0.349447 0.753953
vt 0.314874 0.754295
vt 0.299497 0.754399
vt 0.744869 0.243907
vt 0.717584 0.243029
vt 0.768699 0.245919
vt 0.780617 0.240648
vt 0.779399 0.247168
vt 0.803201 0.250484
vt 0.787570 0.248220
vt 0.815591 0.252586
vt 0.330797 0.730848
vt 0.348632 0.730532
vt 0.314604 0.730997
vt 0.299410 0.731151
vt 0.743870 0.258564
vt 0.717462 0.257711
vt 0.767264 0.260396
vt 0.801238 0.264605
vt 0.785961 0.262429
vt 0.813324 0.266362
vt 0.330488 0.707436
vt 0.347858 0.707281
vt 0.314596 0.707549
vt 0.299388 0.707613
vt 0.742915 0.273303
vt 0.717576 0.272694
vt 0.765912 0.275139
vt 0.778104 0.254750
vt 0.776983 0.261409
vt 0.799046 0.278797
vt 0.784432 0.277038
vt 0.811536 0.280447
vt 0.330328 0.683685
vt 0.348170 0.683575
vt 0.314357 0.683760
vt 0.299277 0.683809
vt 0.742350 0.288435
vt 0.717563 0.287849
vt 0.764556 0.290087
vt 0.797472 0.293322
vt 0.809643 0.294929
vt 0.330197 0.659527
vt 0.347476 0.659423
vt 0.314417 0.659593
vt 0.299297 0.659691
vt 0.741790 0.303799
vt 0.717724 0.303278
vt 0.796003 0.308211
vt 0.807856 0.309518
vt 0.330053 0.634979
vt 0.347814 0.634837
vt 0.314161 0.635075
vt 0.299225 0.635145
vt 0.741304 0.319426
vt 0.717867 0.318973
vt 0.794149 0.323252
vt 0.779955 0.321960
vt 0.806424 0.324487
vt 0.329772 0.610044
vt 0.347002 0.609768
vt 0.314098 0.610227
vt 0.299126 0.610316
vt 0.740899 0.335406
vt 0.718008 0.334940
vt 0.761322 0.336477
vt 0.775759 0.269170
vt 0.774648 0.275974
vt 0.792926 0.338608
vt 0.778379 0.337419
vt 0.804854 0.339805
vt 0.329523 0.584974
vt 0.346279 0.584877
vt 0.313997 0.585044
vt 0.298985 0.585191
vt 0.740159 0.351508
vt 0.718166 0.351162
vt 0.791736 0.354227
vt 0.803432 0.355109
vt 0.329530 0.559434
vt 0.346650 0.559542
vt 0.313831 0.559387
vt 0.298828 0.559465
vt 0.739865 0.367941
vt 0.718347 0.367654
vt 0.790523 0.370212
vt 0.802641 0.370935
vt 0.329704 0.532999
vt 0.347156 0.533126
vt 0.313736 0.532946
vt 0.298522 0.532989
vt 0.739625 0.384756
vt 0.718474 0.384447
vt 0.758736 0.385408
vt 0.789806 0.386717
vt 0.775542 0.386082
vt 0.801675 0.387361
vt 0.329876 0.505566
vt 0.347610 0.505598
vt 0.313553 0.505606
vt 0.298162 0.505743
vt 0.789327 0.192266
vt 0.790451 0.186096
vt 0.739044 0.401810
vt 0.718598 0.401596
vt 0.757962 0.402377
vt 0.579443 0.840617
vt 0.589947 0.834934
vt 0.788767 0.403772
vt 0.774568 0.403072
vt 0.800988 0.404421
vt 0.329601 0.477241
vt 0.347788 0.477012
vt 0.313366 0.477445
vt 0.297883 0.477674
vt 0.718719 0.419134
vt 0.787936 0.421166
vt 0.773989 0.420462
vt 0.799849 0.421811
vt 0.329122 0.448444
vt 0.346733 0.448013
vt 0.313009 0.448775
vt 0.297618 0.449061
vt 0.718803 0.436886
vt 0.796039 0.098081
vt 0.786937 0.438952
vt 0.772949 0.438236
vt 0.799067 0.439615
vt 0.328412 0.419509
vt 0.345680 0.419075
vt 0.312492 0.419873
vt 0.297233 0.420120
vt 0.718781 0.455097
vt 0.772338 0.456376
vt 0.786159 0.457114
vt 0.797851 0.457690
vt 0.327700 0.390402
vt 0.344697 0.390001
vt 0.311991 0.390767
vt 0.296928 0.390937
vt 0.719014 0.473743
vt 0.771693 0.474899
vt 0.785143 0.475481
vt 0.797084 0.475864
vt 0.327022 0.361037
vt 0.343784 0.360709
vt 0.311439 0.361345
vt 0.296356 0.361562
vt 0.737650 0.492897
vt 0.718896 0.492758
vt 0.754664 0.512696
vt 0.737257 0.512368
vt 0.755057 0.493253
vt 0.770808 0.493907
vt 0.784352 0.494383
vt 0.796519 0.494896
vt 0.326581 0.331344
vt 0.343039 0.331188
vt 0.311148 0.331523
vt 0.296186 0.331704
vt 0.718790 0.512125
vt 0.769848 0.513270
vt 0.783639 0.513871
vt 0.795564 0.514546
vt 0.326279 0.300967
vt 0.343255 0.300794
vt 0.310652 0.301128
vt 0.295739 0.301211
vt 0.718839 0.531870
vt 0.769414 0.533149
vt 0.782770 0.533736
vt 0.794440 0.534289
vt 0.325993 0.269980
vt 0.342341 0.269760
vt 0.310477 0.270110
vt 0.295479 0.270172
vt 0.718897 0.551980
vt 0.768182 0.553355
vt 0.781789 0.554053
vt 0.793689 0.554543
vt 0.325735 0.238604
vt 0.342252 0.238534
vt 0.310414 0.238618
vt 0.295475 0.238683
vt 0.718856 0.572416
vt 0.767354 0.574001
vt 0.780565 0.574871
vt 0.792594 0.575645
vt 0.325811 0.206567
vt 0.342363 0.206528
vt 0.310268 0.206564
vt 0.295422 0.206640
vt 0.718881 0.593065
vt 0.766165 0.594944
vt 0.779274 0.596013
vt 0.790862 0.596925
vt 0.325610 0.173772
vt 0.342401 0.173663
vt 0.310331 0.173837
vt 0.295439 0.173936
vt 0.718822 0.613814
vt 0.764564 0.615997
vt 0.777318 0.617310
vt 0.789048 0.618501
vt 0.325578 0.140516
vt 0.341691 0.140417
vt 0.310196 0.140530
vt 0.295333 0.140617
vt 0.734172 0.634926
vt 0.718752 0.634413
vt 0.762653 0.637215
vt 0.748887 0.635783
vt 0.775059 0.638827
vt 0.786428 0.640437
vt 0.325602 0.106702
vt 0.341886 0.106740
vt 0.310133 0.106648
vt 0.295323 0.106703
vt 0.771874 0.660289
vt 0.759965 0.658184
vt 0.782890 0.662413
vt 0.325739 0.072010
vt 0.342129 0.072202
vt 0.310262 0.071897
vt 0.295271 0.071851
vt 0.747017 0.656299
vt 0.744357 0.676019
vt 0.756279 0.678521
vt 0.767438 0.681368
vt 0.777973 0.684294
vt 0.326342 0.036115
vt 0.342984 0.036861
vt 0.310588 0.035677
vt 0.295121 0.035623
vt 0.740427 0.696246
vt 0.729646 0.694888
vt 0.750853 0.698543
vt 0.761026 0.701488
vt 0.771077 0.704780
vt 0.328723 0.001314
vt 0.345494 0.002547
vt 0.311868 0.000357
vt 0.757417 0.114195
vt 0.756487 0.114839
vt 0.754008 0.109340
vt 0.755365 0.115372
vt 0.754127 0.115676
vt 0.752820 0.115728
vt 0.751495 0.115511
vt 0.750208 0.115020
vt 0.749016 0.114261
vt 0.747974 0.113253
vt 0.747134 0.112026
vt 0.746542 0.110619
vt 0.746237 0.109083
vt 0.746247 0.107476
vt 0.746589 0.105864
vt 0.747264 0.104313
vt 0.748262 0.102894
vt 0.749558 0.101673
vt 0.760990 0.115551
vt 0.758282 0.113302
vt 0.773279 0.112458
vt 0.735280 0.127550
vt 0.794425 0.160066
vt 0.795130 0.153270
vt 0.785686 0.212946
vt 0.786959 0.205684
vt 0.788127 0.199420
vt 0.502058 0.800006
vt 0.501077 0.793954
vt 0.490028 0.802896
vt 0.488226 0.797822
vt 0.773412 0.283876
vt 0.571814 0.828858
vt 0.580469 0.821995
vt 0.562435 0.818784
vt 0.569184 0.811173
vt 0.551647 0.810641
vt 0.556518 0.802693
vt 0.539820 0.804611
vt 0.542920 0.796704
vt 0.762341 0.095052
vt 0.466436 0.811511
vt 0.469010 0.814510
vt 0.460646 0.822765
vt 0.458092 0.820730
vt 0.476571 0.803767
vt 0.478902 0.807800
vt 0.451749 0.831059
vt 0.454057 0.832258
vt 0.796303 0.140840
vt 0.796832 0.135212
vt 0.795872 0.147443
vt 0.745831 0.096726
vt 0.747121 0.095781
vt 0.747294 0.118732
vt 0.745343 0.117496
vt 0.746231 0.118119
vt 0.743623 0.115851
vt 0.744389 0.116657
vt 0.742226 0.113848
vt 0.742833 0.114814
vt 0.741227 0.111550
vt 0.741642 0.112645
vt 0.740689 0.109037
vt 0.740883 0.110223
vt 0.740656 0.106401
vt 0.740611 0.107632
vt 0.741157 0.103743
vt 0.740863 0.104972
vt 0.742200 0.101171
vt 0.741655 0.102348
vt 0.744822 0.097645
vt 0.743771 0.098796
vt 0.742983 0.099868
vt 0.755775 0.119360
vt 0.753737 0.119840
vt 0.754699 0.119661
vt 0.751590 0.119910
vt 0.752594 0.119924
vt 0.749416 0.119544
vt 0.750423 0.119763
vt 0.748272 0.119161
vt 0.758460 0.118042
vt 0.759751 0.117013
vt 0.758971 0.117654
vt 0.756685 0.119001
vt 0.757672 0.118537
vt 0.755791 0.119336
vt 0.754705 0.119598
vt 0.752592 0.119788
vt 0.753738 0.119749
vt 0.751589 0.119741
vt 0.750429 0.119545
vt 0.749431 0.119290
vt 0.748306 0.118855
vt 0.746313 0.117723
vt 0.747345 0.118388
vt 0.744544 0.116175
vt 0.745453 0.117063
vt 0.743085 0.114256
vt 0.743816 0.115335
vt 0.742014 0.112025
vt 0.742526 0.113260
vt 0.741397 0.109563
vt 0.741658 0.110910
vt 0.741285 0.106961
vt 0.741269 0.108368
vt 0.741708 0.104323
vt 0.741403 0.105734
vt 0.742678 0.101758
vt 0.742080 0.103114
vt 0.744181 0.099381
vt 0.743300 0.100620
vt 0.746182 0.097302
vt 0.745041 0.098366
vt 0.747256 0.096459
vt 0.759674 0.116932
vt 0.757631 0.118507
vt 0.758409 0.117994
vt 0.758909 0.117590
vt 0.756660 0.119003
vt 0.795987 0.096505
vt 0.294884 -0.000000
vt 0.450193 0.998137
vt 0.452005 0.990877
vt 0.472808 0.994397
vt 0.472266 1.000000
vt 0.431722 0.984185
vt 0.439104 0.966076
vt 0.456725 0.971712
vt 0.474655 0.974770
vt 0.493625 0.994901
vt 0.492561 0.975053
vt 0.394381 0.962068
vt 0.378248 0.946980
vt 0.392278 0.933840
vt 0.406503 0.946919
vt 0.364311 0.929600
vt 0.379926 0.918691
vt 0.533736 0.986821
vt 0.514040 0.992257
vt 0.510025 0.972827
vt 0.526623 0.968026
vt 0.326526 0.895338
vt 0.335717 0.918680
vt 0.328531 0.909102
vt 0.412331 0.974578
vt 0.422282 0.957706
vt 0.352871 0.910233
vt 0.369738 0.901738
vt 0.350213 0.939226
vt 0.367089 0.957211
vt 0.344165 0.889254
vt 0.362017 0.883099
vt 0.338034 0.867198
vt 0.356546 0.863036
vt 0.320176 0.871031
vt 0.299704 0.859546
vt 0.597512 0.918009
vt 0.583136 0.912497
vt 0.587420 0.897719
vt 0.601517 0.900541
vt 0.590455 0.934991
vt 0.576306 0.926614
vt 0.551902 0.977746
vt 0.541907 0.960714
vt 0.555481 0.951131
vt 0.567464 0.965380
vt 0.542052 0.982850
vt 0.567030 0.939633
vt 0.580392 0.950958
vt 0.321541 0.897012
vt 0.315185 0.886334
vt 0.386025 0.972306
vt 0.406545 0.984269
vt 0.428140 0.992856
vt 0.493827 0.998701
vt 0.514448 0.994236
vt 0.533827 0.987070
vt 0.309027 0.873127
vt 0.718632 0.694360
vt 0.909103 0.475625
vt 0.886704 0.469030
vt 0.926714 0.489801
vt 0.940493 0.510067
vt 0.938295 0.510741
vt 0.941275 0.516909
vt 0.938978 0.516821
vt 0.890373 0.009114
vt 0.885930 0.009122
vt 0.885919 0.000000
vt 0.892404 0.017878
vt 0.885941 0.017782
vt 0.894242 0.025392
vt 0.885950 0.025471
vt 0.895968 0.033950
vt 0.885961 0.033935
vt 0.897590 0.041268
vt 0.885970 0.041821
vt 0.885989 0.057474
vt 0.899146 0.056890
vt 0.892172 0.072962
vt 0.900980 0.072245
vt 0.886008 0.073007
vt 0.893753 0.087976
vt 0.902740 0.087296
vt 0.886027 0.088036
vt 0.895018 0.102809
vt 0.886045 0.102895
vt 0.904523 0.102055
vt 0.896215 0.117238
vt 0.886063 0.117365
vt 0.897040 0.131556
vt 0.886081 0.131699
vt 0.897841 0.145601
vt 0.886099 0.145770
vt 0.898876 0.159378
vt 0.886117 0.159570
vt 0.899746 0.172882
vt 0.886136 0.173094
vt 0.900622 0.186084
vt 0.886156 0.186312
vt 0.901346 0.199025
vt 0.886178 0.199218
vt 0.901494 0.211448
vt 0.886205 0.211793
vt 0.902436 0.224168
vt 0.886237 0.224360
vt 0.917878 0.210996
vt 0.916793 0.198116
vt 0.906186 0.116529
vt 0.907946 0.130739
vt 0.909764 0.144675
vt 0.911648 0.158356
vt 0.913540 0.171803
vt 0.915394 0.185048
vt 0.915804 0.191027
vt 0.894493 0.020273
vt 0.895616 0.018673
vt 0.902055 0.020267
vt 0.901519 0.021542
vt 0.900735 0.022965
vt 0.763877 0.128349
vt 0.775683 0.136552
vt 0.777198 0.145191
vt 0.764690 0.138979
vt 0.767856 0.135541
vt 0.898857 0.025470
vt 0.892976 0.021707
vt 0.899937 0.024167
vt 0.853030 0.045454
vt 0.851798 0.047077
vt 0.844640 0.039039
vt 0.847780 0.036567
vt 0.854554 0.044611
vt 0.663274 0.341027
vt 0.664592 0.339822
vt 0.663300 0.341177
vt 0.850277 0.047995
vt 0.849080 0.049707
vt 0.841506 0.041705
vt 0.847565 0.050708
vt 0.846407 0.052511
vt 0.838392 0.044566
vt 0.844901 0.053598
vt 0.843786 0.055496
vt 0.835312 0.047622
vt 0.807246 0.087865
vt 0.809961 0.083236
vt 0.822521 0.090764
vt 0.820982 0.092687
vt 0.820136 0.095525
vt 0.841219 0.058665
vt 0.832275 0.050874
vt 0.842289 0.056671
vt 0.773297 0.125007
vt 0.783359 0.134193
vt 0.770815 0.129845
vt 0.804339 0.092569
vt 0.818499 0.097466
vt 0.817580 0.100335
vt 0.757139 0.146214
vt 0.769085 0.155677
vt 0.760427 0.160128
vt 0.747102 0.151730
vt 0.754957 0.152786
vt 0.765484 0.145607
vt 0.777891 0.153834
vt 0.762682 0.147181
vt 0.815836 0.102269
vt 0.814845 0.105123
vt 0.801002 0.097325
vt 0.780591 0.125416
vt 0.790351 0.133220
vt 0.777950 0.126029
vt 0.766646 0.143503
vt 0.808833 0.125692
vt 0.808212 0.125954
vt 0.806966 0.119420
vt 0.807155 0.119478
vt 0.808762 0.116156
vt 0.808484 0.116989
vt 0.715674 0.243089
vt 0.733313 0.249194
vt 0.727014 0.258391
vt 0.710777 0.249280
vt 0.716117 0.248700
vt 0.294293 0.136178
vt 0.293263 0.139284
vt 0.288070 0.138337
vt 0.288931 0.134855
vt 0.291783 0.135511
vt 0.041765 0.408361
vt 0.036994 0.401181
vt 0.097609 0.358873
vt 0.093014 0.369524
vt 0.763844 0.169623
vt 0.753958 0.171885
vt 0.741084 0.161692
vt 0.747356 0.162966
vt 0.749209 0.160449
vt 0.879195 0.021718
vt 0.883071 0.023692
vt 0.886640 0.031543
vt 0.884903 0.031677
vt 0.882815 0.031353
vt 0.876433 0.021398
vt 0.881126 0.031145
vt 0.879142 0.030726
vt 0.877504 0.030259
vt 0.875799 0.030301
vt 0.873238 0.022059
vt 0.874282 0.029978
vt 0.872925 0.030633
vt 0.868975 0.022078
vt 0.093263 0.403886
vt 0.061996 0.433070
vt 0.056863 0.426721
vt 0.093176 0.395114
vt 0.871576 0.030863
vt 0.870450 0.032016
vt 0.866009 0.024192
vt 0.796870 0.101922
vt 0.788776 0.094494
vt 0.792956 0.094621
vt 0.792766 0.090559
vt 0.869131 0.032529
vt 0.868063 0.033904
vt 0.863098 0.026341
vt 0.796130 0.086308
vt 0.796626 0.090477
vt 0.813777 0.060529
vt 0.820691 0.065775
vt 0.817950 0.069939
vt 0.810813 0.064605
vt 0.814171 0.064478
vt 0.789266 0.118370
vt 0.787529 0.110330
vt 0.866673 0.034512
vt 0.865535 0.035922
vt 0.860075 0.028241
vt 0.815263 0.074251
vt 0.807897 0.068813
vt 0.811279 0.068663
vt 0.812611 0.078691
vt 0.805015 0.073127
vt 0.808430 0.072963
vt 0.740269 0.193184
vt 0.744693 0.205913
vt 0.728279 0.197093
vt 0.730036 0.192402
vt 0.725091 0.183907
vt 0.902127 0.009789
vt 0.896492 0.011943
vt 0.895988 0.010430
vt 0.901162 0.007625
vt 0.901634 0.008605
vt 0.857036 0.030123
vt 0.864081 0.036570
vt 0.862862 0.037975
vt 0.853993 0.032132
vt 0.861370 0.038654
vt 0.860112 0.040086
vt 0.858600 0.040808
vt 0.857334 0.042289
vt 0.850908 0.034280
vt 0.721848 0.267905
vt 0.705765 0.257606
vt 0.711989 0.256876
vt 0.067339 0.438434
vt 0.095467 0.411695
vt 0.304733 0.142591
vt 0.298914 0.140865
vt 0.299795 0.137982
vt 0.302699 0.139142
vt 0.305316 0.140089
vt 0.781807 0.121654
vt 0.792012 0.126481
vt 0.781573 0.123975
vt 0.718654 0.278452
vt 0.701465 0.267884
vt 0.707333 0.265687
vt 0.779678 0.115538
vt 0.782078 0.119651
vt 0.896453 0.027675
vt 0.891068 0.022891
vt 0.897811 0.026549
vt 0.838711 0.062021
vt 0.829289 0.054319
vt 0.839734 0.059930
vt 0.309568 0.144972
vt 0.308167 0.141456
vt 0.310404 0.142862
vt 0.345774 0.154860
vt 0.338759 0.154623
vt 0.338794 0.154334
vt 0.343088 0.154528
vt 0.836263 0.065564
vt 0.826361 0.057955
vt 0.837239 0.063376
vt 0.660182 0.326038
vt 0.680768 0.337962
vt 0.681168 0.353290
vt 0.665281 0.335379
vt 0.833877 0.069297
vt 0.823494 0.061776
vt 0.834805 0.067011
vt 0.895178 0.028589
vt 0.893575 0.029490
vt 0.888782 0.023732
vt 0.670940 0.320540
vt 0.692920 0.330809
vt 0.668915 0.326284
vt 0.832433 0.070836
vt 0.831550 0.073220
vt 0.332138 0.153883
vt 0.332332 0.153220
vt 0.335821 0.153633
vt 0.830116 0.074851
vt 0.829275 0.077335
vt 0.668697 0.305687
vt 0.689308 0.316869
vt 0.673437 0.315290
vt 0.326013 0.152167
vt 0.326379 0.151131
vt 0.329622 0.152091
vt 0.676757 0.293566
vt 0.695033 0.305781
vt 0.678749 0.304381
vt 0.320216 0.149938
vt 0.320734 0.148534
vt 0.323806 0.149791
vt 0.886142 0.024110
vt 0.892109 0.030212
vt 0.890297 0.030846
vt 0.888690 0.031367
vt 0.408520 0.235487
vt 0.411216 0.240144
vt 0.403705 0.247023
vt 0.396984 0.238385
vt 0.404883 0.230919
vt 0.684931 0.281992
vt 0.702641 0.294470
vt 0.686606 0.292438
vt 0.314702 0.147530
vt 0.315358 0.145757
vt 0.318262 0.147134
vt 0.712268 0.287911
vt 0.694609 0.275440
vt 0.701741 0.275002
vt 0.902461 0.010875
vt 0.902772 0.012180
vt 0.896748 0.013564
vt 0.313048 0.144353
vt 0.297244 0.137187
vt 0.694339 0.282827
vt 0.902940 0.013361
vt 0.903026 0.014768
vt 0.896715 0.015257
vt 0.813074 0.107071
vt 0.812065 0.109880
vt 0.272763 0.135935
vt 0.272501 0.131453
vt 0.276074 0.131244
vt 0.278728 0.132307
vt 0.277629 0.136624
vt 0.824798 0.086122
vt 0.823324 0.087995
vt 0.749272 0.189518
vt 0.731803 0.184665
vt 0.732875 0.180248
vt 0.791796 0.105493
vt 0.783253 0.098353
vt 0.788060 0.098955
vt 0.902989 0.016023
vt 0.902808 0.017496
vt 0.896349 0.016979
vt 0.734304 0.229263
vt 0.718233 0.218809
vt 0.724121 0.219095
vt 0.725133 0.214727
vt 0.741796 0.223721
vt 0.810496 0.111944
vt 0.809502 0.114657
vt 0.744348 0.177311
vt 0.730003 0.168644
vt 0.738648 0.169636
vt 0.827034 0.081638
vt 0.825592 0.083440
vt 0.777968 0.104783
vt 0.782900 0.104704
vt 0.281729 0.133126
vt 0.284093 0.133477
vt 0.282672 0.138275
vt 0.799800 0.086175
vt 0.799204 0.081923
vt 0.031915 0.393676
vt 0.104061 0.346620
vt 0.809234 0.133394
vt 0.128204 0.325174
vt 0.025709 0.384235
vt 0.805669 0.140166
vt 0.802351 0.147032
vt 0.100340 0.426924
vt 0.078260 0.448246
vt 0.072794 0.443785
vt 0.097134 0.419785
vt 0.798417 0.151793
vt 0.802749 0.081770
vt 0.802135 0.077510
vt 0.795370 0.157286
vt 0.790944 0.162987
vt 0.786312 0.168416
vt 0.781201 0.172838
vt 0.805601 0.077346
vt 0.776483 0.178686
vt 0.626975 0.411217
vt 0.629704 0.413343
vt 0.620663 0.418754
vt 0.618467 0.415381
vt 0.622697 0.413815
vt 0.770844 0.183729
vt 0.765450 0.188884
vt 0.763417 0.196622
vt 0.736910 0.211181
vt 0.720866 0.202178
vt 0.727151 0.202358
vt 0.761322 0.204743
vt 0.759817 0.212862
vt 0.450576 0.298237
vt 0.454516 0.305133
vt 0.445532 0.306673
vt 0.442296 0.294587
vt 0.446890 0.290299
vt 0.758187 0.221593
vt 0.491973 0.399692
vt 0.471951 0.380443
vt 0.473839 0.367144
vt 0.485652 0.378860
vt 0.496026 0.390814
vt 0.756293 0.230334
vt 0.388927 0.329065
vt 0.393048 0.344850
vt 0.359578 0.338325
vt 0.352662 0.319699
vt 0.275688 0.165704
vt 0.271836 0.170886
vt 0.753509 0.239517
vt 0.279209 0.163547
vt 0.750750 0.158197
vt 0.750455 0.247815
vt 0.727974 0.237436
vt 0.767994 0.223352
vt 0.768815 0.214727
vt 0.283660 0.162064
vt 0.747440 0.257305
vt 0.288167 0.159647
vt 0.725855 0.210433
vt 0.742452 0.266689
vt 0.292311 0.159974
vt 0.737424 0.276224
vt 0.296894 0.160727
vt 0.710730 0.228055
vt 0.718721 0.228112
vt 0.732816 0.286080
vt 0.726194 0.295491
vt 0.088812 0.459022
vt 0.089979 0.456788
vt 0.095525 0.463652
vt 0.092983 0.470694
vt 0.827843 0.079054
vt 0.298664 0.167225
vt 0.766556 0.232526
vt 0.305322 0.169242
vt 0.734896 0.176650
vt 0.718132 0.303997
vt 0.311734 0.171868
vt 0.712527 0.314832
vt 0.318646 0.174451
vt 0.286467 0.134401
vt 0.710597 0.326690
vt 0.326656 0.175396
vt 0.706785 0.339297
vt 0.333841 0.172420
vt 0.716367 0.237518
vt 0.699254 0.349221
vt 0.696504 0.362130
vt 0.667022 0.359255
vt 0.649591 0.347291
vt 0.686134 0.371792
vt 0.663015 0.374550
vt 0.637260 0.363581
vt 0.681141 0.384875
vt 0.659192 0.389196
vt 0.640434 0.381036
vt 0.675325 0.398645
vt 0.655503 0.402857
vt 0.639297 0.394687
vt 0.669857 0.413162
vt 0.649976 0.415289
vt 0.636006 0.405333
vt 0.662402 0.427259
vt 0.635710 0.363276
vt 0.638857 0.381588
vt 0.638002 0.373618
vt 0.641530 0.425520
vt 0.652114 0.439981
vt 0.362971 0.172034
vt 0.364796 0.175983
vt 0.353371 0.188165
vt 0.348724 0.181534
vt 0.359943 0.168493
vt 0.630155 0.432713
vt 0.638976 0.448510
vt 0.649361 0.346701
vt 0.642653 0.355441
vt 0.357801 0.164748
vt 0.345026 0.175426
vt 0.353963 0.161611
vt 0.616366 0.436812
vt 0.609306 0.421770
vt 0.623167 0.452517
vt 0.647750 0.465460
vt 0.629121 0.468792
vt 0.656607 0.483786
vt 0.633660 0.485406
vt 0.655992 0.344274
vt 0.600872 0.438576
vt 0.596126 0.423168
vt 0.605677 0.454022
vt 0.609460 0.469815
vt 0.611942 0.485373
vt 0.785180 0.176452
vt 0.789742 0.171280
vt 0.584209 0.438987
vt 0.581251 0.422993
vt 0.587221 0.454211
vt 0.589597 0.469604
vt 0.590934 0.484832
vt 0.572521 0.416776
vt 0.580679 0.417320
vt 0.565307 0.422196
vt 0.565314 0.415859
vt 0.566653 0.438045
vt 0.568243 0.453523
vt 0.569578 0.468844
vt 0.570211 0.484032
vt 0.414807 0.245043
vt 0.417649 0.249754
vt 0.410585 0.256160
vt 0.548288 0.436201
vt 0.548406 0.420463
vt 0.548888 0.452033
vt 0.549428 0.467475
vt 0.549548 0.482825
vt 0.556713 0.414880
vt 0.549237 0.413588
vt 0.529362 0.433378
vt 0.530758 0.417378
vt 0.529150 0.449562
vt 0.529161 0.465511
vt 0.528915 0.481348
vt 0.421233 0.254947
vt 0.424278 0.259652
vt 0.417758 0.265708
vt 0.510078 0.428522
vt 0.511457 0.410514
vt 0.509266 0.445849
vt 0.508823 0.462971
vt 0.508312 0.479771
vt 0.489885 0.421082
vt 0.489768 0.441287
vt 0.488593 0.459617
vt 0.487855 0.477633
vt 0.470464 0.408971
vt 0.470166 0.434514
vt 0.468753 0.455503
vt 0.467436 0.475085
vt 0.540370 0.411975
vt 0.532683 0.409993
vt 0.451849 0.395703
vt 0.450252 0.356120
vt 0.451137 0.425594
vt 0.449369 0.449830
vt 0.447100 0.471681
vt 0.425373 0.275516
vt 0.427942 0.265079
vt 0.431242 0.269725
vt 0.429645 0.382354
vt 0.422956 0.343858
vt 0.432088 0.414047
vt 0.430275 0.441211
vt 0.427782 0.466640
vt 0.400779 0.364352
vt 0.409179 0.399269
vt 0.410491 0.428290
vt 0.409603 0.458839
vt 0.514807 0.403051
vt 0.523246 0.406419
vt 0.367964 0.357416
vt 0.381712 0.385420
vt 0.388932 0.420097
vt 0.391029 0.454421
vt 0.332056 0.349717
vt 0.318635 0.327621
vt 0.349475 0.371449
vt 0.364301 0.404527
vt 0.372128 0.444093
vt 0.607695 0.417492
vt 0.612934 0.416816
vt 0.769566 0.206702
vt 0.293099 0.340438
vt 0.263491 0.325053
vt 0.316731 0.363517
vt 0.339857 0.399207
vt 0.354220 0.442768
vt 0.392475 0.213744
vt 0.383816 0.222551
vt 0.377386 0.215219
vt 0.386463 0.205739
vt 0.390101 0.209427
vt 0.252684 0.339508
vt 0.204137 0.321921
vt 0.290179 0.362783
vt 0.316706 0.394580
vt 0.336058 0.440314
vt 0.350716 0.158869
vt 0.339898 0.172189
vt 0.347007 0.155671
vt 0.227604 0.344010
vt 0.178172 0.334893
vt 0.267375 0.364744
vt 0.295609 0.392961
vt 0.318009 0.437989
vt 0.162406 0.345766
vt 0.212871 0.352341
vt 0.249016 0.369889
vt 0.279312 0.397367
vt 0.301268 0.437811
vt 0.152551 0.355917
vt 0.202707 0.361336
vt 0.235417 0.377337
vt 0.264317 0.402259
vt 0.286014 0.439538
vt 0.046672 0.414653
vt 0.092267 0.386991
vt 0.051707 0.420730
vt 0.092562 0.378089
vt 0.146661 0.365565
vt 0.195369 0.370421
vt 0.225438 0.386535
vt 0.251131 0.408086
vt 0.271620 0.442509
vt 0.140395 0.374722
vt 0.187589 0.379101
vt 0.214973 0.394594
vt 0.239155 0.415030
vt 0.257826 0.445275
vt 0.137599 0.383667
vt 0.180052 0.387670
vt 0.206017 0.403179
vt 0.227857 0.422033
vt 0.244585 0.448967
vt 0.133762 0.392597
vt 0.172810 0.396520
vt 0.195960 0.410384
vt 0.216646 0.428809
vt 0.231449 0.452765
vt 0.130952 0.401571
vt 0.164754 0.405072
vt 0.187751 0.418777
vt 0.205626 0.435608
vt 0.218273 0.456691
vt 0.128600 0.410654
vt 0.157914 0.414101
vt 0.177927 0.425672
vt 0.194235 0.441913
vt 0.204967 0.460596
vt 0.128429 0.419533
vt 0.151764 0.423562
vt 0.169763 0.434186
vt 0.182827 0.448048
vt 0.191391 0.464206
vt 0.083710 0.453242
vt 0.125447 0.429209
vt 0.102160 0.434973
vt 0.143675 0.432015
vt 0.159727 0.441518
vt 0.170399 0.452948
vt 0.177182 0.466974
vt 0.137356 0.441621
vt 0.121235 0.438894
vt 0.149389 0.448558
vt 0.157622 0.458265
vt 0.162608 0.469553
vt 0.104783 0.443511
vt 0.105279 0.453927
vt 0.116862 0.449836
vt 0.128197 0.450644
vt 0.138000 0.455342
vt 0.144374 0.463343
vt 0.148378 0.471705
vt 0.107453 0.465504
vt 0.102598 0.471444
vt 0.114006 0.462075
vt 0.121028 0.461479
vt 0.127402 0.463565
vt 0.132173 0.467861
vt 0.134871 0.473612
vt 0.877450 0.013030
vt 0.878008 0.011171
vt 0.884836 0.013257
vt 0.878833 0.010413
vt 0.879744 0.009652
vt 0.880695 0.008699
vt 0.881723 0.007673
vt 0.882849 0.006715
vt 0.884074 0.005908
vt 0.885386 0.005303
vt 0.886759 0.004932
vt 0.888158 0.004810
vt 0.889548 0.004943
vt 0.890895 0.005327
vt 0.892166 0.005948
vt 0.893335 0.006790
vt 0.894379 0.007831
vt 0.895272 0.009051
vt 0.872106 0.013215
vt 0.879904 0.015314
vt 0.781173 0.111075
vt 0.855812 0.043067
vt 0.378450 0.193999
vt 0.380630 0.198055
vt 0.371087 0.208182
vt 0.364935 0.201380
vt 0.375025 0.190628
vt 0.630170 0.408476
vt 0.633280 0.404521
vt 0.303951 0.314087
vt 0.236424 0.304467
vt 0.269853 0.311468
vt 0.433575 0.285463
vt 0.438675 0.279845
vt 0.442918 0.285341
vt 0.460949 0.343761
vt 0.419707 0.328129
vt 0.587491 0.417889
vt 0.595066 0.418110
vt 0.390356 0.230248
vt 0.398628 0.222123
vt 0.402303 0.226358
vt 0.601096 0.418115
vt 0.396153 0.217679
vt 0.793992 0.165549
vt 0.384186 0.201553
vt 0.797446 0.159772
vt 0.505246 0.396943
vt 0.770594 0.199287
vt 0.771880 0.192570
vt 0.775443 0.187390
vt 0.780938 0.182443
vt 0.902533 0.018787
vt 0.804465 0.147934
vt 0.807136 0.141049
vt 0.801667 0.153903
vt 0.810506 0.133752
vt 0.904054 0.752743
vt 0.903756 0.748207
vt 0.904054 0.742894
vt 0.369726 0.183340
vt 0.358964 0.194745
vt 0.367802 0.179424
vt 0.637086 0.394812
vt 0.638121 0.388745
vt 0.372958 0.186678
vt 0.635247 0.400259
vt 0.816797 0.056608
vt 0.817116 0.060435
vt 0.849040 0.027619
vt 0.845852 0.029644
vt 0.848898 0.030000
vt 0.842578 0.031875
vt 0.845688 0.032191
vt 0.839280 0.034292
vt 0.842438 0.034564
vt 0.835976 0.036903
vt 0.839174 0.037128
vt 0.832685 0.039709
vt 0.835913 0.039885
vt 0.829419 0.042708
vt 0.832673 0.042836
vt 0.826190 0.045901
vt 0.829464 0.045981
vt 0.823006 0.049285
vt 0.826298 0.049318
vt 0.820120 0.056553
vt 0.819874 0.052856
vt 0.823182 0.052844
vt 0.861631 0.019934
vt 0.858485 0.022062
vt 0.861558 0.022253
vt 0.855372 0.023893
vt 0.858348 0.024215
vt 0.852243 0.025668
vt 0.855209 0.026058
vt 0.435099 0.275311
vt 0.852073 0.027964
vt 0.875542 0.009162
vt 0.874062 0.011612
vt 0.874980 0.009813
vt 0.876805 0.007681
vt 0.876165 0.008504
vt 0.877350 0.007106
vt 0.877930 0.006298
vt 0.879097 0.004919
vt 0.878474 0.005681
vt 0.879683 0.004323
vt 0.880380 0.003619
vt 0.881030 0.003073
vt 0.881815 0.002445
vt 0.883417 0.001448
vt 0.882547 0.001968
vt 0.885182 0.000678
vt 0.884217 0.001074
vt 0.887084 0.000183
vt 0.886047 0.000425
vt 0.889080 -0.000000
vt 0.887997 0.000070
vt 0.891113 0.000153
vt 0.890017 0.000040
vt 0.893123 0.000649
vt 0.892046 0.000351
vt 0.895050 0.001475
vt 0.894023 0.001001
vt 0.896850 0.002609
vt 0.895896 0.001973
vt 0.898488 0.004024
vt 0.897622 0.003240
vt 0.899935 0.005700
vt 0.899173 0.004778
vt 0.900522 0.006570
vt 0.870534 0.016907
vt 0.865028 0.017798
vt 0.868383 0.018907
vt 0.869957 0.018193
vt 0.864906 0.020249
vt 0.906245 0.736065
vt 0.905599 0.728731
vt 0.907565 0.742202
vt 0.903026 0.750306
vt 0.903442 0.742894
vt 0.903026 0.777596
vt 0.903431 0.770371
vt 0.903026 0.817248
vt 0.903421 0.810207
vt 0.903421 0.823259
vt 0.903026 0.830123
vt 0.903411 0.823259
vt 0.903411 0.835982
vt 0.903026 0.855395
vt 0.903401 0.848705
vt 0.903401 0.861106
vt 0.903026 0.880028
vt 0.903392 0.873507
vt 0.903392 0.885594
vt 0.903392 0.891645
vt 0.903748 0.885289
vt 0.903748 0.897071
vt 0.903401 0.866384
vt 0.903749 0.860189
vt 0.903749 0.871673
vt 0.903411 0.840492
vt 0.903750 0.834453
vt 0.903750 0.845647
vt 0.903421 0.813951
vt 0.903751 0.808065
vt 0.903751 0.818975
vt 0.903431 0.776109
vt 0.903753 0.770371
vt 0.903442 0.748486
vt 0.903755 0.742894
vt 0.903755 0.753260
vt 0.903751 0.802605
vt 0.904057 0.797154
vt 0.904057 0.807258
vt 0.903751 0.812436
vt 0.904042 0.807258
vt 0.904042 0.816857
vt 0.903750 0.838156
vt 0.904033 0.833108
vt 0.904033 0.842465
vt 0.905689 0.532378
vt 0.905659 0.551173
vt 0.905013 0.542479
vt 0.905649 0.569490
vt 0.905602 0.587341
vt 0.904996 0.579082
vt 0.905680 0.604739
vt 0.905015 0.596697
vt 0.728145 0.347105
vt 0.722186 0.345150
vt 0.725968 0.333057
vt 0.730504 0.334458
vt 0.740514 0.303537
vt 0.740107 0.303259
vt 0.742842 0.298862
vt 0.905383 0.621689
vt 0.904949 0.613829
vt 0.716784 0.357326
vt 0.729611 0.321860
vt 0.703069 0.381262
vt 0.695801 0.394027
vt 0.689580 0.408036
vt 0.732378 0.311652
vt 0.686611 0.449509
vt 0.697594 0.431470
vt 0.694703 0.441055
vt 0.711076 0.369657
vt 0.683113 0.423539
vt 0.702475 0.414503
vt 0.707404 0.399820
vt 0.674176 0.439246
vt 0.662967 0.455146
vt 0.674910 0.469812
vt 0.905760 0.493304
vt 0.905708 0.513093
vt 0.905040 0.503938
vt 0.905148 0.722252
vt 0.905379 0.714650
vt 0.905023 0.523458
vt 0.905405 0.430775
vt 0.905991 0.452169
vt 0.905004 0.442302
vt 0.905048 0.483916
vt 0.905735 0.473001
vt 0.762385 0.251874
vt 0.765218 0.242034
vt 0.759373 0.262206
vt 0.746829 0.293743
vt 0.751139 0.282741
vt 0.755125 0.272383
vt 0.905237 0.685229
vt 0.904809 0.678195
vt 0.905148 0.669947
vt 0.690555 0.451871
vt 0.687326 0.462707
vt 0.905116 0.463352
vt 0.712190 0.386738
vt 0.719397 0.374132
vt 0.724307 0.360314
vt 0.905007 0.561018
vt 0.732940 0.322273
vt 0.734159 0.312406
vt 0.905073 0.633308
vt 0.905537 0.629189
vt 0.905098 0.638192
vt 0.904935 0.630539
vt 0.904742 0.646870
vt 0.905168 0.654266
vt 0.904757 0.662725
vt 0.904907 0.693268
vt 0.905326 0.700127
vt 0.904980 0.707966
vt 0.685945 0.479130
vt 0.100976 0.479129
vt 0.904748 0.736439
vt 0.903785 0.742894
vt 0.903761 0.728852
vt 0.903161 0.532385
vt 0.903811 0.542484
vt 0.903165 0.551181
vt 0.903163 0.569498
vt 0.903793 0.579089
vt 0.903189 0.587349
vt 0.903781 0.596698
vt 0.903142 0.604745
vt 0.318944 0.585012
vt 0.335950 0.585551
vt 0.319127 0.585572
vt 0.903787 0.613848
vt 0.903299 0.621699
vt 0.903159 0.493310
vt 0.903843 0.503943
vt 0.903166 0.513099
vt 0.903303 0.714656
vt 0.903891 0.722304
vt 0.903826 0.523462
vt 0.903354 0.430788
vt 0.903869 0.442287
vt 0.903153 0.452172
vt 0.903198 0.473004
vt 0.903865 0.483917
vt 0.903176 0.685246
vt 0.903101 0.669958
vt 0.903520 0.678206
vt 0.903905 0.463361
vt 0.903799 0.561023
vt 0.903560 0.633296
vt 0.903206 0.638164
vt 0.903159 0.629132
vt 0.903399 0.630541
vt 0.903494 0.646860
vt 0.903026 0.654271
vt 0.903458 0.662734
vt 0.903614 0.693282
vt 0.903302 0.700142
vt 0.903668 0.707973
vt 0.103090 0.471821
vt 0.101650 0.479217
vt 0.107768 0.466116
vt 0.114060 0.462756
vt 0.120840 0.462118
vt 0.127010 0.464088
vt 0.131666 0.468204
vt 0.134270 0.473715
vt 0.905277 0.385430
vt 0.903731 0.385434
vt 0.905368 0.397892
vt 0.903814 0.397836
vt 0.904720 0.408455
vt 0.903173 0.408490
vt 0.905211 0.420568
vt 0.903664 0.420477
vt 0.200189 0.295618
vt 0.863268 0.473623
vt 0.862688 0.472402
vt 0.845010 0.488361
vt 0.842823 0.485260
vt 0.862068 0.470888
vt 0.840837 0.481687
vt 0.861431 0.468984
vt 0.839137 0.477720
vt 0.860813 0.466669
vt 0.837753 0.473399
vt 0.860247 0.463926
vt 0.836703 0.468764
vt 0.859766 0.460745
vt 0.835990 0.463855
vt 0.859394 0.457121
vt 0.835602 0.458707
vt 0.859150 0.453059
vt 0.835517 0.453351
vt 0.859043 0.448566
vt 0.835706 0.447811
vt 0.859072 0.443655
vt 0.836129 0.442101
vt 0.859389 0.438379
vt 0.836671 0.436126
vt 0.859677 0.432680
vt 0.837491 0.429978
vt 0.860090 0.426624
vt 0.838438 0.423667
vt 0.860586 0.420223
vt 0.839472 0.417190
vt 0.861130 0.413491
vt 0.840548 0.410547
vt 0.861945 0.406528
vt 0.841522 0.403542
vt 0.862558 0.399203
vt 0.842689 0.396326
vt 0.863188 0.391607
vt 0.843833 0.388913
vt 0.863807 0.383753
vt 0.844931 0.381293
vt 0.864366 0.375588
vt 0.845963 0.373452
vt 0.864870 0.367157
vt 0.846911 0.365415
vt 0.865581 0.358514
vt 0.847597 0.356972
vt 0.865916 0.349503
vt 0.848427 0.348270
vt 0.866477 0.340245
vt 0.848972 0.339187
vt 0.866998 0.330691
vt 0.849516 0.329590
vt 0.867280 0.320786
vt 0.850270 0.319719
vt 0.867546 0.310569
vt 0.850970 0.309690
vt 0.868079 0.300107
vt 0.851415 0.299235
vt 0.868348 0.289304
vt 0.852084 0.288427
vt 0.868624 0.278209
vt 0.852728 0.277430
vt 0.868823 0.266798
vt 0.853296 0.266263
vt 0.869257 0.255097
vt 0.853532 0.254661
vt 0.869374 0.243013
vt 0.853927 0.242646
vt 0.869426 0.230504
vt 0.854157 0.230428
vt 0.854364 0.224067
vt 0.671554 0.102978
vt 0.667109 0.098297
vt 0.668544 0.097170
vt 0.669871 0.096356
vt 0.673199 0.101696
vt 0.669107 0.128327
vt 0.671061 0.129645
vt 0.672873 0.130628
vt 0.668872 0.138041
vt 0.663857 0.134639
vt 0.664732 0.100818
vt 0.665943 0.099389
vt 0.670163 0.104605
vt 0.701667 0.123790
vt 0.700005 0.125528
vt 0.693008 0.118923
vt 0.695006 0.116326
vt 0.703380 0.121551
vt 0.639842 0.098706
vt 0.639479 0.098593
vt 0.640382 0.097511
vt 0.704699 0.119466
vt 0.696489 0.113310
vt 0.705970 0.116867
vt 0.697369 0.109976
vt 0.707624 0.111632
vt 0.706873 0.114503
vt 0.697578 0.106444
vt 0.708228 0.106031
vt 0.708054 0.109071
vt 0.667141 0.090156
vt 0.661035 0.077720
vt 0.664727 0.076335
vt 0.667982 0.075491
vt 0.671423 0.088553
vt 0.707700 0.100276
vt 0.708140 0.103369
vt 0.697073 0.102850
vt 0.665951 0.125403
vt 0.667564 0.127038
vt 0.659720 0.130424
vt 0.663161 0.092637
vt 0.654500 0.081369
vt 0.657933 0.079229
vt 0.681721 0.132877
vt 0.684266 0.132870
vt 0.686482 0.132648
vt 0.687402 0.141700
vt 0.680858 0.141703
vt 0.677128 0.132180
vt 0.679561 0.132662
vt 0.674605 0.140446
vt 0.659660 0.095938
vt 0.648668 0.086364
vt 0.651686 0.083516
vt 0.663498 0.122001
vt 0.664725 0.123874
vt 0.656579 0.125599
vt 0.675105 0.131558
vt 0.153083 0.843508
vt 0.155097 0.854734
vt 0.153757 0.854823
vt 0.151219 0.844052
vt 0.155298 0.860734
vt 0.155086 0.862461
vt 0.700079 0.084503
vt 0.697552 0.082125
vt 0.695141 0.080279
vt 0.702632 0.070533
vt 0.709111 0.076634
vt 0.646363 0.024604
vt 0.648103 0.021202
vt 0.650351 0.017408
vt 0.653480 0.019671
vt 0.649328 0.026238
vt 0.699634 0.473988
vt 0.681883 0.474437
vt 0.681431 0.455912
vt 0.699440 0.455330
vt 0.693983 0.140371
vt 0.691224 0.131454
vt 0.693690 0.130409
vt 0.695750 0.129291
vt 0.700333 0.137701
vt 0.669172 0.115685
vt 0.662225 0.118607
vt 0.661589 0.116576
vt 0.661244 0.114794
vt 0.668441 0.113352
vt 0.670342 0.117875
vt 0.663985 0.122238
vt 0.662936 0.120329
vt 0.665046 0.123824
vt 0.671978 0.119900
vt 0.666489 0.125537
vt 0.667878 0.126919
vt 0.674070 0.121606
vt 0.669676 0.128350
vt 0.684580 0.552596
vt 0.684032 0.532498
vt 0.700871 0.532175
vt 0.701238 0.552292
vt 0.671353 0.129459
vt 0.676504 0.122865
vt 0.673450 0.130535
vt 0.664715 0.100312
vt 0.663611 0.101883
vt 0.662779 0.103343
vt 0.656808 0.099968
vt 0.675362 0.131310
vt 0.679206 0.123635
vt 0.677689 0.131967
vt 0.667149 0.097788
vt 0.665792 0.099077
vt 0.685172 0.095566
vt 0.683716 0.094893
vt 0.682391 0.094424
vt 0.684276 0.089014
vt 0.688014 0.090761
vt 0.638802 0.107904
vt 0.653632 0.109673
vt 0.653529 0.115003
vt 0.638642 0.116198
vt 0.679768 0.132359
vt 0.682079 0.123863
vt 0.682242 0.132549
vt 0.680790 0.094042
vt 0.679362 0.093839
vt 0.680162 0.088016
vt 0.677674 0.093779
vt 0.676198 0.093864
vt 0.675822 0.087845
vt 0.715304 0.122313
vt 0.706108 0.117577
vt 0.707195 0.114816
vt 0.707907 0.112319
vt 0.718117 0.115219
vt 0.682144 0.094962
vt 0.683655 0.095507
vt 0.684881 0.096118
vt 0.682445 0.101095
vt 0.680724 0.100466
vt 0.685014 0.123510
vt 0.686938 0.132211
vt 0.684412 0.132522
vt 0.687895 0.122559
vt 0.691593 0.130920
vt 0.689116 0.131744
vt 0.693689 0.130009
vt 0.690600 0.121020
vt 0.696014 0.128678
vt 0.692118 0.078399
vt 0.689320 0.077030
vt 0.694881 0.065708
vt 0.701624 0.572716
vt 0.685309 0.573066
vt 0.643203 0.040890
vt 0.640867 0.040171
vt 0.641835 0.036446
vt 0.643217 0.032224
vt 0.645905 0.033343
vt 0.661809 0.118279
vt 0.662621 0.120304
vt 0.654506 0.120384
vt 0.685899 0.075753
vt 0.682807 0.074944
vt 0.686107 0.062427
vt 0.660913 0.114397
vt 0.661299 0.116488
vt 0.662863 0.103840
vt 0.663786 0.102156
vt 0.669101 0.106528
vt 0.706088 0.094560
vt 0.707120 0.097597
vt 0.695837 0.099337
vt 0.641170 0.048706
vt 0.639244 0.048280
vt 0.639867 0.044495
vt 0.703220 0.089174
vt 0.704909 0.092006
vt 0.693882 0.096054
vt 0.643807 0.091513
vt 0.641583 0.095287
vt 0.625705 0.092279
vt 0.631560 0.082536
vt 0.699245 0.084339
vt 0.701517 0.086845
vt 0.691250 0.093149
vt 0.662188 0.105380
vt 0.668430 0.108681
vt 0.661607 0.107263
vt 0.648862 0.085332
vt 0.646008 0.088495
vt 0.638944 0.074416
vt 0.697061 0.082341
vt 0.694268 0.080281
vt 0.637933 0.089926
vt 0.637591 0.085972
vt 0.637662 0.081436
vt 0.637881 0.081447
vt 0.638126 0.089940
vt 0.691666 0.078716
vt 0.688440 0.077210
vt 0.654883 0.080415
vt 0.651546 0.082883
vt 0.647526 0.068082
vt 0.637396 0.077572
vt 0.637518 0.073081
vt 0.638158 0.073123
vt 0.661583 0.076880
vt 0.657919 0.078595
vt 0.656934 0.063686
vt 0.637395 0.069213
vt 0.637648 0.064749
vt 0.638716 0.064859
vt 0.668199 0.110985
vt 0.661048 0.110961
vt 0.661245 0.108949
vt 0.661030 0.112730
vt 0.651458 0.227095
vt 0.650143 0.219650
vt 0.663017 0.218063
vt 0.664516 0.232161
vt 0.652694 0.233622
vt 0.668665 0.074794
vt 0.664834 0.075727
vt 0.666765 0.061296
vt 0.637749 0.060895
vt 0.638220 0.056469
vt 0.639721 0.056704
vt 0.679108 0.074352
vt 0.675835 0.074164
vt 0.676618 0.060904
vt 0.680786 0.094601
vt 0.678863 0.100188
vt 0.679155 0.094365
vt 0.638554 0.052651
vt 0.644566 0.028639
vt 0.671995 0.074319
vt 0.677716 0.094283
vt 0.676936 0.100293
vt 0.676028 0.094382
vt 0.643815 0.092568
vt 0.646273 0.089092
vt 0.669913 0.005054
vt 0.663897 0.008887
vt 0.661010 0.005056
vt 0.663988 0.002731
vt 0.667654 0.000437
vt 0.671777 0.074879
vt 0.675050 0.074699
vt 0.711251 0.128550
vt 0.703376 0.122255
vt 0.704946 0.119826
vt 0.661987 0.105146
vt 0.661446 0.106784
vt 0.654757 0.104599
vt 0.674565 0.094596
vt 0.675021 0.100796
vt 0.672889 0.095044
vt 0.717556 0.091439
vt 0.719346 0.099484
vt 0.708305 0.100816
vt 0.707643 0.097678
vt 0.706756 0.095009
vt 0.640192 0.099791
vt 0.641960 0.095798
vt 0.706177 0.133729
vt 0.698019 0.127741
vt 0.699864 0.126199
vt 0.678794 0.074844
vt 0.681957 0.075303
vt 0.661015 0.108758
vt 0.660803 0.110514
vt 0.658367 0.013814
vt 0.655239 0.010813
vt 0.657811 0.008028
vt 0.639242 0.102109
vt 0.668415 0.096816
vt 0.669960 0.095846
vt 0.680947 0.437864
vt 0.699222 0.437219
vt 0.640148 0.124497
vt 0.680079 0.420256
vt 0.698509 0.419492
vt 0.643316 0.132466
vt 0.648075 0.139775
vt 0.687057 0.614726
vt 0.686128 0.593790
vt 0.702069 0.593382
vt 0.702583 0.614169
vt 0.654288 0.146106
vt 0.673020 0.094531
vt 0.671358 0.095161
vt 0.661756 0.151172
vt 0.670223 0.154724
vt 0.679383 0.156565
vt 0.688891 0.156561
vt 0.674488 0.094146
vt 0.698378 0.154645
vt 0.641096 0.166132
vt 0.642021 0.173084
vt 0.643063 0.179178
vt 0.638062 0.179740
vt 0.636751 0.166534
vt 0.707460 0.150826
vt 0.715756 0.145188
vt 0.722904 0.137891
vt 0.719508 0.107515
vt 0.708442 0.109322
vt 0.708652 0.106666
vt 0.728573 0.129169
vt 0.732478 0.119319
vt 0.666580 0.314738
vt 0.665385 0.306603
vt 0.672135 0.305987
vt 0.673389 0.321403
vt 0.667716 0.321796
vt 0.734396 0.108697
vt 0.652341 0.292768
vt 0.662898 0.291554
vt 0.664197 0.299605
vt 0.654345 0.307784
vt 0.734175 0.097703
vt 0.676047 0.353161
vt 0.677291 0.369411
vt 0.660248 0.370656
vt 0.658928 0.354440
vt 0.694352 0.039262
vt 0.693563 0.040573
vt 0.679653 0.023067
vt 0.676657 0.025485
vt 0.731741 0.086765
vt 0.692578 0.042458
vt 0.673597 0.028696
vt 0.689040 0.132126
vt 0.714126 0.083712
vt 0.727108 0.076328
vt 0.000398 0.868216
vt 0.004974 0.852147
vt 0.017084 0.856081
vt 0.013930 0.870130
vt 0.691542 0.044831
vt 0.670698 0.032451
vt 0.720379 0.066832
vt 0.690478 0.047664
vt 0.667965 0.036883
vt 0.708583 0.103544
vt 0.711743 0.058698
vt 0.689427 0.051028
vt 0.665614 0.041991
vt 0.701475 0.052308
vt 0.688419 0.054959
vt 0.663476 0.047576
vt 0.705417 0.091996
vt 0.703984 0.089491
vt 0.689925 0.047988
vt 0.677509 0.045996
vt 0.705928 0.654714
vt 0.711241 0.673710
vt 0.705618 0.674158
vt 0.704314 0.654805
vt 0.685506 0.076163
vt 0.687571 0.059492
vt 0.661659 0.053654
vt -0.000000 0.885271
vt 0.013240 0.884783
vt 0.686750 0.064619
vt 0.660156 0.060253
vt 0.701833 0.124180
vt 0.664696 0.046504
vt 0.686055 0.070335
vt 0.659225 0.067311
vt 0.651986 0.049591
vt 0.685495 0.076708
vt 0.658267 0.074732
vt 0.652510 0.014260
vt 0.639897 0.055236
vt 0.685063 0.083701
vt 0.657864 0.082552
vt 0.628938 0.063304
vt 0.684730 0.091321
vt 0.657638 0.090722
vt 0.702027 0.086732
vt 0.619586 0.073563
vt 0.684453 0.099586
vt 0.657105 0.099367
vt 0.612219 0.085623
vt 0.684253 0.108554
vt 0.656740 0.108650
vt 0.637122 0.107348
vt 0.621590 0.103366
vt 0.607097 0.099034
vt 0.684425 0.118140
vt 0.656432 0.118511
vt 0.635966 0.117751
vt 0.619038 0.115363
vt 0.604094 0.113044
vt 0.684678 0.128349
vt 0.656363 0.129122
vt 0.635468 0.129073
vt 0.617646 0.128139
vt 0.602749 0.127268
vt 0.684743 0.139244
vt 0.656640 0.140415
vt 0.635388 0.141056
vt 0.617612 0.141419
vt 0.602510 0.141692
vt 0.685290 0.150676
vt 0.657095 0.152317
vt 0.635832 0.153602
vt 0.618118 0.154873
vt 0.603490 0.156082
vt 0.637569 0.117831
vt 0.637411 0.123764
vt 0.637733 0.129085
vt 0.685666 0.162717
vt 0.657903 0.164735
vt 0.619190 0.168464
vt 0.605128 0.170052
vt 0.686196 0.175282
vt 0.658933 0.177580
vt 0.621047 0.182032
vt 0.606942 0.184060
vt 0.638066 0.107490
vt 0.637544 0.112877
vt 0.686843 0.188320
vt 0.660151 0.190785
vt 0.639609 0.193159
vt 0.622862 0.195688
vt 0.609343 0.197972
vt 0.264967 0.845096
vt 0.246912 0.842926
vt 0.248413 0.821729
vt 0.266541 0.822701
vt 0.282368 0.846894
vt 0.283453 0.823330
vt 0.638652 0.103211
vt 0.687568 0.201785
vt 0.661520 0.204294
vt 0.641322 0.206769
vt 0.624801 0.209411
vt 0.611815 0.211520
vt 0.248913 0.799758
vt 0.267204 0.800136
vt 0.283754 0.800411
vt 0.688316 0.215649
vt 0.072241 0.795778
vt 0.086186 0.794792
vt 0.086365 0.801618
vt 0.073784 0.803227
vt 0.643142 0.220576
vt 0.627170 0.223121
vt 0.613985 0.225251
vt 0.248900 0.776993
vt 0.267579 0.777276
vt 0.283916 0.777484
vt 0.689494 0.229692
vt 0.644908 0.234691
vt 0.629124 0.237046
vt 0.616376 0.239034
vt 0.249734 0.753821
vt 0.267846 0.754146
vt 0.284064 0.754348
vt 0.690292 0.244100
vt 0.666145 0.246462
vt 0.654119 0.241176
vt 0.655385 0.247752
vt 0.647139 0.248855
vt 0.631378 0.251199
vt 0.618389 0.253233
vt 0.250431 0.730696
vt 0.268142 0.730918
vt 0.284176 0.731059
vt 0.691096 0.258777
vt 0.667707 0.261000
vt 0.648903 0.263206
vt 0.633476 0.265583
vt 0.620815 0.267724
vt 0.250964 0.707570
vt 0.268262 0.707586
vt 0.284209 0.707624
vt 0.691858 0.273761
vt 0.669233 0.275745
vt 0.656749 0.255389
vt 0.657942 0.262087
vt 0.650688 0.277832
vt 0.635602 0.280084
vt 0.623216 0.282132
vt 0.250460 0.683878
vt 0.268423 0.683843
vt 0.284121 0.683836
vt 0.693005 0.288820
vt 0.670663 0.290775
vt 0.637655 0.294686
vt 0.625453 0.296557
vt 0.250795 0.659583
vt 0.268367 0.659617
vt 0.284220 0.659626
vt 0.693743 0.304195
vt 0.639334 0.309627
vt 0.627417 0.311126
vt 0.251090 0.635058
vt 0.268398 0.635118
vt 0.284292 0.635149
vt 0.694465 0.319829
vt 0.655897 0.323029
vt 0.641406 0.324824
vt 0.629032 0.326284
vt 0.251490 0.610326
vt 0.268553 0.610359
vt 0.284176 0.610379
vt 0.695119 0.335826
vt 0.674760 0.337221
vt 0.660441 0.276681
vt 0.659263 0.269869
vt 0.657526 0.338556
vt 0.643080 0.340317
vt 0.630957 0.341849
vt 0.251790 0.585566
vt 0.268476 0.585391
vt 0.283973 0.585238
vt 0.696091 0.351974
vt 0.644712 0.356051
vt 0.632804 0.357468
vt 0.250995 0.560307
vt 0.268067 0.559894
vt 0.283757 0.559567
vt 0.696969 0.368329
vt 0.646139 0.372097
vt 0.634493 0.373197
vt 0.249999 0.533990
vt 0.267388 0.533517
vt 0.283315 0.533135
vt 0.697337 0.385102
vt 0.678043 0.386036
vt 0.661667 0.387084
vt 0.647782 0.388403
vt 0.635735 0.389420
vt 0.248988 0.506592
vt 0.266644 0.506185
vt 0.282880 0.505871
vt 0.644151 0.186255
vt 0.645275 0.192454
vt 0.698144 0.402106
vt 0.679094 0.403028
vt 0.012071 0.837486
vt 0.022512 0.843031
vt 0.662775 0.403863
vt 0.648968 0.405049
vt 0.637193 0.406087
vt 0.248192 0.478151
vt 0.266337 0.477956
vt 0.282389 0.477777
vt 0.663797 0.420993
vt 0.649996 0.422059
vt 0.638534 0.422794
vt 0.248481 0.449197
vt 0.266041 0.449207
vt 0.282262 0.449125
vt 0.638480 0.098465
vt 0.664704 0.438605
vt 0.651083 0.439476
vt 0.639365 0.439942
vt 0.248886 0.420273
vt 0.266147 0.420284
vt 0.281949 0.420249
vt 0.665545 0.456623
vt 0.651952 0.457357
vt 0.640134 0.457729
vt 0.249124 0.391249
vt 0.266023 0.391222
vt 0.281836 0.391122
vt 0.666214 0.475056
vt 0.652767 0.475649
vt 0.640803 0.475979
vt 0.249362 0.362110
vt 0.265868 0.361942
vt 0.281362 0.361762
vt 0.700142 0.493023
vt 0.683125 0.512728
vt 0.682806 0.493355
vt 0.700453 0.512430
vt 0.667180 0.493980
vt 0.653454 0.494573
vt 0.641333 0.495068
vt 0.248590 0.332478
vt 0.265455 0.332160
vt 0.281093 0.331891
vt 0.667837 0.513303
vt 0.654145 0.514060
vt 0.642350 0.514602
vt 0.247696 0.301596
vt 0.264984 0.301439
vt 0.280780 0.301288
vt 0.668601 0.533154
vt 0.655226 0.533932
vt 0.643175 0.534557
vt 0.248088 0.270045
vt 0.264930 0.270110
vt 0.280529 0.270145
vt 0.669488 0.553381
vt 0.656115 0.554226
vt 0.644452 0.554887
vt 0.248543 0.238436
vt 0.265099 0.238519
vt 0.280562 0.238600
vt 0.670548 0.573918
vt 0.657467 0.574812
vt 0.645603 0.575585
vt 0.248918 0.206591
vt 0.265133 0.206564
vt 0.280558 0.206577
vt 0.671667 0.594710
vt 0.658678 0.595717
vt 0.647226 0.596559
vt 0.248433 0.173949
vt 0.265191 0.173909
vt 0.280567 0.173905
vt 0.673126 0.615671
vt 0.660471 0.616848
vt 0.648834 0.617907
vt 0.248763 0.140571
vt 0.265201 0.140564
vt 0.280452 0.140568
vt 0.703322 0.634822
vt 0.688571 0.635572
vt 0.674741 0.636890
vt 0.662509 0.638214
vt 0.651147 0.639664
vt 0.248845 0.106762
vt 0.265093 0.106685
vt 0.280526 0.106648
vt 0.677345 0.657915
vt 0.665331 0.659724
vt 0.654229 0.661692
vt 0.248826 0.072490
vt 0.264853 0.072169
vt 0.280288 0.071976
vt 0.690331 0.656120
vt 0.692903 0.675910
vt 0.680942 0.678335
vt 0.669550 0.681112
vt 0.658862 0.683947
vt 0.247472 0.037458
vt 0.263983 0.036490
vt 0.279681 0.035861
vt 0.707606 0.694894
vt 0.696776 0.696261
vt 0.686254 0.698567
vt 0.675914 0.701512
vt 0.665697 0.704780
vt 0.244436 0.003325
vt 0.261118 0.001835
vt 0.277918 0.000618
vt 0.676283 0.114282
vt 0.679616 0.109533
vt 0.677193 0.114912
vt 0.678290 0.115432
vt 0.679501 0.115730
vt 0.680779 0.115780
vt 0.682075 0.115567
vt 0.683333 0.115087
vt 0.684499 0.114344
vt 0.685518 0.113358
vt 0.686340 0.112158
vt 0.686918 0.110781
vt 0.687216 0.109279
vt 0.687205 0.107708
vt 0.686871 0.106131
vt 0.686210 0.104615
vt 0.685234 0.103227
vt 0.683966 0.102033
vt 0.675437 0.113408
vt 0.672789 0.115609
vt 0.660769 0.112587
vt 0.697936 0.127337
vt 0.640188 0.160158
vt 0.639495 0.153365
vt 0.647655 0.205942
vt 0.648939 0.213248
vt 0.646479 0.199645
vt 0.099737 0.796242
vt 0.098812 0.802241
vt 0.112489 0.799974
vt 0.110742 0.805010
vt 0.661720 0.284615
vt 0.021355 0.824605
vt 0.029976 0.831333
vt 0.032444 0.813805
vt 0.039183 0.821289
vt 0.044919 0.805315
vt 0.049801 0.813146
vt 0.058335 0.799282
vt 0.061464 0.807086
vt 0.671463 0.095561
vt 0.134163 0.813360
vt 0.142493 0.822422
vt 0.139981 0.824457
vt 0.131638 0.816348
vt 0.124071 0.805771
vt 0.121795 0.809781
vt 0.148851 0.832600
vt 0.146575 0.833805
vt 0.638358 0.140968
vt 0.637843 0.135369
vt 0.638769 0.147550
vt 0.687610 0.097194
vt 0.686348 0.096270
vt 0.686185 0.118717
vt 0.687224 0.118117
vt 0.688092 0.117507
vt 0.689025 0.116687
vt 0.689774 0.115898
vt 0.690546 0.114884
vt 0.691140 0.113938
vt 0.691711 0.112762
vt 0.692116 0.111691
vt 0.692452 0.110393
vt 0.692642 0.109233
vt 0.692718 0.107859
vt 0.692674 0.106655
vt 0.692471 0.105258
vt 0.692183 0.104055
vt 0.691696 0.102691
vt 0.691162 0.101540
vt 0.689626 0.099218
vt 0.688597 0.098092
vt 0.690396 0.100267
vt 0.677890 0.119333
vt 0.678942 0.119626
vt 0.679884 0.119802
vt 0.681002 0.119884
vt 0.681984 0.119869
vt 0.683125 0.119726
vt 0.684110 0.119512
vt 0.685228 0.119136
vt 0.675264 0.118044
vt 0.674764 0.117665
vt 0.674001 0.117038
vt 0.677000 0.118982
vt 0.676035 0.118529
vt 0.677874 0.119309
vt 0.678937 0.119565
vt 0.681003 0.119751
vt 0.679882 0.119713
vt 0.681984 0.119705
vt 0.683118 0.119512
vt 0.684095 0.119263
vt 0.685195 0.118837
vt 0.687143 0.117730
vt 0.686134 0.118380
vt 0.688873 0.116216
vt 0.687984 0.117084
vt 0.690300 0.114337
vt 0.689585 0.115393
vt 0.691347 0.112156
vt 0.690846 0.113364
vt 0.691949 0.109747
vt 0.691695 0.111065
vt 0.692059 0.107203
vt 0.692074 0.108579
vt 0.691644 0.104623
vt 0.691943 0.106003
vt 0.690695 0.102115
vt 0.691280 0.103441
vt 0.689225 0.099790
vt 0.690086 0.101002
vt 0.687267 0.097757
vt 0.688383 0.098798
vt 0.686216 0.096933
vt 0.674076 0.116959
vt 0.674824 0.117603
vt 0.675314 0.117997
vt 0.676074 0.118499
vt 0.677024 0.118984
vt 0.638520 0.096888
vt 0.151661 0.997988
vt 0.129823 1.000000
vt 0.129244 0.994457
vt 0.149811 0.990815
vt 0.144993 0.971878
vt 0.162394 0.966164
vt 0.169840 0.984036
vt 0.127267 0.975042
vt 0.108641 0.995114
vt 0.109543 0.975458
vt 0.206638 0.961857
vt 0.194523 0.946953
vt 0.208506 0.933897
vt 0.222495 0.946799
vt 0.220619 0.918806
vt 0.236160 0.929487
vt 0.068870 0.987420
vt 0.075770 0.968760
vt 0.092238 0.973387
vt 0.088410 0.992652
vt 0.273311 0.895272
vt 0.271429 0.908920
vt 0.264385 0.918460
vt 0.178984 0.957751
vt 0.188964 0.974379
vt 0.230575 0.901946
vt 0.247336 0.910226
vt 0.250189 0.938909
vt 0.233619 0.956842
vt 0.238074 0.883440
vt 0.255788 0.889383
vt 0.243322 0.863556
vt 0.261653 0.867475
vt 0.279413 0.871110
vt 0.005212 0.919783
vt 0.001115 0.902522
vt 0.015050 0.899621
vt 0.019402 0.914218
vt 0.012328 0.936542
vt 0.026271 0.928141
vt 0.050819 0.978574
vt 0.035319 0.966451
vt 0.047073 0.952254
vt 0.060583 0.961638
vt 0.060608 0.983552
vt 0.022411 0.952272
vt 0.035553 0.940959
vt 0.284482 0.886265
vt 0.278262 0.896894
vt 0.214988 0.971929
vt 0.194765 0.983928
vt 0.173452 0.992593
vt 0.108469 0.998878
vt 0.088022 0.994615
vt 0.068782 0.987667
vt 0.290509 0.873119
vt 0.864331 0.475637
vt 0.846780 0.489821
vt 0.833066 0.510078
vt 0.835261 0.510746
vt 0.832299 0.516909
vt 0.834592 0.516816
vt 0.881487 0.009125
vt 0.879477 0.017894
vt 0.877658 0.025412
vt 0.875953 0.033974
vt 0.874349 0.041297
vt 0.872831 0.056922
vt 0.879845 0.072977
vt 0.871035 0.072281
vt 0.878300 0.087995
vt 0.869312 0.087337
vt 0.877073 0.102832
vt 0.867565 0.102101
vt 0.875911 0.117263
vt 0.875121 0.131584
vt 0.874356 0.145631
vt 0.873357 0.159412
vt 0.872524 0.172921
vt 0.871685 0.186129
vt 0.871004 0.199078
vt 0.870903 0.211514
vt 0.870022 0.224254
vt 0.854482 0.211121
vt 0.855535 0.198218
vt 0.865938 0.116579
vt 0.864214 0.130794
vt 0.862430 0.144735
vt 0.860581 0.158423
vt 0.858722 0.171877
vt 0.856900 0.185133
vt 0.856505 0.191119
s 1
usemtl Onyx
f 108/1/1 203/2/2 104/3/3 106/4/4 102/5/5
f 153/6/6 149/7/7 147/8/8 220/9/9 217/10/10
f 123/11/11 126/12/12 203/2/2 108/1/1 110/13/13
f 160/14/14 204/15/15 148/16/16 151/17/17 191/18/18
f 225/19/19 306/20/20 228/21/21
f 167/22/22 191/18/18 151/17/17 154/23/23 189/24/24
f 189/24/24 154/23/23 157/25/25 186/26/26 71/27/27
f 157/25/25 161/28/28 192/29/29 65/30/30 186/26/26
f 179/31/31 98/32/4 101/33/32 190/34/33 172/35/34
f 198/36/35 202/37/36 192/29/29 161/28/28 164/38/37
f 155/39/38 152/40/39 153/6/6 217/10/10 214/41/40
f 195/42/41 94/43/2 96/44/3 98/32/4 179/31/31
f 135/45/42 138/46/43 129/47/44 229/48/45 226/49/46
f 141/50/47 144/51/48 135/45/42 226/49/46 223/52/49
f 195/42/41 197/53/50 92/54/11 90/55/12 94/43/2
f 158/56/51 156/57/52 155/39/38 214/41/40 211/58/53
f 147/8/8 150/59/54 141/50/47 223/52/49 220/9/9
f 222/60/55 547/61/56 200/62/57 206/63/58
f 547/61/56 225/64/59 228/65/60 200/62/57
f 180/66/61 177/67/62 170/68/63 267/69/64 262/70/65
f 170/71/66 177/72/62 180/73/67 261/74/68 266/75/69
f 453/76/70 454/77/71 447/78/72 446/79/73
f 231/80/74 163/81/75 182/82/76 199/83/77 233/84/78
f 120/85/79 171/86/80 175/87/81 107/88/82 118/89/83
f 122/90/84 162/91/85 165/92/86 171/86/80 120/85/79
f 158/93/87 162/91/85 122/90/84 124/94/88 156/95/89
f 155/96/90 156/95/89 124/94/88 127/97/91 152/98/92
f 482/99/93 475/100/94 474/101/95 481/102/96
f 153/103/97 152/98/92 127/97/91 130/104/9 149/105/98
f 197/53/50 121/106/99 119/107/100 117/108/101 201/109/102
f 147/110/103 149/105/98 130/104/9 133/111/49 150/112/104
f 126/113/105 123/114/106 121/106/99 197/53/50 195/42/41
f 146/115/63 188/116/107 137/117/108 67/118/109 178/119/64
f 200/62/57 196/120/110 205/121/111 206/63/58
f 141/122/112 150/112/104 133/111/49 136/123/46 144/124/113
f 137/117/108 140/125/114 131/126/115 74/127/116 67/118/109
f 131/126/115 134/128/117 125/129/118 159/130/119 74/127/116
f 239/131/23 71/132/120 186/133/121 65/134/122 241/135/25
f 188/136/123 146/137/124 143/138/125 95/139/126 97/140/127
f 139/141/45 138/142/128 135/143/129 144/124/113 136/123/46
f 142/144/74 132/145/130 129/146/131 138/142/128 139/141/45
f 163/147/132 132/145/130 142/144/74 145/148/78 182/149/133
f 170/68/63 173/150/107 69/151/108 273/152/109 267/69/64
f 488/153/134 489/154/135 482/99/93 481/102/96
f 277/155/136 76/156/137 169/157/114 69/158/138 272/159/139
f 165/160/140 162/161/141 158/56/51 211/58/53 208/162/142
f 273/152/109 69/151/108 169/163/114 76/164/115 278/165/116
f 175/166/143 171/167/144 165/160/140 208/162/142 205/121/111
f 119/168/145 121/169/146 123/11/11 110/13/13 112/170/147
f 183/171/148 193/172/149 198/36/35 164/38/37 168/173/150
f 282/174/151 176/175/152 166/176/117 76/156/137 277/155/136
f 228/177/153 84/178/154 82/179/155 302/180/156
f 181/181/157 187/182/158 183/171/148 168/173/150 80/183/159
f 82/184/101 84/185/154 228/21/21 306/20/20 307/186/160 303/187/102
f 184/188/161 185/189/162 181/181/157 80/183/159 174/190/65
f 117/191/163 119/168/145 112/170/147 114/192/164 115/193/165
f 86/194/99 88/195/100 82/184/101 303/187/102 299/196/50
f 180/197/166 184/188/161 174/190/65 178/119/64 177/198/125
f 82/179/155 88/199/100 86/200/167 298/201/168 302/180/156
f 170/202/124 177/198/125 178/119/64 67/118/109 173/203/123
f 90/204/105 92/205/106 86/194/99 299/196/50 295/206/41
f 86/200/167 92/207/106 90/208/169 294/209/170 298/201/168
f 96/210/171 94/211/172 90/204/105 295/206/41 291/212/31
f 90/208/169 94/213/172 96/214/173 290/215/174 294/209/170
f 116/216/175 111/217/176 113/218/177 115/193/165 114/192/164
f 118/89/83 107/88/82 109/219/178 111/217/176 116/216/175
f 545/220/179 549/221/180 354/222/181 360/223/182 280/224/183
f 101/225/184 98/226/185 96/210/171 291/212/31 287/227/34
f 96/214/173 98/228/185 101/229/186 286/230/187 290/215/174
f 278/165/116 76/164/115 166/231/117 176/232/118 283/233/119
f 137/234/188 188/136/123 97/140/127 100/235/189 140/236/190
f 286/230/187 101/229/186 190/237/191 176/175/152 282/174/151
f 266/75/69 272/159/139 69/158/138 173/238/107 170/71/66
f 283/233/119 176/232/118 190/239/191 101/225/184 287/227/34
f 131/240/192 140/236/190 100/235/189 103/241/193 134/242/194
f 197/53/50 201/109/102 88/243/145 86/244/146 92/54/11
f 246/245/195 251/246/196 187/247/197 183/248/198 193/249/198
f 190/34/33 176/250/199 166/251/194 159/130/119 172/35/34
f 237/252/17 167/253/200 189/254/201 71/132/120 239/131/23
f 117/108/101 115/255/154 113/256/202 194/257/160 201/109/102
f 125/258/199 134/242/194 103/241/193 105/259/203 128/260/33
f 252/261/150 247/262/37 193/263/204 183/264/198 187/265/205
f 88/243/145 201/109/102 194/257/160 84/266/165 82/267/163
f 235/268/16 233/84/78 199/83/77 204/269/206 160/270/207
f 166/251/194 76/271/192 169/272/190 74/127/116 159/130/119
f 113/256/202 111/273/208 109/274/209 196/120/110 194/257/160
f 251/246/196 256/275/210 185/276/211 181/277/212 187/247/197
f 194/257/160 196/120/110 200/62/57 228/65/60 84/266/165
f 203/278/172 126/113/105 195/42/41 179/31/31 104/279/171
f 447/78/72 440/280/213 439/281/214 446/79/73
f 206/63/58 205/121/111 208/162/142 209/282/215
f 433/283/216 432/284/217 439/281/214 440/280/213
f 209/282/215 208/162/142 211/58/53 212/285/218
f 212/285/218 211/58/53 214/41/40 215/286/219
f 503/287/220 496/288/221 495/289/222 502/290/223
f 215/286/219 214/41/40 217/10/10 218/291/224
f 172/35/34 99/292/184 106/293/185 104/279/171 179/31/31
f 218/291/224 217/10/10 220/9/9 221/294/225
f 221/294/225 220/9/9 223/52/49 224/295/226
f 224/295/226 223/52/49 226/49/46 227/296/227
f 227/296/227 226/49/46 229/48/45 230/297/228
f 159/130/119 125/129/118 128/298/191 99/292/184 172/35/34
f 230/297/228 229/48/45 231/80/74 232/299/229
f 553/300/230 270/301/231 264/302/232 337/303/233 333/304/234
f 232/299/229 231/80/74 233/84/78 234/305/235
f 234/305/235 233/84/78 235/268/16 236/306/236
f 236/306/236 235/268/16 237/252/17 238/307/237
f 243/308/28 241/135/25 65/134/122 192/309/238 202/310/239
f 238/307/237 237/252/17 239/131/23 240/311/240
f 240/311/240 239/131/23 241/135/25 242/312/241
f 538/313/242 323/314/243 390/315/244 396/316/245 537/317/245
f 242/312/241 241/135/25 243/308/28 244/318/246
f 385/319/247 541/320/248 309/321/249 323/322/250 391/323/251
f 244/318/246 243/308/28 247/262/37 248/324/252
f 408/325/253 414/326/254 415/327/210 409/328/196
f 246/245/195 245/329/255 250/330/253 251/246/196
f 248/324/252 247/262/37 252/261/150 253/331/256
f 251/246/196 250/330/253 255/332/254 256/275/210
f 229/48/45 129/47/44 132/333/257 163/81/75 231/80/74
f 253/331/256 252/261/150 257/334/159 258/335/258
f 538/336/259 309/337/260 242/312/241 244/318/246
f 256/275/210 255/332/254 260/338/261 261/74/68
f 258/335/258 257/334/159 262/70/65 263/339/262
f 261/74/68 260/338/261 265/340/263 266/75/69
f 247/262/37 243/308/28 202/310/239 198/341/264 193/263/204
f 263/339/262 262/70/65 267/69/64 268/342/265
f 266/75/69 265/340/263 271/343/266 272/159/139
f 268/342/265 267/69/64 273/152/109 274/344/267
f 272/159/139 271/343/266 276/345/268 277/155/136
f 257/334/159 252/261/150 187/265/205 181/346/212 185/347/269
f 269/348/270 278/165/116 283/233/119 284/349/271
f 591/350/272 42/351/273 44/352/274 592/353/275 523/354/276 516/355/277
f 169/272/190 69/356/188 173/203/123 67/118/109 74/127/116
f 277/155/136 276/345/268 281/357/278 282/174/151
f 539/358/279 538/336/259 244/318/246 248/324/252
f 274/344/267 273/152/109 278/165/116 269/348/270
f 282/174/151 281/357/278 285/359/280 286/230/187
f 235/268/16 160/270/207 191/360/281 167/253/200 237/252/17
f 284/349/271 283/233/119 287/227/34 288/361/282
f 286/230/187 285/359/280 289/362/283 290/215/174
f 288/361/282 287/227/34 291/212/31 292/363/284
f 290/215/174 289/362/283 293/364/285 294/209/170
f 261/74/68 180/73/67 184/365/286 185/276/211 256/275/210
f 292/363/284 291/212/31 295/206/41 296/366/287
f 294/209/170 293/364/285 297/367/288 298/201/168
f 296/366/287 295/206/41 299/196/50 300/368/289
f 298/201/168 297/367/288 301/369/290 302/180/156
f 257/334/159 185/347/269 184/370/286 180/66/61 262/70/65
f 300/368/289 299/196/50 303/187/102 304/371/291
f 304/371/291 303/187/102 307/186/160 308/372/292
f 307/186/160 306/20/20 311/373/293 312/374/110
f 308/372/292 307/186/160 312/374/110 313/375/57
f 312/374/110 311/373/293 316/376/294 317/377/111
f 313/375/57 312/374/110 317/377/111 318/378/58
f 317/377/111 316/376/294 320/379/295 321/380/142
f 318/378/58 317/377/111 321/380/142 322/381/215
f 321/380/142 320/379/295 325/382/296 326/383/53
f 322/381/215 321/380/142 326/383/53 327/384/218
f 326/383/53 325/382/296 329/385/297 330/386/40
f 327/384/218 326/383/53 330/386/40 331/387/219
f 213/388/298 216/389/299 207/390/300 320/379/295 316/376/294
f 330/386/40 329/385/297 333/304/234 334/391/10
f 331/387/219 330/386/40 334/391/10 335/392/224
f 216/393/299 213/394/301 315/395/302 319/396/303 207/397/304
f 334/391/10 333/304/234 337/303/233 338/398/9
f 335/392/224 334/391/10 338/398/9 339/399/225
f 219/400/305 222/401/306 213/388/298 316/376/294 311/373/293
f 222/402/306 219/403/307 310/404/308 315/395/302 213/394/301
f 338/398/9 337/303/233 343/405/309 344/406/49
f 339/399/225 338/398/9 344/406/49 345/407/226
f 340/408/310 339/399/225 345/407/226 346/409/311
f 341/410/312 340/408/310 346/409/311 347/411/313
f 1/412/314 341/410/312 347/411/313 2/413/315
f 225/19/19 547/414/316 219/400/305 311/373/293 306/20/20
f 344/406/49 343/405/309 349/415/317 350/416/46
f 345/407/226 344/406/49 350/416/46 351/417/227
f 346/409/311 345/407/226 351/417/227 352/418/318
f 347/411/313 346/409/311 352/418/318 353/419/319
f 2/413/315 347/411/313 353/419/319 3/420/320
f 249/421/321 259/422/322 227/296/227 230/297/228
f 350/416/46 349/415/317 355/423/323 356/424/45
f 351/417/227 350/416/46 356/424/45 357/425/228
f 352/418/318 351/417/227 357/425/228 358/426/324
f 353/419/319 352/418/318 358/426/324 359/427/325
f 3/420/320 353/419/319 359/427/325 4/428/326
f 545/429/179 280/430/327 361/431/328 355/423/323 549/432/329
f 356/424/45 355/423/323 361/431/328 362/433/74
f 357/425/228 356/424/45 362/433/74 363/434/229
f 358/426/324 357/425/228 363/434/229 364/435/330
f 359/427/325 358/426/324 364/435/330 365/436/331
f 4/428/326 359/427/325 365/436/331 5/437/332
f 543/438/333 280/224/183 360/223/182 366/439/334 544/440/335
f 362/433/74 361/431/328 367/441/336 368/442/78
f 363/434/229 362/433/74 368/442/78 369/443/235
f 364/435/330 363/434/229 369/443/235 370/444/337
f 365/436/331 364/435/330 370/444/337 371/445/338
f 5/437/332 365/436/331 371/445/338 6/446/339
f 543/447/333 544/448/340 367/441/336 361/431/328 280/430/327
f 368/442/78 367/441/336 373/449/341 374/450/16
f 369/443/235 368/442/78 374/450/16 375/451/236
f 370/444/337 369/443/235 375/451/236 376/452/342
f 371/445/338 370/444/337 376/452/342 377/453/343
f 6/446/339 371/445/338 377/453/343 7/454/344
f 540/455/345 544/440/335 366/439/334 372/456/346 542/457/347
f 374/450/16 373/449/341 379/458/348 380/459/17
f 375/451/236 374/450/16 380/459/17 381/460/237
f 376/452/342 375/451/236 381/460/237 382/461/349
f 377/453/343 376/452/342 382/461/349 383/462/350
f 7/454/344 377/453/343 383/462/350 8/463/351
f 380/459/17 379/458/348 385/319/247 386/464/23
f 381/460/237 380/459/17 386/464/23 387/465/240
f 382/461/349 381/460/237 387/465/240 388/466/352
f 383/462/350 382/461/349 388/466/352 389/467/353
f 8/463/351 383/462/350 389/467/353 9/468/354
f 386/464/23 385/319/247 391/323/251 392/469/25
f 387/465/240 386/464/23 392/469/25 393/470/241
f 388/466/352 387/465/240 393/470/241 394/471/355
f 389/467/353 388/466/352 394/471/355 395/472/356
f 9/468/354 389/467/353 395/472/356 10/473/357
f 540/474/345 542/475/358 373/449/341 367/441/336 544/448/340
f 392/469/25 391/323/251 397/476/359 398/477/28
f 393/470/241 392/469/25 398/477/28 399/478/246
f 394/471/355 393/470/241 399/478/246 400/479/360
f 395/472/356 394/471/355 400/479/360 401/480/361
f 10/473/357 395/472/356 401/480/361 11/481/362
f 378/482/363 548/483/364 314/484/365 542/457/347 372/456/346
f 398/477/28 397/476/359 403/485/366 404/486/37
f 399/478/246 398/477/28 404/486/37 405/487/252
f 400/479/360 399/478/246 405/487/252 406/488/367
f 401/480/361 400/479/360 406/488/367 407/489/368
f 11/481/362 401/480/361 407/489/368 12/490/369
f 404/486/37 403/485/366 409/328/196 410/491/150
f 405/487/252 404/486/37 410/491/150 411/492/256
f 406/488/367 405/487/252 411/492/256 412/493/370
f 407/489/368 406/488/367 412/493/370 413/494/371
f 12/490/369 407/489/368 413/494/371 13/495/372
f 373/449/341 542/475/358 314/496/365 548/497/373 379/458/348
f 410/491/150 409/328/196 415/327/210 416/498/159
f 411/492/256 410/491/150 416/498/159 417/499/258
f 412/493/370 411/492/256 417/499/258 418/500/374
f 413/494/371 412/493/370 418/500/374 419/501/375
f 13/495/372 413/494/371 419/501/375 14/502/376
f 416/498/159 415/327/210 421/503/68 422/504/65
f 417/499/258 416/498/159 422/504/65 423/505/262
f 418/500/374 417/499/258 423/505/262 424/506/377
f 419/501/375 418/500/374 424/506/377 425/507/378
f 14/502/376 419/501/375 425/507/378 15/508/379
f 264/302/232 275/509/380 254/510/381 343/405/309 337/303/233
f 309/337/260 279/511/382 240/311/240 242/312/241
f 422/504/65 421/503/68 427/512/69 428/513/64
f 423/505/262 422/504/65 428/513/64 429/514/265
f 424/506/377 423/505/262 429/514/265 430/515/383
f 425/507/378 424/506/377 430/515/383 431/516/384
f 15/508/379 425/507/378 431/516/384 16/517/385
f 254/518/386 275/519/380 264/520/387 336/521/388 342/522/389
f 428/513/64 427/512/69 434/523/139 435/524/109
f 429/514/265 428/513/64 435/524/109 436/525/267
f 430/515/383 429/514/265 436/525/267 437/526/390
f 431/516/384 430/515/383 437/526/390 438/527/391
f 16/517/385 431/516/384 438/527/391 17/528/392
f 432/284/217 18/529/315 56/530/315 20/531/393 439/281/214
f 547/532/316 225/533/394 305/534/395 310/404/308 219/403/307
f 435/524/109 434/523/139 441/535/136 442/536/116
f 436/525/267 435/524/109 442/536/116 443/537/270
f 437/526/390 436/525/267 443/537/270 444/538/396
f 438/527/391 437/526/390 444/538/396 445/539/397
f 17/528/392 438/527/391 445/539/397 19/540/398
f 439/281/214 20/531/393 57/541/320 22/542/399 446/79/73
f 441/535/136 440/280/213 447/78/72 448/543/151
f 442/536/116 441/535/136 448/543/151 449/544/119
f 443/537/270 442/536/116 449/544/119 450/545/271
f 444/538/396 443/537/270 450/545/271 451/546/400
f 445/539/397 444/538/396 451/546/400 452/547/401
f 19/540/398 445/539/397 452/547/401 21/548/402
f 446/79/73 22/542/399 58/549/326 24/550/403 453/76/70
f 448/543/151 447/78/72 454/77/71 455/551/187
f 449/544/119 448/543/151 455/551/187 456/552/34
f 450/545/271 449/544/119 456/552/34 457/553/282
f 451/546/400 450/545/271 457/553/282 458/554/404
f 452/547/401 451/546/400 458/554/404 459/555/405
f 21/548/402 452/547/401 459/555/405 23/556/406
f 453/76/70 24/550/403 59/557/332 26/558/407 460/559/408
f 468/560/409 461/561/410 460/559/408 467/562/411
f 455/551/187 454/77/71 461/561/410 462/563/174
f 456/552/34 455/551/187 462/563/174 463/564/31
f 457/553/282 456/552/34 463/564/31 464/565/284
f 458/554/404 457/553/282 464/565/284 465/566/412
f 459/555/405 458/554/404 465/566/412 466/567/413
f 23/556/406 459/555/405 466/567/413 25/568/414
f 460/559/408 26/558/407 60/569/339 28/570/415 467/562/411
f 461/561/410 454/77/71 453/76/70 460/559/408
f 462/563/174 461/561/410 468/560/409 469/571/170
f 463/564/31 462/563/174 469/571/170 470/572/41
f 464/565/284 463/564/31 470/572/41 471/573/287
f 465/566/412 464/565/284 471/573/287 472/574/416
f 466/567/413 465/566/412 472/574/416 473/575/417
f 25/568/414 466/567/413 473/575/417 27/576/418
f 467/562/411 28/570/415 61/577/344 30/578/419 474/101/95
f 469/571/170 468/560/409 475/100/94 476/579/168
f 470/572/41 469/571/170 476/579/168 477/580/50
f 471/573/287 470/572/41 477/580/50 478/581/289
f 472/574/416 471/573/287 478/581/289 479/582/420
f 473/575/417 472/574/416 479/582/420 480/583/421
f 27/576/418 473/575/417 480/583/421 29/584/422
f 474/101/95 30/578/419 62/585/351 32/586/423 481/102/96
f 476/579/168 475/100/94 482/99/93 483/587/156
f 477/580/50 476/579/168 483/587/156 484/588/102
f 478/581/289 477/580/50 484/588/102 485/589/291
f 479/582/420 478/581/289 485/589/291 486/590/424
f 480/583/421 479/582/420 486/590/424 487/591/425
f 29/584/422 480/583/421 487/591/425 31/592/426
f 481/102/96 32/586/423 51/593/354 34/594/427 488/153/134
f 483/587/156 482/99/93 489/154/135 490/595/20
f 484/588/102 483/587/156 490/595/20 491/596/160
f 485/589/291 484/588/102 491/596/160 492/597/292
f 486/590/424 485/589/291 492/597/292 493/598/428
f 487/591/425 486/590/424 493/598/428 494/599/429
f 31/592/426 487/591/425 494/599/429 33/600/430
f 488/153/134 34/594/427 52/601/357 36/602/431 495/289/222
f 495/289/222 496/288/221 489/154/135 488/153/134
f 490/595/20 489/154/135 496/288/221 497/603/293
f 491/596/160 490/595/20 497/603/293 498/604/110
f 492/597/292 491/596/160 498/604/110 499/605/57
f 493/598/428 492/597/292 499/605/57 500/606/432
f 494/599/429 493/598/428 500/606/432 501/607/433
f 33/600/430 494/599/429 501/607/433 35/608/434
f 475/100/94 468/560/409 467/562/411 474/101/95
f 495/289/222 36/602/431 53/609/362 38/610/435 502/290/223
f 497/603/293 496/288/221 503/287/220 504/611/294
f 498/604/110 497/603/293 504/611/294 505/612/111
f 499/605/57 498/604/110 505/612/111 506/613/58
f 500/606/432 499/605/57 506/613/58 507/614/436
f 501/607/433 500/606/432 507/614/436 508/615/437
f 35/608/434 501/607/433 508/615/437 37/616/438
f 502/290/223 38/610/435 54/617/369 40/618/439 509/619/440
f 504/611/294 503/287/220 510/620/441 511/621/295
f 505/612/111 504/611/294 511/621/295 512/622/142
f 506/613/58 505/612/111 512/622/142 513/623/215
f 507/614/436 506/613/58 513/623/215 514/624/442
f 508/615/437 507/614/436 514/624/442 515/625/443
f 37/616/438 508/615/437 515/625/443 39/626/444
f 512/622/142 511/621/295 518/627/296 519/628/53
f 513/623/215 512/622/142 519/628/53 520/629/218
f 514/624/442 513/623/215 520/629/218 521/630/445
f 515/625/443 514/624/442 521/630/445 522/631/446
f 39/626/444 515/625/443 522/631/446 41/632/447
f 517/633/448 516/355/277 523/354/276 524/634/449
f 518/627/296 517/633/448 524/634/449 525/635/297
f 519/628/53 518/627/296 525/635/297 526/636/40
f 520/629/218 519/628/53 526/636/40 527/637/219
f 521/630/445 520/629/218 527/637/219 528/638/450
f 522/631/446 521/630/445 528/638/450 529/639/451
f 41/632/447 522/631/446 529/639/451 43/640/452
f 524/634/449 523/354/276 530/641/453 531/642/454
f 525/635/297 524/634/449 531/642/454 532/643/455
f 526/636/40 525/635/297 532/643/455 533/644/456
f 527/637/219 526/636/40 533/644/456 534/645/457
f 528/638/450 527/637/219 534/645/457 535/646/458
f 529/639/451 528/638/450 535/646/458 536/647/459
f 64/648/460 63/649/461 66/650/462
f 66/650/462 63/649/461 68/651/463
f 68/651/463 63/649/461 70/652/464
f 70/652/464 63/649/461 72/653/465
f 72/653/465 63/649/461 73/654/466
f 73/654/466 63/649/461 75/655/467
f 75/655/467 63/649/461 77/656/468
f 77/656/468 63/649/461 78/657/469
f 78/657/469 63/649/461 79/658/470
f 79/658/470 63/649/461 81/659/471
f 81/659/471 63/649/461 83/660/472
f 83/660/472 63/649/461 85/661/473
f 85/661/473 63/649/461 87/662/474
f 87/662/474 63/649/461 89/663/475
f 89/663/475 63/649/461 91/664/476
f 91/664/476 63/649/461 93/665/477
f 93/665/477 63/649/461 95/139/126
f 95/139/126 63/649/461 97/140/127
f 97/140/127 63/649/461 100/235/189
f 100/235/189 63/649/461 103/241/193
f 103/241/193 63/649/461 105/259/203
f 108/1/1 63/649/461 110/13/13
f 110/13/13 63/649/461 112/170/147
f 112/170/147 63/649/461 114/192/164
f 114/192/164 63/649/461 116/216/175
f 116/216/175 63/649/461 118/89/83
f 118/89/83 63/649/461 120/85/79
f 120/85/79 63/649/461 589/666/478 590/667/479 122/90/84
f 109/274/209 107/668/480 175/166/143 205/121/111 196/120/110
f 511/621/295 510/620/441 517/633/448 518/627/296
f 204/15/15 199/669/481 182/149/133 145/148/78 148/16/16
f 551/670/482 554/671/483 328/672/484 332/673/485 553/674/486
f 551/675/482 553/300/230 333/304/234 329/385/297 554/676/487
f 440/280/213 441/535/136 434/523/139 433/283/216
f 420/677/261 735/678/488 426/679/489 427/512/69 421/503/68
f 390/315/244 323/314/243 309/680/249 541/681/490 384/682/491
f 427/512/69 426/679/489 433/283/216 434/523/139
f 538/683/242 537/317/245 397/476/359 391/323/251 323/322/250
f 537/317/245 396/316/245 402/684/492 403/485/366 397/476/359
f 409/328/196 403/485/366 402/684/492 408/325/253
f 414/326/254 420/677/261 421/503/68 415/327/210
f 349/415/317 546/685/493 249/686/494 549/432/329 355/423/323
f 354/222/181 549/221/180 249/687/494 546/688/495 348/689/496
f 343/405/309 254/510/381 259/690/497 546/685/493 349/415/317
f 348/689/496 546/688/495 259/691/497 254/518/386 342/522/389
f 259/422/322 275/692/498 224/295/226 227/296/227
f 332/673/485 336/521/388 264/520/387 270/693/231 553/674/486
f 102/5/5 63/649/461 108/1/1
f 275/692/498 270/694/499 221/294/225 224/295/226
f 385/319/247 379/458/348 548/497/373 279/695/500 541/320/248
f 279/511/382 314/696/501 238/307/237 240/311/240
f 314/696/501 540/697/502 236/306/236 238/307/237
f 540/697/502 543/698/503 234/305/235 236/306/236
f 543/698/503 545/699/504 232/299/229 234/305/235
f 545/699/504 249/421/321 230/297/228 232/299/229
f 105/259/203 63/649/461 102/5/5
f 102/5/5 106/4/4 99/700/32 128/260/33 105/259/203
f 552/701/505 210/702/506 212/285/218 215/286/219
f 551/703/507 552/701/505 215/286/219 218/291/224
f 216/704/508 222/60/55 206/63/58 209/282/215
f 270/694/499 551/703/507 218/291/224 221/294/225
f 216/705/509 210/706/509 207/707/509
f 550/708/510 210/709/511 207/397/304 319/396/303 324/710/512
f 320/379/295 207/390/300 210/711/511 550/712/513 325/382/296
f 554/671/483 552/713/514 550/708/510 324/710/512 328/672/484
f 552/714/514 554/676/487 329/385/297 325/382/296 550/712/513
f 588/715/61 143/716/62 146/115/63 178/119/64 174/190/65
f 569/717/515 568/718/76 571/719/77 145/148/78 142/144/74
f 571/719/77 570/720/206 573/721/207 148/16/16 145/148/78
f 573/721/207 572/722/281 575/723/200 151/17/17 148/16/16
f 151/17/17 575/723/200 574/724/201 577/725/120 154/23/23
f 154/23/23 577/725/120 576/726/121 579/727/122 157/25/25
f 157/25/25 579/727/122 578/728/238 581/729/239 161/28/28
f 161/28/28 581/729/239 580/730/264 582/731/204 164/38/37
f 164/38/37 582/731/204 583/732/198 584/733/205 168/173/150
f 80/183/159 586/734/269 587/735/286 588/715/61 174/190/65
f 168/173/150 584/733/205 585/736/212 586/734/269 80/183/159
f 561/737/8 560/738/54 563/739/47 133/111/49 130/104/9
f 563/739/47 562/740/48 565/741/42 136/123/46 133/111/49
f 565/741/42 564/742/43 566/743/44 139/141/45 136/123/46
f 384/682/491 541/681/490 279/744/500 548/483/364 378/482/363
f 567/745/257 569/717/515 142/144/74 139/141/45 566/743/44
f 64/648/460 589/666/478 63/649/461
f 509/619/440 40/618/439 55/746/372 42/351/273 591/350/272 516/355/277
f 509/619/440 516/355/277 517/633/448 510/620/441
f 557/747/92 556/748/90 559/749/516 64/648/460 66/650/462
f 558/750/98 555/751/97 557/747/92 66/650/462 68/651/463
f 561/752/103 558/750/98 68/651/463 70/652/464 560/753/104
f 562/754/113 563/755/112 560/753/104 70/652/464 72/653/465
f 565/756/129 562/754/113 72/653/465 73/654/466 564/757/128
f 566/758/131 564/757/128 73/654/466 75/655/467 567/759/130
f 568/760/133 569/761/132 567/759/130 75/655/467 77/656/468
f 570/762/15 571/763/481 568/760/133 77/656/468 78/657/469
f 572/764/18 573/765/14 570/762/15 78/657/469 79/658/470
f 574/766/24 575/767/22 572/764/18 79/658/470 81/659/471
f 576/768/26 577/769/27 574/766/24 81/659/471 83/660/472
f 578/770/29 579/771/30 576/768/26 83/660/472 85/661/473
f 580/772/35 581/773/36 578/770/29 85/661/473 87/662/474
f 583/774/148 582/775/149 580/772/35 87/662/474 89/663/475
f 585/776/157 584/777/158 583/774/148 89/663/475 91/664/476
f 587/778/161 586/779/162 585/776/157 91/664/476 93/665/477
f 588/780/166 587/778/161 93/665/477 95/139/126 143/138/125
f 559/781/517 556/782/518 557/783/518 555/784/519 127/97/91 124/94/88
f 558/785/7 561/737/8 130/104/9 127/97/91 555/784/519
f 559/749/516 590/667/479 589/666/478 64/648/460
f 122/90/84 590/667/479 559/781/517 124/94/88
f 302/180/156 301/369/290 305/534/395 225/533/394 228/177/153
f 43/640/452 529/639/451 536/647/459 45/786/520
f 537/787/521 538/788/522 539/789/523
f 323/790/524 309/791/524 538/792/524
f 541/793/525 279/794/525 309/795/525
f 548/796/526 314/797/526 279/798/526
f 542/799/527 540/800/527 314/801/527
f 544/802/528 543/803/528 540/804/528
f 280/805/529 545/806/529 543/807/529
f 549/808/530 249/809/530 545/810/530
f 546/811/531 259/812/531 249/813/531
f 254/814/532 275/815/532 259/816/532
f 264/817/533 270/818/533 275/819/533
f 553/820/534 551/821/534 270/822/534
f 554/823/535 552/824/535 551/825/535
f 550/826/536 210/827/536 552/828/536
f 209/282/215 212/285/218 210/702/506 216/704/508
f 213/829/537 222/830/537 216/831/537
f 219/832/538 547/833/538 222/834/538
f 509/619/440 510/620/441 503/287/220 502/290/223
f 610/835/539 603/836/540 615/837/541
f 626/838/542 601/839/543 602/840/544
f 602/840/544 598/841/545 597/842/546
f 615/843/547 626/844/548 604/845/416 605/846/420
f 596/847/549 645/848/550 613/849/400
f 597/842/546 593/850/551 596/851/552
f 605/846/420 300/368/289 304/371/291 620/852/424
f 604/845/416 296/366/287 300/368/289 605/846/420
f 600/853/412 292/363/284 296/366/287 604/845/416
f 622/854/432 313/375/57 318/378/58 619/855/436
f 619/855/436 318/378/58 322/381/215 624/856/553
f 613/849/400 284/349/271 288/361/282 614/857/404
f 629/858/554 646/859/555 633/860/556
f 614/857/404 288/361/282 292/363/284 600/853/412
f 620/852/424 304/371/291 308/372/292 621/861/428
f 621/861/428 308/372/292 313/375/57 622/854/432
f 624/856/553 322/381/215 327/384/218 627/862/557
f 623/863/558 612/864/559 619/855/436 624/856/553
f 627/862/557 327/384/218 331/387/219 628/865/560
f 628/865/560 331/387/219 335/392/224 630/866/561
f 629/858/554 628/865/560 630/866/561 631/867/562
f 609/868/563 608/869/564 607/870/565
f 630/866/561 335/392/224 339/399/225 340/408/310
f 631/867/562 630/866/561 340/408/310 341/410/312
f 47/871/566 341/410/312 1/412/314
f 539/789/523 618/872/567 641/873/568
f 610/835/539 607/870/565 606/874/569
f 633/875/570 632/876/571 623/877/572
f 609/868/563 612/878/573 616/879/574
f 644/880/575 618/881/576 253/331/256 258/335/258
f 639/882/577 644/880/575 258/335/258 263/339/262
f 599/883/578 617/884/579 274/344/267 269/348/270
f 645/848/550 599/883/578 269/348/270 284/349/271 613/849/400
f 617/884/579 637/885/580 268/342/265 274/344/267
f 639/886/581 637/887/582 642/888/583
f 629/858/554 633/860/556 627/862/557 628/865/560
f 631/867/562 647/889/584 635/890/585 629/858/554
f 627/862/557 633/860/556 623/863/558 624/856/553
f 636/891/586 612/878/573 623/877/572
f 622/854/432 619/855/436 612/864/559 609/892/587
f 622/854/432 609/892/587 607/893/588 621/861/428
f 620/852/424 621/861/428 607/893/588 610/894/589
f 620/852/424 610/894/589 615/843/547 605/846/420
f 611/895/590 626/838/542 615/837/541
f 604/845/416 626/844/548 602/896/591 600/853/412
f 600/853/412 602/896/591 597/897/592 614/857/404
f 614/857/404 597/897/592 596/847/549 613/849/400
f 595/898/593 599/899/594 645/900/595
f 594/901/596 595/898/593 645/900/595 596/851/552
f 625/902/597 617/903/598 599/899/594
f 640/904/599 637/887/582 617/903/598
f 263/339/262 268/342/265 637/885/580 639/882/577
f 638/905/600 644/906/601 639/886/581
f 643/907/602 618/872/567 644/906/601
f 248/324/252 253/331/256 618/881/576 539/358/279
f 635/890/585 646/859/555 629/858/554
f 634/908/603 647/889/584 631/867/562
f 634/908/603 631/867/562 341/410/312 47/871/566
f 44/352/274 46/909/604 530/641/453 523/354/276 592/353/275
f 656/910/605 665/911/605 648/912/605 649/913/605
f 653/914/606 650/915/606 651/916/606
f 676/917/607 678/918/608 677/919/609
f 668/920/610 677/921/610 666/922/610
f 680/923/611 666/922/611 663/924/611
f 687/925/612 663/924/612 667/926/612
f 681/927/613 667/926/613 679/928/613
f 683/929/614 679/928/614 682/930/614
f 664/931/615 682/930/615 684/932/615
f 688/933/616 684/932/616 657/934/616
f 685/935/617 657/934/617 659/936/617
f 658/937/618 659/936/618 662/938/618
f 660/939/619 662/938/619 661/940/619
f 692/941/620 661/940/620 690/942/620
f 693/943/621 690/942/621 691/944/621
f 689/945/622 691/944/622 651/916/622
f 652/946/623 653/914/623 655/947/623
f 654/948/624 655/947/624 686/949/624
f 708/950/625 712/951/626 703/952/627
f 718/953/628 702/954/629 701/955/630
f 702/954/629 698/956/631 699/957/632
f 697/958/633 711/959/633 732/960/633
f 698/956/631 697/961/634 694/962/635
f 707/963/636 705/964/637 706/965/638
f 678/918/608 728/966/639 715/967/640
f 708/950/625 704/968/641 705/964/637
f 720/969/642 716/970/643 719/971/644
f 707/963/636 713/972/645 710/973/646
f 726/974/647 729/975/648 724/976/649
f 723/977/650 716/970/643 710/973/646
f 709/978/651 712/951/626 718/953/628
f 696/979/652 732/980/653 700/981/654
f 695/982/655 697/961/634 732/980/653 696/979/652
f 717/983/656 700/981/654 714/984/657
f 727/985/658 714/984/657 724/976/649
f 725/986/659 726/974/647 731/987/660
f 730/988/661 731/987/660 715/967/640
f 46/909/604 49/989/662 669/990/662 530/641/453
f 530/641/453 669/990/662 670/991/662 531/642/454
f 531/642/454 670/991/662 671/992/662 532/643/455
f 532/643/455 671/992/662 672/993/662 533/644/456
f 533/644/456 672/993/662 673/994/662 534/645/457
f 534/645/457 673/994/662 674/995/662 535/646/458
f 535/646/458 674/995/662 675/996/662 536/647/459
f 536/647/459 675/996/662 48/997/662 45/786/520
f 539/789/523 678/918/608 676/917/607 537/787/521
f 633/875/570 720/969/642 719/971/644 632/876/571
f 610/835/539 708/950/625 703/952/627 603/836/540
f 598/841/545 699/957/632 698/956/631 597/842/546
f 615/837/541 712/951/626 709/978/651 611/895/590
f 609/868/563 707/963/636 706/965/638 608/869/564
f 625/902/597 717/983/656 714/984/657 617/903/598
f 601/839/543 701/955/630 702/954/629 602/840/544
f 594/901/596 695/982/655 696/979/652 595/898/593
f 611/895/590 709/978/651 718/953/628 626/838/542
f 636/891/586 723/977/650 710/973/646 612/878/573
f 602/840/544 702/954/629 699/957/632 598/841/545
f 599/899/594 700/981/654 717/983/656 625/902/597
f 603/836/540 703/952/627 712/951/626 615/837/541
f 626/838/542 718/953/628 701/955/630 601/839/543
f 597/842/546 698/956/631 694/962/635 593/850/551
f 606/874/569 704/968/641 708/950/625 610/835/539
f 607/870/565 705/964/637 704/968/641 606/874/569
f 608/869/564 706/965/638 705/964/637 607/870/565
f 593/850/551 694/962/635 697/961/634 596/851/552
f 612/878/573 710/973/646 713/972/645 616/879/574
f 596/851/552 697/961/634 695/982/655 594/901/596
f 638/905/600 725/986/659 731/987/660 644/906/601
f 639/886/581 726/974/647 725/986/659 638/905/600
f 644/906/601 731/987/660 730/988/661 643/907/602
f 643/907/602 730/988/661 715/967/640 618/872/567
f 618/872/567 715/967/640 728/966/639 641/873/568
f 617/903/598 714/984/657 727/985/658 640/904/599
f 640/904/599 727/985/658 724/976/649 637/887/582
f 637/887/582 724/976/649 729/975/648 642/888/583
f 642/888/583 729/975/648 726/974/647 639/886/581
f 632/876/571 719/971/644 716/970/643 623/877/572
f 595/898/593 696/979/652 700/981/654 599/899/594
f 616/879/574 713/972/645 707/963/636 609/868/563
f 623/877/572 716/970/643 723/977/650 636/891/586
f 47/998/663 50/999/663 721/1000/664 634/1001/665
f 634/1001/665 721/1000/664 734/1002/666 647/1003/667
f 647/1003/667 734/1002/666 722/1004/668 635/1005/669
f 635/1005/669 722/1004/668 733/1006/670 646/1007/671
f 646/1007/671 733/1006/670 720/969/642 633/875/570
f 641/873/568 728/966/639 678/918/608 539/789/523
f 714/1008/672 426/679/489 735/678/488
f 873/1009/673 736/1010/674 737/1011/675 876/1012/676
f 874/1013/677 873/1009/673 876/1012/676 877/1014/678
f 876/1012/676 737/1011/675 738/1015/679 878/1016/680
f 877/1014/678 876/1012/676 878/1016/680 879/1017/681
f 878/1016/680 738/1015/679 739/1018/682 880/1019/683
f 879/1017/681 878/1016/680 880/1019/683 881/1020/684
f 880/1019/683 739/1018/682 740/1021/566 882/1022/685
f 881/1020/684 880/1019/683 882/1022/685 883/1023/686
f 882/1022/685 740/1021/566 741/1024/687 884/1025/688
f 883/1023/686 882/1022/685 884/1025/688 885/1026/689
f 884/1025/688 741/1024/687 742/1027/393 886/1028/214
f 885/1026/689 884/1025/688 886/1028/214 887/1029/690
f 886/1028/214 742/1027/393 743/1030/399 888/1031/73
f 887/1029/690 886/1028/214 888/1031/73 889/1032/691
f 888/1031/73 743/1030/399 744/1033/403 890/1034/70
f 889/1032/691 888/1031/73 890/1034/70 891/1035/692
f 890/1034/70 744/1033/403 745/1036/407 892/1037/408
f 891/1035/692 890/1034/70 892/1037/408 893/1038/693
f 892/1037/408 745/1036/407 746/1039/415 894/1040/411
f 893/1038/693 892/1037/408 894/1040/411 895/1041/694
f 894/1040/411 746/1039/415 747/1042/419 896/1043/95
f 895/1041/694 894/1040/411 896/1043/95 897/1044/695
f 896/1043/95 747/1042/419 748/1045/423 898/1046/96
f 897/1044/695 896/1043/95 898/1046/96 899/1047/696
f 898/1046/96 748/1045/423 749/1048/427 900/1049/134
f 899/1047/696 898/1046/96 900/1049/134 901/1050/697
f 900/1049/134 749/1048/427 750/1051/431 902/1052/222
f 901/1050/697 900/1049/134 902/1052/222 903/1053/698
f 902/1052/222 750/1051/431 751/1054/435 904/1055/223
f 903/1053/698 902/1052/222 904/1055/223 905/1056/699
f 904/1055/223 751/1054/435 752/1057/439 906/1058/440
f 905/1056/699 904/1055/223 906/1058/440 907/1059/700
f 906/1058/440 752/1057/439 753/1060/273 908/1061/277
f 907/1059/700 906/1058/440 908/1061/277 909/1062/701
f 908/1061/277 753/1060/273 754/1063/274 910/1064/276
f 909/1062/701 908/1061/277 910/1064/276 911/1065/702
f 910/1064/276 754/1063/274 755/1066/703 912/1067/704
f 911/1065/702 910/1064/276 912/1067/704 913/1068/705
f 912/1067/704 755/1066/703 756/1069/706 914/1070/707
f 913/1068/705 912/1067/704 914/1070/707 915/1071/708
f 914/1070/707 756/1069/706 757/1072/709 916/1073/710
f 915/1071/708 914/1070/707 916/1073/710 917/1074/711
f 916/1073/710 757/1072/709 758/1075/712 918/1076/713
f 917/1074/711 916/1073/710 918/1076/713 919/1077/714
f 918/1076/713 758/1075/712 759/1078/715 920/1079/716
f 919/1077/714 918/1076/713 920/1079/716 921/1080/717
f 920/1079/716 759/1078/715 760/1081/718 922/1082/719
f 921/1080/717 920/1079/716 922/1082/719 923/1083/720
f 922/1082/719 760/1081/718 761/1084/721 924/1085/722
f 923/1083/720 922/1082/719 924/1085/722 925/1086/723
f 924/1085/722 761/1084/721 762/1087/724 926/1088/725
f 925/1086/723 924/1085/722 926/1088/725 927/1089/726
f 926/1088/725 762/1087/724 763/1090/727 928/1091/728
f 927/1089/726 926/1088/725 928/1091/728 929/1092/729
f 928/1091/728 763/1090/727 764/1093/730 930/1094/731
f 929/1092/729 928/1091/728 930/1094/731 931/1095/732
f 930/1094/731 764/1093/730 765/1096/733 932/1097/734
f 931/1095/732 930/1094/731 932/1097/734 933/1098/735
f 932/1097/734 765/1096/733 766/1099/736 934/1100/737
f 933/1098/735 932/1097/734 934/1100/737 935/1101/738
f 934/1100/737 766/1099/736 767/1102/739 936/1103/740
f 935/1101/738 934/1100/737 936/1103/740 937/1104/741
f 936/1103/740 767/1102/739 768/1105/675 938/1106/676
f 937/1104/741 936/1103/740 938/1106/676 939/1107/678
f 938/1106/676 768/1105/675 769/1108/679 940/1109/680
f 939/1107/678 938/1106/676 940/1109/680 941/1110/681
f 940/1109/680 769/1108/679 770/1111/742 942/1112/743
f 941/1110/681 940/1109/680 942/1112/743 943/1113/684
f 943/1113/684 942/1112/743 1559/1114/744
f 989/1115/745 983/1116/746 987/1117/747 985/1118/748 1084/1119/749
f 1034/1120/750 1098/1121/751 1101/1122/752 1028/1123/753 1030/1124/754
f 1004/1125/755 991/1126/756 989/1115/745 1084/1119/749 1007/1127/757
f 1041/1128/758 1072/1129/759 1032/1130/760 1029/1131/761 1085/1132/762
f 1106/1133/763 1109/1134/764 1201/1135/765
f 1048/1136/766 1070/1137/767 1035/1138/768 1032/1130/760 1072/1129/759
f 1070/1137/767 952/1139/769 1067/1140/770 1038/1141/771 1035/1138/768
f 1038/1141/771 1067/1140/770 946/1142/772 1073/1143/773 1042/1144/774
f 1060/1145/775 1053/1146/776 1071/1147/777 982/1148/778 979/1149/779
f 1079/1150/780 1045/1151/781 1042/1144/774 1073/1143/773 1083/1152/782
f 1036/1153/783 1095/1154/784 1098/1121/751 1034/1120/750 1033/1155/785
f 1076/1156/786 1060/1145/775 979/1149/779 977/1157/787 975/1158/788
f 1016/1159/789 1107/1160/790 1110/1161/791 1010/1162/792 1019/1163/793
f 1022/1164/794 1104/1165/795 1107/1160/790 1016/1159/789 1025/1166/796
f 1076/1156/786 975/1158/788 971/1167/797 973/1168/798 1078/1169/799
f 1039/1170/800 1092/1171/801 1095/1154/784 1036/1153/783 1037/1172/802
f 1028/1123/753 1101/1122/752 1104/1165/795 1022/1164/794 1031/1173/803
f 1103/1174/804 1087/1175/805 1081/1176/806 1464/1177/807
f 1464/1177/807 1081/1176/806 1109/1178/808 1106/1179/809
f 1061/1180/810 1147/1181/811 1153/1182/812 1051/1183/813 1058/1184/814
f 1051/1185/815 1152/1186/816 1146/1187/817 1061/1188/818 1058/1189/819
f 1370/1190/820 1363/1191/821 1364/1192/822 1371/1193/823
f 1112/1194/824 1114/1195/825 1080/1196/826 1063/1197/827 1044/1198/828
f 1001/1199/829 999/1200/830 988/1201/831 1056/1202/832 1052/1203/833
f 1003/1204/834 1001/1199/829 1052/1203/833 1046/1205/835 1043/1206/836
f 1039/1207/837 1037/1208/838 1005/1209/839 1003/1204/834 1043/1206/836
f 1036/1210/840 1033/1211/841 1008/1212/842 1005/1209/839 1037/1208/838
f 1399/1213/843 1398/1214/844 1391/1215/845 1392/1216/846
f 1034/1217/847 1030/1218/848 1011/1219/849 1008/1212/842 1033/1211/841
f 1078/1169/799 1082/1220/850 998/1221/851 1000/1222/852 1002/1223/853
f 1028/1224/854 1031/1225/855 1014/1226/856 1011/1219/849 1030/1218/848
f 1007/1227/857 1076/1156/786 1078/1169/799 1002/1223/853 1004/1228/858
f 1027/1229/859 1059/1230/860 948/1231/861 1018/1232/862 1069/1233/863
f 1081/1234/806 1087/1235/805 1086/1236/864 1077/1237/865
f 1022/1238/866 1025/1239/867 1017/1240/868 1014/1226/856 1031/1225/855
f 1018/1232/862 948/1231/861 955/1241/869 1012/1242/870 1021/1243/871
f 1012/1242/870 955/1241/869 1040/1244/872 1006/1245/873 1015/1246/874
f 1120/1247/875 1122/1248/876 946/1249/877 1067/1250/878 952/1251/879
f 1069/1252/880 978/1253/881 976/1254/882 1024/1255/883 1027/1256/884
f 1020/1257/885 1017/1240/868 1025/1239/867 1016/1258/886 1019/1259/887
f 1023/1260/888 1020/1257/885 1019/1259/887 1010/1261/889 1013/1262/890
f 1044/1263/891 1063/1264/892 1026/1265/893 1023/1260/888 1013/1262/890
f 1051/1183/813 1153/1182/812 1160/1266/894 950/1267/895 1054/1268/896
f 1405/1269/897 1398/1214/844 1399/1213/843 1406/1270/898
f 1165/1271/899 1159/1272/900 950/1273/901 1050/1274/902 957/1275/903
f 1046/1276/904 1089/1277/905 1092/1171/801 1039/1170/800 1043/1278/906
f 1160/1266/894 1166/1279/907 957/1280/908 1050/1281/909 950/1267/895
f 1056/1282/910 1086/1236/864 1089/1277/905 1046/1276/904 1052/1283/911
f 1000/1284/912 993/1285/913 991/1126/756 1004/1125/755 1002/1286/914
f 1064/1287/915 1049/1288/916 1045/1151/781 1079/1150/780 1074/1289/917
f 1171/1290/918 1165/1271/899 957/1275/903 1047/1291/919 1057/1292/920
f 1062/1293/921 961/1294/922 1049/1288/916 1064/1287/915 1068/1295/923
f 963/1296/924 1197/1297/925 1202/1298/926 1201/1135/765 1109/1134/764 965/1299/927
f 1065/1300/928 1055/1301/929 961/1294/922 1062/1293/921 1066/1302/930
f 998/1303/931 996/1304/932 995/1305/933 993/1285/913 1000/1284/912
f 967/1306/934 1192/1307/935 1197/1297/925 963/1296/924 969/1308/936
f 1061/1309/937 1058/1310/938 1059/1230/860 1055/1301/929 1065/1300/928
f 963/1311/939 1196/1312/940 1191/1313/941 967/1314/942 969/1315/939
f 1051/1316/943 1054/1317/944 948/1231/861 1059/1230/860 1058/1310/938
f 971/1318/945 1187/1319/946 1192/1307/935 967/1306/934 973/1320/947
f 967/1314/942 1191/1313/941 1186/1321/948 971/1322/949 973/1323/950
f 977/1324/951 1182/1325/952 1187/1319/946 971/1318/945 975/1326/953
f 971/1322/949 1186/1321/948 1181/1327/954 977/1328/955 975/1329/956
f 997/1330/957 995/1305/933 996/1304/932 994/1331/958 992/1332/959
f 999/1200/830 997/1330/957 992/1332/959 990/1333/960 988/1201/831
f 1462/1334/961 1168/1335/962 1266/1336/963 1259/1337/964 1466/1338/965
f 982/1339/966 1177/1340/967 1182/1325/952 977/1324/951 979/1341/968
f 977/1328/955 1181/1327/954 1176/1342/969 982/1343/970 979/1344/971
f 1166/1279/907 1172/1345/972 1057/1346/973 1047/1347/974 957/1280/908
f 1018/1348/975 1021/1349/976 981/1350/977 978/1253/881 1069/1252/880
f 1176/1342/969 1171/1290/918 1057/1292/920 1071/1351/978 982/1343/970
f 1152/1186/816 1051/1185/815 1054/1352/979 950/1273/901 1159/1272/900
f 1172/1345/972 1177/1340/967 982/1339/966 1071/1353/980 1057/1346/973
f 1012/1354/981 1015/1355/982 984/1356/983 981/1350/977 1021/1349/976
f 1078/1169/799 973/1168/798 967/1357/984 969/1358/985 1082/1220/850
f 1128/1359/986 1074/1360/987 1064/1361/988 1068/1362/989 1134/1363/990
f 1071/1147/777 1053/1146/776 1040/1244/872 1047/1364/991 1057/1365/992
f 1118/1366/993 1120/1247/875 952/1251/879 1070/1367/994 1048/1368/995
f 998/1221/851 1082/1220/850 1075/1369/996 994/1370/997 996/1371/998
f 1006/1372/999 1009/1373/1000 986/1374/1001 984/1356/983 1015/1355/982
f 1135/1375/1002 1068/1376/1003 1064/1377/1004 1074/1378/1005 1129/1379/1006
f 969/1358/985 963/1380/1007 965/1381/1008 1075/1369/996 1082/1220/850
f 1116/1382/1009 1041/1383/1010 1085/1384/1011 1080/1196/826 1114/1195/825
f 1047/1364/991 1040/1244/872 955/1241/869 1050/1385/1012 957/1386/1013
f 994/1370/997 1075/1369/996 1077/1237/865 990/1387/1014 992/1388/1015
f 1134/1363/990 1068/1362/989 1062/1389/1016 1066/1390/1017 1140/1391/1018
f 1075/1369/996 965/1381/1008 1109/1392/808 1081/1234/806 1077/1237/865
f 1084/1393/1019 985/1394/1020 1060/1145/775 1076/1156/786 1007/1227/857
f 1364/1192/822 1363/1191/821 1356/1395/1021 1357/1396/1022
f 1087/1235/805 1090/1397/1023 1089/1277/905 1086/1236/864
f 1350/1398/1024 1357/1396/1022 1356/1395/1021 1349/1399/1025
f 1090/1397/1023 1093/1400/1026 1092/1171/801 1089/1277/905
f 1093/1400/1026 1096/1401/1027 1095/1154/784 1092/1171/801
f 1420/1402/1028 1419/1403/1029 1412/1404/1030 1413/1405/1031
f 1096/1401/1027 1099/1406/1032 1098/1121/751 1095/1154/784
f 1053/1146/776 1060/1145/775 985/1394/1020 987/1407/1033 980/1408/1034
f 1099/1406/1032 1102/1409/1035 1101/1122/752 1098/1121/751
f 1102/1409/1035 1105/1410/1036 1104/1165/795 1101/1122/752
f 1105/1410/1036 1108/1411/1037 1107/1160/790 1104/1165/795
f 1108/1411/1037 1111/1412/1038 1110/1161/791 1107/1160/790
f 1040/1244/872 1053/1146/776 980/1408/1034 1009/1413/1039 1006/1245/873
f 1111/1412/1038 1113/1414/1040 1112/1194/824 1110/1161/791
f 1470/1415/1041 1234/1416/1042 1239/1417/1043 1149/1418/1044 1156/1419/1045
f 1113/1414/1040 1115/1420/1046 1114/1195/825 1112/1194/824
f 1115/1420/1046 1117/1421/1047 1116/1382/1009 1114/1195/825
f 1117/1421/1047 1119/1422/1048 1118/1366/993 1116/1382/1009
f 1124/1423/1049 1083/1424/1050 1073/1425/1051 946/1249/877 1122/1248/876
f 1119/1422/1048 1121/1426/1052 1120/1247/875 1118/1366/993
f 1121/1426/1052 1123/1427/1053 1122/1248/876 1120/1247/875
f 1455/1428/1054 1454/1429/1055 1308/1430/1056 1301/1431/1057 1221/1432/1058
f 1123/1427/1053 1125/1433/1059 1124/1423/1049 1122/1248/876
f 1295/1434/1060 1302/1435/1061 1221/1432/1058 1204/1436/1062 1458/1437/1063
f 1125/1433/1059 1130/1438/1064 1129/1379/1006 1124/1423/1049
f 1322/1439/1065 1323/1440/1066 1330/1441/1067 1329/1442/1068
f 1126/1443/1069 1132/1444/1070 772/1445/1071 771/1446/1072
f 1127/1447/1073 1133/1448/1074 1132/1444/1070 1126/1443/1069
f 1128/1359/986 1134/1363/990 1133/1448/1074 1127/1447/1073
f 1130/1438/1064 1136/1449/1075 1135/1375/1002 1129/1379/1006
f 1132/1444/1070 1138/1450/1076 773/1451/376 772/1445/1071
f 1133/1448/1074 1139/1452/1068 1138/1450/1076 1132/1444/1070
f 1134/1363/990 1140/1391/1018 1139/1452/1068 1133/1448/1074
f 1110/1161/791 1112/1194/824 1044/1198/828 1013/1453/1077 1010/1162/792
f 1136/1449/1075 1142/1454/1078 1141/1455/1079 1135/1375/1002
f 1455/1456/1080 1125/1457/1059 1123/1458/1053 1204/1459/1081
f 1138/1450/1076 1144/1460/1082 774/1461/379 773/1451/376
f 1139/1452/1068 1145/1462/1083 1144/1460/1082 1138/1450/1076
f 1140/1391/1018 1146/1187/817 1145/1462/1083 1139/1452/1068
f 1142/1454/1078 1148/1463/1084 1147/1181/811 1141/1455/1079
f 1144/1460/1082 1150/1464/1085 775/1465/385 774/1461/379
f 1145/1462/1083 1151/1466/1086 1150/1464/1085 1144/1460/1082
f 1146/1187/817 1152/1186/816 1151/1466/1086 1145/1462/1083
f 1129/1379/1006 1074/1378/1005 1079/1467/1087 1083/1424/1050 1124/1423/1049
f 1148/1463/1084 1154/1468/1088 1153/1182/812 1147/1181/811
f 1150/1464/1085 1157/1469/1025 776/1470/392 775/1465/385
f 1151/1466/1086 1158/1471/1024 1157/1469/1025 1150/1464/1085
f 1152/1186/816 1159/1272/900 1158/1471/1024 1151/1466/1086
f 1154/1468/1088 1161/1472/1089 1160/1266/894 1153/1182/812
f 1157/1469/1025 1163/1473/1021 777/1474/398 776/1470/392
f 1158/1471/1024 1164/1475/1022 1163/1473/1021 1157/1469/1025
f 1159/1272/900 1165/1271/899 1164/1475/1022 1158/1471/1024
f 1141/1455/1079 1066/1476/1090 1062/1477/1091 1068/1376/1003 1135/1375/1002
f 1155/1478/1092 1173/1479/1093 1172/1345/972 1166/1279/907
f 1508/1480/1094 1433/1481/1095 1440/1482/1096 1509/1483/1097 850/1484/1098 848/1485/1099
f 1050/1385/1012 955/1241/869 948/1231/861 1054/1317/944 950/1486/1100
f 1163/1473/1021 1169/1487/821 778/1488/402 777/1474/398
f 1164/1475/1022 1170/1489/822 1169/1487/821 1163/1473/1021
f 1165/1271/899 1171/1290/918 1170/1489/822 1164/1475/1022
f 1456/1490/1101 1130/1491/1064 1125/1457/1059 1455/1456/1080
f 1161/1472/1089 1155/1478/1092 1166/1279/907 1160/1266/894
f 1169/1487/821 1174/1492/820 779/1493/406 778/1488/402
f 1170/1489/822 1175/1494/823 1174/1492/820 1169/1487/821
f 1171/1290/918 1176/1342/969 1175/1494/823 1170/1489/822
f 1116/1382/1009 1118/1366/993 1048/1368/995 1072/1495/1102 1041/1383/1010
f 1173/1479/1093 1178/1496/1103 1177/1340/967 1172/1345/972
f 1174/1492/820 1179/1497/1104 780/1498/414 779/1493/406
f 1175/1494/823 1180/1499/1105 1179/1497/1104 1174/1492/820
f 1176/1342/969 1181/1327/954 1180/1499/1105 1175/1494/823
f 1178/1496/1103 1183/1500/1106 1182/1325/952 1177/1340/967
f 1179/1497/1104 1184/1501/1107 781/1502/418 780/1498/414
f 1180/1499/1105 1185/1503/1108 1184/1501/1107 1179/1497/1104
f 1181/1327/954 1186/1321/948 1185/1503/1108 1180/1499/1105
f 1146/1187/817 1140/1391/1018 1066/1390/1017 1065/1504/1109 1061/1188/818
f 1183/1500/1106 1188/1505/1110 1187/1319/946 1182/1325/952
f 1184/1501/1107 1189/1506/845 782/1507/422 781/1502/418
f 1185/1503/1108 1190/1508/846 1189/1506/845 1184/1501/1107
f 1186/1321/948 1191/1313/941 1190/1508/846 1185/1503/1108
f 1188/1505/1110 1193/1509/1111 1192/1307/935 1187/1319/946
f 1189/1506/845 1194/1510/844 783/1511/426 782/1507/422
f 1190/1508/846 1195/1512/1112 1194/1510/844 1189/1506/845
f 1191/1313/941 1196/1312/940 1195/1512/1112 1190/1508/846
f 1141/1455/1079 1147/1181/811 1061/1180/810 1065/1513/1113 1066/1476/1090
f 1193/1509/1111 1198/1514/1114 1197/1297/925 1192/1307/935
f 1194/1510/844 1199/1515/897 784/1516/430 783/1511/426
f 1195/1512/1112 1200/1517/1115 1199/1515/897 1194/1510/844
f 1198/1514/1114 1203/1518/1116 1202/1298/926 1197/1297/925
f 1199/1515/897 1205/1519/1030 785/1520/434 784/1516/430
f 1200/1517/1115 1206/1521/1117 1205/1519/1030 1199/1515/897
f 1202/1298/926 1208/1522/1118 1207/1523/1119 1201/1135/765
f 1203/1518/1116 1209/1524/1120 1208/1522/1118 1202/1298/926
f 1205/1519/1030 1211/1525/1029 786/1526/438 785/1520/434
f 1206/1521/1117 1212/1527/1121 1211/1525/1029 1205/1519/1030
f 1208/1522/1118 1214/1528/1122 1213/1529/1123 1207/1523/1119
f 1209/1524/1120 1215/1530/1124 1214/1528/1122 1208/1522/1118
f 1211/1525/1029 1216/1531/1125 787/1532/444 786/1526/438
f 1212/1527/1121 1217/1533/1126 1216/1531/1125 1211/1525/1029
f 1214/1528/1122 1219/1534/1127 1218/1535/1128 1213/1529/1123
f 1215/1530/1124 1220/1536/1129 1219/1534/1127 1214/1528/1122
f 1216/1531/1125 1222/1537/1130 788/1538/447 787/1532/444
f 1217/1533/1126 1223/1539/1131 1222/1537/1130 1216/1531/1125
f 1219/1534/1127 1225/1540/801 1224/1541/1132 1218/1535/1128
f 1220/1536/1129 1226/1542/1133 1225/1540/801 1219/1534/1127
f 1222/1537/1130 1227/1543/1096 789/1544/452 788/1538/447
f 1223/1539/1131 1228/1545/1134 1227/1543/1096 1222/1537/1130
f 1225/1540/801 1230/1546/1135 1229/1547/1136 1224/1541/1132
f 1226/1542/1133 1231/1548/1137 1230/1546/1135 1225/1540/801
f 1094/1549/1138 1213/1529/1123 1218/1535/1128 1088/1550/1139 1097/1551/1140
f 1227/1543/1096 1232/1552/1141 790/1553/1142 789/1544/452
f 1228/1545/1134 1233/1554/1143 1232/1552/1141 1227/1543/1096
f 1230/1546/1135 1235/1555/751 1234/1416/1042 1229/1547/1136
f 1231/1548/1137 1236/1556/1144 1235/1555/751 1230/1546/1135
f 1097/1551/1140 1088/1550/1139 1217/1533/1126 1212/1527/1121 1094/1549/1138
f 1232/1552/1141 1237/1557/1145 792/1558/314 790/1553/1142
f 1233/1554/1143 1238/1559/1146 1237/1557/1145 1232/1552/1141
f 1235/1555/751 1240/1560/1147 1239/1417/1043 1234/1416/1042
f 1236/1556/1144 1241/1561/1148 1240/1560/1147 1235/1555/751
f 1100/1562/1149 1207/1523/1119 1213/1529/1123 1094/1549/1138 1103/1563/1150
f 1237/1557/1145 1244/1564/1151 794/1565/315 792/1558/314
f 1238/1559/1146 1245/1566/1152 1244/1564/1151 1237/1557/1145
f 1103/1563/1150 1094/1549/1138 1212/1527/1121 1206/1521/1117 1100/1562/1149
f 1240/1560/1147 1247/1567/1153 1246/1568/1154 1239/1417/1043
f 1241/1561/1148 1248/1569/1155 1247/1567/1153 1240/1560/1147
f 1242/1570/1156 1249/1571/1157 1248/1572/1155 1241/1573/1148
f 1243/1574/1158 1250/1575/1159 1249/1571/1157 1242/1570/1156
f 791/1576/1160 793/1577/709 1250/1575/1159 1243/1574/1158
f 1106/1133/763 1201/1135/765 1207/1523/1119 1100/1562/1149 1464/1578/1161
f 1244/1564/1151 1251/1579/1162 796/1580/320 794/1565/315
f 1245/1566/1152 1252/1581/1163 1251/1579/1162 1244/1564/1151
f 1247/1567/1153 1254/1582/790 1253/1583/1164 1246/1568/1154
f 1248/1569/1155 1255/1584/1165 1254/1582/790 1247/1567/1153
f 1249/1571/1157 1256/1585/1166 1255/1586/1165 1248/1572/1155
f 1250/1575/1159 1257/1587/1167 1256/1585/1166 1249/1571/1157
f 793/1577/709 795/1588/712 1257/1587/1167 1250/1575/1159
f 1251/1579/1162 1258/1589/1168 798/1590/326 796/1580/320
f 1252/1581/1163 1259/1337/964 1258/1589/1168 1251/1579/1162
f 1131/1591/1169 1111/1592/1038 1108/1593/1037 1143/1594/1170
f 1254/1582/790 1261/1595/1171 1260/1596/1172 1253/1583/1164
f 1255/1584/1165 1262/1597/1173 1261/1595/1171 1254/1582/790
f 1256/1585/1166 1263/1598/1174 1262/1599/1173 1255/1586/1165
f 1257/1587/1167 1264/1600/1175 1263/1598/1174 1256/1585/1166
f 795/1588/712 797/1601/715 1264/1600/1175 1257/1587/1167
f 1258/1589/1168 1265/1602/1176 800/1603/332 798/1590/326
f 1259/1337/964 1266/1336/963 1265/1602/1176 1258/1589/1168
f 1462/1334/961 1466/1338/965 1260/1596/1172 1267/1604/1177 1168/1335/962
f 1261/1595/1171 1268/1605/824 1267/1604/1177 1260/1596/1172
f 1262/1597/1173 1269/1606/1178 1268/1605/824 1261/1595/1171
f 1263/1598/1174 1270/1607/1179 1269/1608/1178 1262/1599/1173
f 1264/1600/1175 1271/1609/1180 1270/1607/1179 1263/1598/1174
f 797/1601/715 799/1610/718 1271/1609/1180 1264/1600/1175
f 1265/1602/1176 1272/1611/1181 802/1612/339 800/1603/332
f 1266/1336/963 1273/1613/1182 1272/1611/1181 1265/1602/1176
f 1460/1614/1183 1461/1615/1184 1273/1613/1182 1266/1336/963 1168/1335/962
f 1268/1605/824 1275/1616/825 1274/1617/1185 1267/1604/1177
f 1269/1606/1178 1276/1618/1186 1275/1616/825 1268/1605/824
f 1270/1607/1179 1277/1619/1187 1276/1620/1186 1269/1608/1178
f 1271/1609/1180 1278/1621/1188 1277/1619/1187 1270/1607/1179
f 799/1610/718 801/1622/721 1278/1621/1188 1271/1609/1180
f 1272/1611/1181 1279/1623/1189 804/1624/344 802/1612/339
f 1273/1613/1182 1280/1625/1190 1279/1623/1189 1272/1611/1181
f 1460/1614/1183 1168/1335/962 1267/1604/1177 1274/1617/1185 1461/1615/1184
f 1275/1616/825 1282/1626/1009 1281/1627/1191 1274/1617/1185
f 1276/1618/1186 1283/1628/1192 1282/1626/1009 1275/1616/825
f 1277/1619/1187 1284/1629/1193 1283/1630/1192 1276/1620/1186
f 1278/1621/1188 1285/1631/1194 1284/1629/1193 1277/1619/1187
f 801/1622/721 803/1632/724 1285/1631/1194 1278/1621/1188
f 1279/1623/1189 1286/1633/1195 806/1634/351 804/1624/344
f 1280/1625/1190 1287/1635/1196 1286/1633/1195 1279/1623/1189
f 1457/1636/1197 1459/1637/1198 1280/1625/1190 1273/1613/1182 1461/1615/1184
f 1282/1626/1009 1289/1638/993 1288/1639/1199 1281/1627/1191
f 1283/1628/1192 1290/1640/1200 1289/1638/993 1282/1626/1009
f 1284/1629/1193 1291/1641/1201 1290/1642/1200 1283/1630/1192
f 1285/1631/1194 1292/1643/1202 1291/1641/1201 1284/1629/1193
f 803/1632/724 805/1644/727 1292/1643/1202 1285/1631/1194
f 1286/1633/1195 1293/1645/1203 808/1646/354 806/1634/351
f 1287/1635/1196 1294/1647/1204 1293/1645/1203 1286/1633/1195
f 1289/1638/993 1296/1648/875 1295/1434/1060 1288/1639/1199
f 1290/1640/1200 1297/1649/1205 1296/1648/875 1289/1638/993
f 1291/1641/1201 1298/1650/1206 1297/1651/1205 1290/1642/1200
f 1292/1643/1202 1299/1652/1207 1298/1650/1206 1291/1641/1201
f 805/1644/727 807/1653/730 1299/1652/1207 1292/1643/1202
f 1293/1645/1203 1300/1654/1208 810/1655/357 808/1646/354
f 1294/1647/1204 1301/1431/1057 1300/1654/1208 1293/1645/1203
f 1296/1648/875 1303/1656/876 1302/1435/1061 1295/1434/1060
f 1297/1649/1205 1304/1657/1209 1303/1656/876 1296/1648/875
f 1298/1650/1206 1305/1658/1210 1304/1659/1209 1297/1651/1205
f 1299/1652/1207 1306/1660/1211 1305/1658/1210 1298/1650/1206
f 807/1653/730 809/1661/733 1306/1660/1211 1299/1652/1207
f 1300/1654/1208 1307/1662/1212 812/1663/362 810/1655/357
f 1301/1431/1057 1308/1430/1056 1307/1662/1212 1300/1654/1208
f 1457/1636/1197 1461/1615/1184 1274/1617/1185 1281/1627/1191 1459/1637/1198
f 1303/1656/876 1310/1664/1213 1309/1665/1214 1302/1435/1061
f 1304/1657/1209 1311/1666/1215 1310/1664/1213 1303/1656/876
f 1305/1658/1210 1312/1667/1216 1311/1668/1215 1304/1659/1209
f 1306/1660/1211 1313/1669/1217 1312/1667/1216 1305/1658/1210
f 809/1661/733 811/1670/736 1313/1669/1217 1306/1660/1211
f 1307/1662/1212 1314/1671/1218 814/1672/369 812/1663/362
f 1308/1430/1056 1315/1673/1219 1314/1671/1218 1307/1662/1212
f 1287/1635/1196 1280/1625/1190 1459/1637/1198 1210/1674/1220 1465/1675/1221
f 1310/1664/1213 1317/1676/1222 1316/1677/1223 1309/1665/1214
f 1311/1666/1215 1318/1678/1224 1317/1676/1222 1310/1664/1213
f 1312/1667/1216 1319/1679/1225 1318/1680/1224 1311/1668/1215
f 1313/1669/1217 1320/1681/1226 1319/1679/1225 1312/1667/1216
f 811/1670/736 813/1682/739 1320/1681/1226 1313/1669/1217
f 1314/1671/1218 1321/1683/1227 816/1684/372 814/1672/369
f 1315/1673/1219 1322/1439/1065 1321/1683/1227 1314/1671/1218
f 1317/1676/1222 1324/1685/1228 1323/1440/1066 1316/1677/1223
f 1318/1678/1224 1325/1686/1229 1324/1685/1228 1317/1676/1222
f 1319/1679/1225 1326/1687/1230 1325/1688/1229 1318/1680/1224
f 1320/1681/1226 1327/1689/1231 1326/1687/1230 1319/1679/1225
f 813/1682/739 815/1690/675 1327/1689/1231 1320/1681/1226
f 1321/1683/1227 1328/1691/1076 818/1692/376 816/1684/372
f 1322/1439/1065 1329/1442/1068 1328/1691/1076 1321/1683/1227
f 1281/1627/1191 1288/1639/1199 1465/1675/1221 1210/1674/1220 1459/1637/1198
f 1324/1685/1228 1331/1693/1232 1330/1441/1067 1323/1440/1066
f 1325/1686/1229 1332/1694/1233 1331/1693/1232 1324/1685/1228
f 1326/1687/1230 1333/1695/1234 1332/1696/1233 1325/1688/1229
f 1327/1689/1231 1334/1697/1235 1333/1695/1234 1326/1687/1230
f 815/1690/675 817/1698/679 1334/1697/1235 1327/1689/1231
f 1328/1691/1076 1335/1699/1082 820/1700/379 818/1692/376
f 1329/1442/1068 1336/1701/1083 1335/1699/1082 1328/1691/1076
f 1331/1693/1232 1338/1702/1236 1337/1703/1237 1330/1441/1067
f 1332/1694/1233 1339/1704/1238 1338/1702/1236 1331/1693/1232
f 1333/1695/1234 1340/1705/1239 1339/1706/1238 1332/1696/1233
f 1334/1697/1235 1341/1707/1240 1340/1705/1239 1333/1695/1234
f 817/1698/679 819/1708/682 1341/1707/1240 1334/1697/1235
f 1149/1418/1044 1239/1417/1043 1246/1568/1154 1137/1709/1241 1162/1710/1242
f 1335/1699/1082 1342/1711/1085 822/1712/385 820/1700/379
f 1336/1701/1083 1343/1713/1086 1342/1711/1085 1335/1699/1082
f 1204/1459/1081 1123/1458/1053 1121/1714/1052 1167/1715/1243
f 1338/1702/1236 1345/1716/1244 1344/1717/1245 1337/1703/1237
f 1339/1704/1238 1346/1718/1246 1345/1716/1244 1338/1702/1236
f 1340/1705/1239 1347/1719/1247 1346/1720/1246 1339/1706/1238
f 1341/1707/1240 1348/1721/1248 1347/1719/1247 1340/1705/1239
f 819/1708/682 821/1722/566 1348/1721/1248 1341/1707/1240
f 1137/1709/1241 1245/1566/1152 1238/1559/1146 1149/1418/1044 1162/1710/1242
f 1342/1711/1085 1349/1399/1025 824/1723/392 822/1712/385
f 1343/1713/1086 1350/1398/1024 1349/1399/1025 1342/1711/1085
f 1345/1716/1244 1352/1724/1249 1351/1725/1250 1344/1717/1245
f 1346/1718/1246 1353/1726/1251 1352/1724/1249 1345/1716/1244
f 1347/1719/1247 1354/1727/1252 1353/1728/1251 1346/1720/1246
f 1348/1721/1248 1355/1729/1253 1354/1727/1252 1347/1719/1247
f 821/1722/566 823/1730/687 1355/1729/1253 1348/1721/1248
f 1349/1399/1025 1356/1395/1021 826/1731/398 824/1723/392
f 1464/1578/1161 1100/1562/1149 1206/1521/1117 1200/1517/1115 1106/1732/1254
f 1352/1724/1249 1359/1733/1255 1358/1734/1256 1351/1725/1250
f 1353/1726/1251 1360/1735/1257 1359/1733/1255 1352/1724/1249
f 1354/1727/1252 1361/1736/1258 1360/1737/1257 1353/1728/1251
f 1355/1729/1253 1362/1738/1259 1361/1736/1258 1354/1727/1252
f 823/1730/687 825/1739/393 1362/1738/1259 1355/1729/1253
f 1356/1395/1021 1363/1191/821 828/1740/402 826/1731/398
f 1358/1734/1256 1365/1741/1260 1364/1192/822 1357/1396/1022
f 1359/1733/1255 1366/1742/1261 1365/1741/1260 1358/1734/1256
f 1360/1735/1257 1367/1743/1262 1366/1742/1261 1359/1733/1255
f 1361/1736/1258 1368/1744/1263 1367/1745/1262 1360/1737/1257
f 1362/1738/1259 1369/1746/1264 1368/1744/1263 1361/1736/1258
f 825/1739/393 827/1747/399 1369/1746/1264 1362/1738/1259
f 1363/1191/821 1370/1190/820 830/1748/406 828/1740/402
f 1365/1741/1260 1372/1749/1265 1371/1193/823 1364/1192/822
f 1366/1742/1261 1373/1750/1266 1372/1749/1265 1365/1741/1260
f 1367/1743/1262 1374/1751/1103 1373/1750/1266 1366/1742/1261
f 1368/1744/1263 1375/1752/1267 1374/1753/1103 1367/1745/1262
f 1369/1746/1264 1376/1754/1268 1375/1752/1267 1368/1744/1263
f 827/1747/399 829/1755/403 1376/1754/1268 1369/1746/1264
f 1370/1190/820 1377/1756/1104 832/1757/414 830/1748/406
f 1385/1758/1108 1384/1759/1107 1377/1756/1104 1378/1760/1105
f 1372/1749/1265 1379/1761/1269 1378/1760/1105 1371/1193/823
f 1373/1750/1266 1380/1762/1270 1379/1761/1269 1372/1749/1265
f 1374/1751/1103 1381/1763/1106 1380/1762/1270 1373/1750/1266
f 1375/1752/1267 1382/1764/1271 1381/1765/1106 1374/1753/1103
f 1376/1754/1268 1383/1766/1272 1382/1764/1271 1375/1752/1267
f 829/1755/403 831/1767/407 1383/1766/1272 1376/1754/1268
f 1377/1756/1104 1384/1759/1107 834/1768/418 832/1757/414
f 1378/1760/1105 1377/1756/1104 1370/1190/820 1371/1193/823
f 1379/1761/1269 1386/1769/1273 1385/1758/1108 1378/1760/1105
f 1380/1762/1270 1387/1770/1274 1386/1769/1273 1379/1761/1269
f 1381/1763/1106 1388/1771/1110 1387/1770/1274 1380/1762/1270
f 1382/1764/1271 1389/1772/1275 1388/1773/1110 1381/1765/1106
f 1383/1766/1272 1390/1774/1276 1389/1772/1275 1382/1764/1271
f 831/1767/407 833/1775/415 1390/1774/1276 1383/1766/1272
f 1384/1759/1107 1391/1215/845 836/1776/422 834/1768/418
f 1386/1769/1273 1393/1777/1277 1392/1216/846 1385/1758/1108
f 1387/1770/1274 1394/1778/1278 1393/1777/1277 1386/1769/1273
f 1388/1771/1110 1395/1779/1111 1394/1778/1278 1387/1770/1274
f 1389/1772/1275 1396/1780/1279 1395/1781/1111 1388/1773/1110
f 1390/1774/1276 1397/1782/1280 1396/1780/1279 1389/1772/1275
f 833/1775/415 835/1783/419 1397/1782/1280 1390/1774/1276
f 1391/1215/845 1398/1214/844 838/1784/426 836/1776/422
f 1393/1777/1277 1400/1785/1281 1399/1213/843 1392/1216/846
f 1394/1778/1278 1401/1786/1282 1400/1785/1281 1393/1777/1277
f 1395/1779/1111 1402/1787/1114 1401/1786/1282 1394/1778/1278
f 1396/1780/1279 1403/1788/1283 1402/1789/1114 1395/1781/1111
f 1397/1782/1280 1404/1790/1284 1403/1788/1283 1396/1780/1279
f 835/1783/419 837/1791/423 1404/1790/1284 1397/1782/1280
f 1398/1214/844 1405/1269/897 840/1792/430 838/1784/426
f 1400/1785/1281 1407/1793/1285 1406/1270/898 1399/1213/843
f 1401/1786/1282 1408/1794/1286 1407/1793/1285 1400/1785/1281
f 1402/1787/1114 1409/1795/1116 1408/1794/1286 1401/1786/1282
f 1403/1788/1283 1410/1796/1287 1409/1797/1116 1402/1789/1114
f 1404/1790/1284 1411/1798/1288 1410/1796/1287 1403/1788/1283
f 837/1791/423 839/1799/427 1411/1798/1288 1404/1790/1284
f 1405/1269/897 1412/1404/1030 842/1800/434 840/1792/430
f 1412/1404/1030 1405/1269/897 1406/1270/898 1413/1405/1031
f 1407/1793/1285 1414/1801/1289 1413/1405/1031 1406/1270/898
f 1408/1794/1286 1415/1802/1118 1414/1801/1289 1407/1793/1285
f 1409/1795/1116 1416/1803/1120 1415/1802/1118 1408/1794/1286
f 1410/1796/1287 1417/1804/1290 1416/1805/1120 1409/1797/1116
f 1411/1798/1288 1418/1806/1291 1417/1804/1290 1410/1796/1287
f 839/1799/427 841/1807/431 1418/1806/1291 1411/1798/1288
f 1392/1216/846 1391/1215/845 1384/1759/1107 1385/1758/1108
f 1412/1404/1030 1419/1403/1029 844/1808/438 842/1800/434
f 1414/1801/1289 1421/1809/1292 1420/1402/1028 1413/1405/1031
f 1415/1802/1118 1422/1810/1122 1421/1809/1292 1414/1801/1289
f 1416/1803/1120 1423/1811/1124 1422/1810/1122 1415/1802/1118
f 1417/1804/1290 1424/1812/1293 1423/1813/1124 1416/1805/1120
f 1418/1806/1291 1425/1814/1294 1424/1812/1293 1417/1804/1290
f 841/1807/431 843/1815/435 1425/1814/1294 1418/1806/1291
f 1419/1403/1029 1426/1816/1295 846/1817/1296 844/1808/438
f 1421/1809/1292 1428/1818/1297 1427/1819/1298 1420/1402/1028
f 1422/1810/1122 1429/1820/1127 1428/1818/1297 1421/1809/1292
f 1423/1811/1124 1430/1821/1129 1429/1820/1127 1422/1810/1122
f 1424/1812/1293 1431/1822/1299 1430/1823/1129 1423/1813/1124
f 1425/1814/1294 1432/1824/1300 1431/1822/1299 1424/1812/1293
f 843/1815/435 845/1825/439 1432/1824/1300 1425/1814/1294
f 1429/1820/1127 1436/1826/801 1435/1827/1301 1428/1818/1297
f 1430/1821/1129 1437/1828/1133 1436/1826/801 1429/1820/1127
f 1431/1822/1299 1438/1829/1302 1437/1830/1133 1430/1823/1129
f 1432/1824/1300 1439/1831/1303 1438/1829/1302 1431/1822/1299
f 845/1825/439 847/1832/273 1439/1831/1303 1432/1824/1300
f 1434/1833/1304 1441/1834/1305 1440/1482/1096 1433/1481/1095
f 1435/1827/1301 1442/1835/1306 1441/1834/1305 1434/1833/1304
f 1436/1826/801 1443/1836/1135 1442/1835/1306 1435/1827/1301
f 1437/1828/1133 1444/1837/1307 1443/1836/1135 1436/1826/801
f 1438/1829/1302 1445/1838/1308 1444/1839/1307 1437/1830/1133
f 1439/1831/1303 1446/1840/1309 1445/1838/1308 1438/1829/1302
f 847/1832/273 849/1841/1310 1446/1840/1309 1439/1831/1303
f 1441/1834/1305 1448/1842/1311 1447/1843/1312 1440/1482/1096
f 1442/1835/1306 1449/1844/1313 1448/1842/1311 1441/1834/1305
f 1443/1836/1135 1450/1845/1314 1449/1844/1313 1442/1835/1306
f 1444/1837/1307 1451/1846/1315 1450/1845/1314 1443/1836/1135
f 1445/1838/1308 1452/1847/1316 1451/1848/1315 1444/1839/1307
f 1446/1840/1309 1453/1849/1317 1452/1847/1316 1445/1838/1308
f 945/1850/1318 947/1851/1319 944/1852/1320
f 947/1851/1319 949/1853/1321 944/1852/1320
f 949/1853/1321 951/1854/1322 944/1852/1320
f 951/1854/1322 953/1855/1323 944/1852/1320
f 953/1855/1323 954/1856/1324 944/1852/1320
f 954/1856/1324 956/1857/1325 944/1852/1320
f 956/1857/1325 958/1858/1326 944/1852/1320
f 958/1858/1326 959/1859/1327 944/1852/1320
f 959/1859/1327 960/1860/1328 944/1852/1320
f 960/1860/1328 962/1861/1329 944/1852/1320
f 962/1861/1329 964/1862/1330 944/1852/1320
f 964/1862/1330 966/1863/1331 944/1852/1320
f 966/1863/1331 968/1864/1332 944/1852/1320
f 968/1864/1332 970/1865/1333 944/1852/1320
f 970/1865/1333 972/1866/1334 944/1852/1320
f 972/1866/1334 974/1867/1335 944/1852/1320
f 974/1867/1335 976/1254/882 944/1852/1320
f 976/1254/882 978/1253/881 944/1852/1320
f 978/1253/881 981/1350/977 944/1852/1320
f 981/1350/977 984/1356/983 944/1852/1320
f 984/1356/983 986/1374/1001 944/1852/1320
f 989/1115/745 991/1126/756 944/1852/1320
f 991/1126/756 993/1285/913 944/1852/1320
f 993/1285/913 995/1305/933 944/1852/1320
f 995/1305/933 997/1330/957 944/1852/1320
f 997/1330/957 999/1200/830 944/1852/1320
f 999/1200/830 1001/1199/829 944/1852/1320
f 1001/1199/829 1003/1204/834 1507/1868/1336 1506/1869/1337 944/1852/1320
f 990/1387/1014 1077/1237/865 1086/1236/864 1056/1282/910 988/1870/1338
f 1428/1818/1297 1435/1827/1301 1434/1833/1304 1427/1819/1298
f 1085/1132/762 1029/1131/761 1026/1265/893 1063/1264/892 1080/1871/1339
f 1468/1872/1340 1470/1415/1041 1233/1554/1143 1228/1545/1134 1471/1873/1341
f 1468/1872/1340 1471/1873/1341 1229/1547/1136 1234/1416/1042 1470/1415/1041
f 1357/1396/1022 1350/1398/1024 1351/1725/1250 1358/1734/1256
f 1336/1701/1083 1337/1703/1237 1344/1717/1245 1343/1713/1086
f 1301/1431/1057 1294/1647/1204 1458/1437/1063 1204/1436/1062 1221/1432/1058
f 1344/1717/1245 1351/1725/1250 1350/1398/1024 1343/1713/1086
f 1455/1428/1054 1221/1432/1058 1302/1435/1061 1309/1665/1214 1454/1429/1055
f 1454/1429/1055 1309/1665/1214 1316/1677/1223 1315/1673/1219 1308/1430/1056
f 1323/1440/1066 1322/1439/1065 1315/1673/1219 1316/1677/1223
f 1329/1442/1068 1330/1441/1067 1337/1703/1237 1336/1701/1083
f 1253/1583/1164 1260/1596/1172 1466/1338/965 1131/1874/1342 1463/1875/1343
f 1259/1337/964 1252/1581/1163 1463/1875/1343 1131/1874/1342 1466/1338/965
f 1246/1568/1154 1253/1583/1164 1463/1875/1343 1143/1876/1344 1137/1709/1241
f 1252/1581/1163 1245/1566/1152 1137/1709/1241 1143/1876/1344 1463/1875/1343
f 1143/1594/1170 1108/1593/1037 1105/1877/1036 1162/1878/1345
f 1233/1554/1143 1470/1415/1041 1156/1419/1045 1149/1418/1044 1238/1559/1146
f 983/1116/746 989/1115/745 944/1852/1320
f 1162/1878/1345 1105/1877/1036 1102/1879/1035 1156/1880/1346
f 1295/1434/1060 1458/1437/1063 1167/1881/1347 1465/1675/1221 1288/1639/1199
f 1167/1715/1243 1121/1714/1052 1119/1882/1048 1210/1883/1348
f 1210/1883/1348 1119/1882/1048 1117/1884/1047 1457/1885/1349
f 1457/1885/1349 1117/1884/1047 1115/1886/1046 1460/1887/1350
f 1460/1887/1350 1115/1886/1046 1113/1888/1040 1462/1889/1351
f 1462/1889/1351 1113/1888/1040 1111/1592/1038 1131/1591/1169
f 986/1374/1001 983/1116/746 944/1852/1320
f 983/1116/746 986/1374/1001 1009/1373/1000 980/1890/1352 987/1117/747
f 1469/1891/1353 1096/1892/1027 1093/1893/1026 1091/1894/1354
f 1468/1895/1355 1099/1896/1032 1096/1892/1027 1469/1891/1353
f 1097/1897/1356 1090/1898/1023 1087/1175/805 1103/1174/804
f 1156/1880/1346 1102/1879/1035 1099/1896/1032 1468/1895/1355
f 1467/1899/1357 1223/1539/1131 1217/1533/1126 1088/1550/1139 1091/1900/1358
f 1218/1535/1128 1224/1541/1132 1467/1899/1357 1091/1900/1358 1088/1550/1139
f 1471/1873/1341 1228/1545/1134 1223/1539/1131 1467/1899/1357 1469/1901/1359
f 1469/1901/1359 1467/1899/1357 1224/1541/1132 1229/1547/1136 1471/1873/1341
f 1505/1902/1360 1055/1301/929 1059/1230/860 1027/1229/859 1024/1903/1361
f 1486/1904/1362 1023/1260/888 1026/1265/893 1488/1905/1363 1485/1906/1364
f 1488/1905/1363 1026/1265/893 1029/1131/761 1490/1907/1365 1487/1908/1366
f 1490/1907/1365 1029/1131/761 1032/1130/760 1492/1909/1367 1489/1910/1368
f 1032/1130/760 1035/1138/768 1494/1911/1369 1491/1912/1370 1492/1909/1367
f 1035/1138/768 1038/1141/771 1496/1913/1371 1493/1914/1372 1494/1911/1369
f 1038/1141/771 1042/1144/774 1498/1915/1373 1495/1916/1374 1496/1913/1371
f 1042/1144/774 1045/1151/781 1499/1917/1375 1497/1918/1376 1498/1915/1373
f 1045/1151/781 1049/1288/916 1501/1919/1377 1500/1920/1378 1499/1917/1375
f 961/1294/922 1055/1301/929 1505/1902/1360 1504/1921/1379 1503/1922/1380
f 1049/1288/916 961/1294/922 1503/1922/1380 1502/1923/1381 1501/1919/1377
f 1478/1924/1382 1011/1219/849 1014/1226/856 1480/1925/1383 1477/1926/1384
f 1480/1925/1383 1014/1226/856 1017/1240/868 1482/1927/1385 1479/1928/1386
f 1482/1927/1385 1017/1240/868 1020/1257/885 1483/1929/1387 1481/1930/1388
f 1294/1647/1204 1287/1635/1196 1465/1675/1221 1167/1881/1347 1458/1437/1063
f 1484/1931/1389 1483/1929/1387 1020/1257/885 1023/1260/888 1486/1904/1362
f 945/1850/1318 944/1852/1320 1506/1869/1337
f 1426/1816/1295 1433/1481/1095 1508/1480/1094 848/1485/1099 846/1817/1296
f 1426/1816/1295 1427/1819/1298 1434/1833/1304 1433/1481/1095
f 1474/1932/1390 947/1851/1319 945/1850/1318 1476/1933/1391 1473/1934/1392
f 1475/1935/1393 949/1853/1321 947/1851/1319 1474/1932/1390 1472/1936/1394
f 1478/1937/1395 1477/1938/1396 951/1854/1322 949/1853/1321 1475/1935/1393
f 1479/1939/1397 953/1855/1323 951/1854/1322 1477/1938/1396 1480/1940/1398
f 1482/1941/1399 1481/1942/1400 954/1856/1324 953/1855/1323 1479/1939/1397
f 1483/1943/1401 1484/1944/1402 956/1857/1325 954/1856/1324 1481/1942/1400
f 1485/1945/1403 958/1858/1326 956/1857/1325 1484/1944/1402 1486/1946/1404
f 1487/1947/1405 959/1859/1327 958/1858/1326 1485/1945/1403 1488/1948/1406
f 1489/1949/1407 960/1860/1328 959/1859/1327 1487/1947/1405 1490/1950/1408
f 1491/1951/1409 962/1861/1329 960/1860/1328 1489/1949/1407 1492/1952/1410
f 1493/1953/1411 964/1862/1330 962/1861/1329 1491/1951/1409 1494/1954/1412
f 1495/1955/1413 966/1863/1331 964/1862/1330 1493/1953/1411 1496/1956/1414
f 1497/1957/1415 968/1864/1332 966/1863/1331 1495/1955/1413 1498/1958/1416
f 1500/1959/1417 970/1865/1333 968/1864/1332 1497/1957/1415 1499/1960/1418
f 1502/1961/1419 972/1866/1334 970/1865/1333 1500/1959/1417 1501/1962/1420
f 1504/1963/1421 974/1867/1335 972/1866/1334 1502/1961/1419 1503/1964/1422
f 1505/1965/1423 1024/1255/883 976/1254/882 974/1867/1335 1504/1963/1421
f 1476/1966/1424 1005/1209/839 1008/1212/842 1472/1967/1425 1474/1968/1426 1473/1969/1426
f 1475/1970/1427 1472/1967/1425 1008/1212/842 1011/1219/849 1478/1924/1382
f 1476/1933/1391 945/1850/1318 1506/1869/1337 1507/1868/1336
f 1003/1204/834 1005/1209/839 1476/1966/1424 1507/1868/1336
f 1196/1312/940 1109/1971/1428 1106/1732/1254 1200/1517/1115 1195/1512/1112
f 849/1841/1310 851/1972/1429 1453/1849/1317 1446/1840/1309
f 1090/1898/1023 1097/1897/1356 1091/1894/1354 1093/1893/1026
f 1426/1816/1295 1419/1403/1029 1420/1402/1028 1427/1819/1298
f 1523/1973/1430 1516/1974/1431 1515/1975/1432 1532/1976/1433
f 1516/1974/1431 1527/1977/1434 1198/1978/1114 1193/1979/1111
f 1515/1975/1432 1516/1974/1431 1193/1979/1111 1188/1980/1110
f 1513/1981/1435 1515/1975/1432 1188/1980/1110 1183/1982/1106
f 1529/1983/1436 1526/1984/1437 1215/1985/1124 1209/1986/1120
f 1526/1984/1437 1531/1987/1438 1220/1988/1129 1215/1985/1124
f 1521/1989/1439 1522/1990/1440 1178/1991/1103 1173/1992/1093
f 1535/1993/1441 1538/1994/1442 1545/1995/1443
f 1522/1990/1440 1513/1981/1435 1183/1982/1106 1178/1991/1103
f 1527/1977/1434 1528/1996/1444 1203/1997/1116 1198/1978/1114
f 1528/1996/1444 1529/1983/1436 1209/1986/1120 1203/1997/1116
f 1531/1987/1438 1533/1998/1445 1226/1999/1133 1220/1988/1129
f 1530/2000/1446 1531/1987/1438 1526/1984/1437 1520/2001/1447
f 1533/1998/1445 1534/2002/1448 1231/2003/1137 1226/1999/1133
f 1534/2002/1448 1536/2004/1449 1236/2005/1144 1231/2003/1137
f 1535/1993/1441 1537/2006/1450 1536/2004/1449 1534/2002/1448
f 1536/2004/1449 1242/1570/1156 1241/1573/1148 1236/2005/1144
f 1537/2006/1450 1243/1574/1158 1242/1570/1156 1536/2004/1449
f 853/2007/1451 791/1576/1160 1243/1574/1158
f 1543/2008/1452 1142/2009/1078 1136/2010/1075 1525/2011/1453
f 1542/2012/1454 1148/2013/1084 1142/2009/1078 1543/2008/1452
f 1512/2014/1455 1155/2015/1092 1161/2016/1089 1524/2017/1456
f 1544/2018/1457 1521/1989/1439 1173/1992/1093 1155/2015/1092 1512/2014/1455
f 1524/2017/1456 1161/2016/1089 1154/2019/1088 1541/2020/1458
f 1535/1993/1441 1534/2002/1448 1533/1998/1445 1538/1994/1442
f 1537/2006/1450 1535/1993/1441 1540/2021/1459 1546/2022/1460
f 1533/1998/1445 1531/1987/1438 1530/2000/1446 1538/1994/1442
f 1529/1983/1436 1518/2023/1461 1520/2001/1447 1526/1984/1437
f 1529/1983/1436 1528/1996/1444 1517/2024/1462 1518/2023/1461
f 1527/1977/1434 1519/2025/1463 1517/2024/1462 1528/1996/1444
f 1527/1977/1434 1516/1974/1431 1523/1973/1430 1519/2025/1463
f 1515/1975/1432 1513/1981/1435 1514/2026/1464 1532/1976/1433
f 1513/1981/1435 1522/1990/1440 1511/2027/1465 1514/2026/1464
f 1522/1990/1440 1521/1989/1439 1510/2028/1466 1511/2027/1465
f 1148/2013/1084 1542/2012/1454 1541/2020/1458 1154/2019/1088
f 1130/1491/1064 1456/1490/1101 1525/2011/1453 1136/2010/1075
f 1540/2021/1459 1535/1993/1441 1545/1995/1443
f 1539/2029/1467 1537/2006/1450 1546/2022/1460
f 1539/2029/1467 853/2007/1451 1243/1574/1158 1537/2006/1450
f 850/1484/1098 1509/1483/1097 1440/1482/1096 1447/1843/1312 852/2030/1468
f 873/1009/673 1126/2031/1069 771/2032/1072 736/1010/674
f 874/1013/677 1127/2033/1073 1126/2031/1069 873/1009/673
f 875/2034/1469 1128/2035/986 1127/2033/1073 874/1013/677
f 872/2036/1470 1074/2037/987 1128/2035/986 875/2034/1469
f 1539/2038/1471 854/2039/1472 853/2040/1473
f 854/2039/1472 1539/2038/1471 1546/2041/1474 855/2042/1475
f 855/2042/1475 1546/2041/1474 1540/2043/1476 856/2044/1477
f 856/2044/1477 1540/2043/1476 1545/2045/1478 857/2046/1479
f 857/2046/1479 1545/2045/1478 1538/2047/1480 858/2048/1481
f 859/2049/1482 858/2048/1481 1538/2047/1480 1530/2050/1483
f 1547/2051/1484 1530/2050/1483 1520/2052/1485
f 1547/2051/1484 860/2053/1486 859/2049/1482
f 859/2049/1482 1530/2050/1483 1547/2051/1484
f 1548/2054/1487 1547/2051/1484 1520/2052/1485 1518/2055/1488
f 860/2053/1486 1547/2051/1484 1548/2054/1487 861/2056/1489
f 1548/2054/1487 1549/2057/1490 862/2058/1491 861/2056/1489
f 1549/2057/1490 1548/2054/1487 1518/2055/1488 1517/2059/1492
f 1549/2057/1490 1550/2060/1493 863/2061/1494 862/2058/1491
f 1550/2060/1493 1551/2062/1495 864/2063/1496 863/2061/1494
f 1551/2062/1495 1552/2064/1497 865/2065/1498 864/2063/1496
f 1552/2064/1497 1553/2066/1499 866/2067/1500 865/2065/1498
f 1553/2066/1499 1554/2068/1501 867/2069/1502 866/2067/1500
f 1554/2068/1501 1555/2070/1503 868/2071/1504 867/2069/1502
f 1555/2070/1503 1556/2072/1505 869/2073/1506 868/2071/1504
f 1556/2072/1505 1557/2074/1507 870/2075/1508 869/2073/1506
f 1557/2074/1507 1558/2076/1509 871/2077/1510 870/2075/1508
f 1558/2076/1509 1559/1114/744 942/1112/743
f 942/1112/743 871/2077/1510 1558/2076/1509
f 770/1111/742 871/2077/1510 942/1112/743
f 1557/2074/1507 1524/2078/1511 1559/1114/744 1558/2076/1509
f 1512/2079/1512 1524/2078/1511 1557/2074/1507 1556/2072/1505
f 1550/2060/1493 1549/2057/1490 1517/2059/1492 1519/2080/1513
f 1551/2062/1495 1550/2060/1493 1519/2080/1513 1523/2081/1514
f 1523/2081/1514 1532/2082/1515 1552/2064/1497 1551/2062/1495
f 1553/2066/1499 1552/2064/1497 1532/2082/1515 1514/2083/1516
f 1554/2068/1501 1553/2066/1499 1514/2083/1516 1511/2084/1517
f 1555/2070/1503 1554/2068/1501 1511/2084/1517 1510/2085/1518
f 1544/2086/1519 1512/2079/1512 1556/2072/1505 1555/2070/1503 1510/2085/1518
f 1605/2087/1520 1599/2088/1521 1603/2089/1522 1601/2090/1523 1700/2091/1524
f 1650/2092/1525 1714/2093/1526 1717/2094/1527 1644/2095/1528 1646/2096/1529
f 1620/2097/1530 1607/2098/1531 1605/2087/1520 1700/2091/1524 1623/2099/1532
f 1657/2100/1533 1688/2101/1534 1648/2102/1535 1645/2103/1536 1701/2104/1537
f 1722/2105/1538 1725/2106/1539 1803/2107/1540
f 1664/2108/1541 1686/2109/1542 1651/2110/1543 1648/2102/1535 1688/2101/1534
f 1686/2109/1542 1568/2111/1544 1683/2112/1545 1654/2113/1546 1651/2110/1543
f 1654/2113/1546 1683/2112/1545 1562/2114/1547 1689/2115/1548 1658/2116/1549
f 1676/2117/1550 1669/2118/1551 1687/2119/1552 1598/2120/1553 1595/2121/1522
f 1695/2122/1554 1661/2123/1555 1658/2116/1549 1689/2115/1548 1699/2124/1556
f 1652/2125/1557 1711/2126/1558 1714/2093/1526 1650/2092/1525 1649/2127/1559
f 1692/2128/1560 1676/2117/1550 1595/2121/1522 1593/2129/1523 1591/2130/1524
f 1632/2131/1561 1723/2132/1562 1726/2133/1563 1626/2134/1564 1635/2135/1565
f 1638/2136/1566 1720/2137/1567 1723/2132/1562 1632/2131/1561 1641/2138/1568
f 1692/2128/1560 1591/2130/1524 1587/2139/1532 1589/2140/1530 1694/2141/1569
f 1655/2142/1570 1708/2143/1571 1711/2126/1558 1652/2125/1557 1653/2144/1572
f 1644/2095/1528 1717/2094/1527 1720/2137/1567 1638/2136/1566 1647/2145/1573
f 1719/2146/1574 1703/2147/1575 1697/2148/1576 2044/2149/1577
f 2044/2149/1577 1697/2148/1576 1725/2150/1578 1722/2151/1579
f 1677/2152/1580 1759/2153/1581 1764/2154/1582 1667/2155/1583 1674/2156/1584
f 1667/2157/1585 1763/2158/1586 1758/2159/1587 1677/2160/1588 1674/2161/1584
f 1950/2162/1589 1943/2163/1590 1944/2164/1591 1951/2165/1592
f 1728/2166/1593 1730/2167/1594 1696/2168/1595 1679/2169/1596 1660/2170/1597
f 1617/2171/1598 1615/2172/1599 1604/2173/1600 1672/2174/1601 1668/2175/1602
f 1619/2176/1603 1617/2171/1598 1668/2175/1602 1662/2177/1604 1659/2178/1605
f 1655/2179/1606 1653/2180/1607 1621/2181/1608 1619/2176/1603 1659/2178/1605
f 1652/2182/1609 1649/2183/1610 1624/2184/1611 1621/2181/1608 1653/2180/1607
f 1979/2185/1612 1978/2186/1613 1971/2187/1614 1972/2188/1615
f 1650/2189/1616 1646/2190/1617 1627/2191/1527 1624/2184/1611 1649/2183/1610
f 1694/2141/1569 1698/2192/1618 1614/2193/1619 1616/2194/1620 1618/2195/1621
f 1644/2196/1622 1647/2197/1623 1630/2198/1567 1627/2191/1527 1646/2190/1617
f 1623/2199/1624 1692/2128/1560 1694/2141/1569 1618/2195/1621 1620/2200/1625
f 1643/2201/1583 1675/2202/1582 1564/2203/1626 1634/2204/1627 1685/2205/1628
f 1697/2148/1576 1703/2147/1575 1702/2206/1629 1693/2207/1630
f 1638/2208/1631 1641/2209/1632 1633/2210/1562 1630/2198/1567 1647/2197/1623
f 1634/2204/1627 1564/2203/1626 1571/2211/1633 1628/2212/1634 1637/2213/1635
f 1628/2212/1634 1571/2211/1633 1656/2214/1636 1622/2215/1637 1631/2216/1638
f 1736/2217/1543 1738/2218/1546 1562/2219/1639 1683/2220/1640 1568/2221/1641
f 1685/2222/1642 1594/2223/1643 1592/2224/1644 1640/2225/1645 1643/2226/1646
f 1636/2227/1563 1633/2210/1562 1641/2209/1632 1632/2228/1647 1635/2229/1648
f 1639/2230/1593 1636/2227/1563 1635/2229/1648 1626/2231/1649 1629/2232/1650
f 1660/2233/1651 1679/2234/1652 1642/2235/1594 1639/2230/1593 1629/2232/1650
f 1667/2155/1583 1764/2154/1582 1770/2236/1626 1566/2237/1627 1670/2238/1628
f 1985/2239/1653 1978/2186/1613 1979/2185/1612 1986/2240/1654
f 1774/2241/1655 1769/2242/1656 1566/2243/1657 1666/2244/1635 1573/2245/1658
f 1662/2246/1659 1705/2247/1660 1708/2143/1571 1655/2142/1570 1659/2248/1661
f 1770/2236/1626 1775/2249/1633 1573/2250/1634 1666/2251/1635 1566/2237/1627
f 1672/2252/1662 1702/2206/1629 1705/2247/1660 1662/2246/1659 1668/2253/1663
f 1616/2254/1664 1609/2255/1665 1607/2098/1531 1620/2097/1530 1618/2256/1666
f 1680/2257/1667 1665/2258/1668 1661/2123/1555 1695/2122/1554 1690/2259/1669
f 1779/2260/1670 1774/2241/1655 1573/2245/1658 1663/2261/1638 1673/2262/1671
f 1725/2263/1672 1799/2264/1673 1579/2265/1674 1581/2266/1675
f 1678/2267/1676 1577/2268/1677 1665/2258/1668 1680/2257/1667 1684/2269/1678
f 1579/2270/1619 1800/2271/1618 1804/2272/1679 1803/2107/1540 1725/2106/1539 1581/2273/1675
f 1681/2274/1680 1671/2275/1581 1577/2268/1677 1678/2267/1676 1682/2276/1681
f 1614/2277/1682 1612/2278/1683 1611/2279/1684 1609/2255/1665 1616/2254/1664
f 1583/2280/1621 1796/2281/1569 1800/2271/1618 1579/2270/1619 1585/2282/1620
f 1677/2283/1685 1674/2284/1645 1675/2202/1582 1671/2275/1581 1681/2274/1680
f 1579/2265/1674 1799/2264/1673 1795/2285/1686 1583/2286/1687 1585/2287/1620
f 1667/2288/1646 1670/2289/1642 1564/2203/1626 1675/2202/1582 1674/2284/1645
f 1587/2290/1624 1792/2291/1560 1796/2281/1569 1583/2280/1621 1589/2292/1625
f 1583/2286/1687 1795/2285/1686 1791/2293/1688 1587/2294/1689 1589/2295/1625
f 1593/2296/1690 1788/2297/1550 1792/2291/1560 1587/2290/1624 1591/2298/1691
f 1587/2294/1689 1791/2293/1688 1787/2299/1692 1593/2300/1693 1591/2301/1691
f 1613/2302/1694 1611/2279/1684 1612/2278/1683 1610/2303/1695 1608/2304/1696
f 1615/2172/1599 1613/2302/1694 1608/2304/1696 1606/2305/1697 1604/2173/1600
f 2042/2306/1698 1777/2307/1699 1857/2308/1700 1851/2309/1701 2046/2310/1702
f 1598/2311/1703 1784/2312/1551 1788/2297/1550 1593/2296/1690 1595/2313/1704
f 1593/2300/1693 1787/2299/1692 1783/2314/1705 1598/2315/1706 1595/2316/1704
f 1775/2249/1633 1780/2317/1636 1673/2318/1637 1663/2319/1638 1573/2250/1634
f 1634/2320/1707 1637/2321/1708 1597/2322/1709 1594/2223/1643 1685/2222/1642
f 1783/2314/1705 1779/2260/1670 1673/2262/1671 1687/2323/1710 1598/2315/1706
f 1763/2158/1586 1667/2157/1585 1670/2324/1628 1566/2243/1657 1769/2242/1656
f 1780/2317/1636 1784/2312/1551 1598/2311/1703 1687/2325/1710 1673/2318/1637
f 1628/2326/1711 1631/2327/1712 1600/2328/1713 1597/2322/1709 1637/2321/1708
f 1694/2141/1569 1589/2140/1530 1583/2329/1666 1585/2330/1664 1698/2192/1618
f 1743/2331/1714 1690/2332/1715 1680/2333/1715 1684/2334/1716 1748/2335/1717
f 1687/2119/1552 1669/2118/1551 1656/2214/1636 1663/2336/1712 1673/2337/1718
f 1734/2338/1535 1736/2217/1543 1568/2221/1641 1686/2339/1719 1664/2340/1720
f 1614/2193/1619 1698/2192/1618 1691/2341/1679 1610/2342/1721 1612/2343/1675
f 1622/2344/1718 1625/2345/1552 1602/2346/1722 1600/2328/1713 1631/2327/1712
f 1749/2347/1668 1684/2348/1723 1680/2349/1715 1690/2350/1724 1744/2351/1555
f 1585/2330/1664 1579/2352/1682 1581/2353/1683 1691/2341/1679 1698/2192/1618
f 1732/2354/1536 1657/2355/1725 1701/2356/1726 1696/2168/1595 1730/2167/1594
f 1663/2336/1712 1656/2214/1636 1571/2211/1633 1666/2357/1708 1573/2358/1711
f 1610/2342/1721 1691/2341/1679 1693/2207/1630 1606/2359/1727 1608/2360/1728
f 1748/2335/1717 1684/2334/1716 1678/2361/1729 1682/2362/1730 1753/2363/1731
f 1691/2341/1679 1581/2353/1683 1725/2150/1578 1697/2148/1576 1693/2207/1630
f 1700/2364/1691 1601/2365/1690 1676/2117/1550 1692/2128/1560 1623/2199/1624
f 1944/2164/1591 1943/2163/1590 1936/2366/1732 1937/2367/1733
f 1703/2147/1575 1706/2368/1734 1705/2247/1660 1702/2206/1629
f 1930/2369/1735 1937/2367/1733 1936/2366/1732 1929/2370/1736
f 1706/2368/1734 1709/2371/1737 1708/2143/1571 1705/2247/1660
f 1709/2371/1737 1712/2372/1738 1711/2126/1558 1708/2143/1571
f 2000/2373/1739 1999/2374/1740 1992/2375/1741 1993/2376/1742
f 1712/2372/1738 1715/2377/1743 1714/2093/1526 1711/2126/1558
f 1669/2118/1551 1676/2117/1550 1601/2365/1690 1603/2378/1704 1596/2379/1703
f 1715/2377/1743 1718/2380/1744 1717/2094/1527 1714/2093/1526
f 1718/2380/1744 1721/2381/1745 1720/2137/1567 1717/2094/1527
f 1721/2381/1745 1724/2382/1746 1723/2132/1562 1720/2137/1567
f 1724/2382/1746 1727/2383/1747 1726/2133/1563 1723/2132/1562
f 1656/2214/1636 1669/2118/1551 1596/2379/1703 1625/2384/1710 1622/2215/1637
f 1727/2383/1747 1729/2385/1748 1728/2166/1593 1726/2133/1563
f 2050/2386/1749 1830/2387/1750 1834/2388/1751 1761/2389/1752 1767/2390/1753
f 1729/2385/1748 1731/2391/1754 1730/2167/1594 1728/2166/1593
f 1731/2391/1754 1733/2392/1755 1732/2354/1536 1730/2167/1594
f 1733/2392/1755 1735/2393/1756 1734/2338/1535 1732/2354/1536
f 1740/2394/1549 1699/2395/1757 1689/2396/1758 1562/2219/1639 1738/2218/1546
f 1735/2393/1756 1737/2397/1759 1736/2217/1543 1734/2338/1535
f 1737/2397/1759 1739/2398/1760 1738/2218/1546 1736/2217/1543
f 2035/2399/1761 2034/2400/1762 1893/2401/1762 1887/2402/1763 1820/2403/1764
f 1739/2398/1760 1741/2404/1765 1740/2394/1549 1738/2218/1546
f 1882/2405/1766 1888/2406/1767 1820/2407/1768 1806/2408/1769 2038/2409/1770
f 1741/2404/1765 1745/2410/1771 1744/2351/1555 1740/2394/1549
f 1905/2411/1772 1906/2412/1717 1912/2413/1731 1911/2414/1773
f 1743/2331/1714 1748/2335/1717 1747/2415/1772 1742/2416/1774
f 1745/2410/1771 1750/2417/1775 1749/2347/1668 1744/2351/1555
f 1748/2335/1717 1753/2363/1731 1752/2418/1773 1747/2415/1772
f 1726/2133/1563 1728/2166/1593 1660/2170/1597 1629/2419/1776 1626/2134/1564
f 1750/2417/1775 1755/2420/1777 1754/2421/1677 1749/2347/1668
f 2035/2422/1778 1741/2404/1765 1739/2398/1760 1806/2423/1779
f 1753/2363/1731 1758/2159/1587 1757/2424/1780 1752/2418/1773
f 1755/2420/1777 1760/2425/1781 1759/2153/1581 1754/2421/1677
f 1758/2159/1587 1763/2158/1586 1762/2426/1782 1757/2424/1780
f 1744/2351/1555 1690/2350/1724 1695/2427/1783 1699/2395/1757 1740/2394/1549
f 1760/2425/1781 1765/2428/1784 1764/2154/1582 1759/2153/1581
f 1763/2158/1586 1769/2242/1656 1768/2429/1785 1762/2426/1782
f 1765/2428/1784 1771/2430/1786 1770/2236/1626 1764/2154/1582
f 1769/2242/1656 1774/2241/1655 1773/2431/1787 1768/2429/1785
f 1754/2421/1677 1682/2432/1788 1678/2433/1729 1684/2348/1723 1749/2347/1668
f 1766/2434/1789 1781/2435/1790 1780/2317/1636 1775/2249/1633
f 2088/2436/1791 2013/2437/1792 2020/2438/1793 2089/2439/1794 44/352/274 42/351/273
f 1666/2357/1708 1571/2211/1633 1564/2203/1626 1670/2289/1642 1566/2440/1707
f 1774/2241/1655 1779/2260/1670 1778/2441/1795 1773/2431/1787
f 2036/2442/1796 1745/2410/1771 1741/2404/1765 2035/2422/1778
f 1771/2430/1786 1766/2434/1789 1775/2249/1633 1770/2236/1626
f 1779/2260/1670 1783/2314/1705 1782/2443/1797 1778/2441/1795
f 1732/2354/1536 1734/2338/1535 1664/2340/1720 1688/2444/1798 1657/2355/1725
f 1781/2435/1790 1785/2445/1799 1784/2312/1551 1780/2317/1636
f 1783/2314/1705 1787/2299/1692 1786/2446/1800 1782/2443/1797
f 1785/2445/1799 1789/2447/1801 1788/2297/1550 1784/2312/1551
f 1787/2299/1692 1791/2293/1688 1790/2448/1802 1786/2446/1800
f 1758/2159/1587 1753/2363/1731 1682/2362/1730 1681/2449/1803 1677/2160/1588
f 1789/2447/1801 1793/2450/1804 1792/2291/1560 1788/2297/1550
f 1791/2293/1688 1795/2285/1686 1794/2451/1805 1790/2448/1802
f 1793/2450/1804 1797/2452/1806 1796/2281/1569 1792/2291/1560
f 1795/2285/1686 1799/2264/1673 1798/2453/1807 1794/2451/1805
f 1754/2421/1677 1759/2153/1581 1677/2152/1580 1681/2454/1803 1682/2432/1788
f 1797/2452/1806 1801/2455/1808 1800/2271/1618 1796/2281/1569
f 1801/2455/1808 1805/2456/1809 1804/2272/1679 1800/2271/1618
f 1804/2272/1679 1809/2457/1630 1808/2458/1810 1803/2107/1540
f 1805/2456/1809 1810/2459/1576 1809/2457/1630 1804/2272/1679
f 1809/2457/1630 1814/2460/1629 1813/2461/1811 1808/2458/1810
f 1810/2459/1576 1815/2462/1575 1814/2460/1629 1809/2457/1630
f 1814/2460/1629 1818/2463/1660 1817/2464/1812 1813/2461/1811
f 1815/2462/1575 1819/2465/1734 1818/2463/1660 1814/2460/1629
f 1818/2463/1660 1823/2466/1571 1822/2467/1813 1817/2464/1812
f 1819/2465/1734 1824/2468/1737 1823/2466/1571 1818/2463/1660
f 1823/2466/1571 1827/2469/1558 1826/2470/1814 1822/2467/1813
f 1824/2468/1737 1828/2471/1738 1827/2469/1558 1823/2466/1571
f 1710/2472/1815 1813/2461/1811 1817/2464/1812 1704/2473/1816 1713/2474/1817
f 1827/2469/1558 1831/2475/1526 1830/2387/1750 1826/2470/1814
f 1828/2471/1738 1832/2476/1743 1831/2475/1526 1827/2469/1558
f 1713/2477/1817 1704/2478/1818 1816/2479/1819 1812/2480/1820 1710/2481/1821
f 1831/2475/1526 1835/2482/1527 1834/2388/1751 1830/2387/1750
f 1832/2476/1743 1836/2483/1744 1835/2482/1527 1831/2475/1526
f 1716/2484/1822 1808/2458/1810 1813/2461/1811 1710/2472/1815 1719/2485/1823
f 1719/2486/1823 1710/2481/1821 1812/2480/1820 1807/2487/1824 1716/2488/1825
f 1835/2482/1527 1841/2489/1567 1840/2490/1826 1834/2388/1751
f 1836/2483/1744 1842/2491/1745 1841/2489/1567 1835/2482/1527
f 1837/2492/1827 1843/2493/1828 1842/2491/1745 1836/2483/1744
f 1838/2494/1829 1844/2495/1830 1843/2493/1828 1837/2492/1827
f 1/412/314 2/413/315 1844/2495/1830 1838/2494/1829
f 1722/2105/1538 1803/2107/1540 1808/2458/1810 1716/2484/1822 2044/2496/1831
f 1841/2489/1567 1847/2497/1562 1846/2498/1832 1840/2490/1826
f 1842/2491/1745 1848/2499/1746 1847/2497/1562 1841/2489/1567
f 1843/2493/1828 1849/2500/1833 1848/2499/1746 1842/2491/1745
f 1844/2495/1830 1850/2501/1834 1849/2500/1833 1843/2493/1828
f 2/413/315 3/420/320 1850/2501/1834 1844/2495/1830
f 1746/2502/1835 1727/2383/1747 1724/2382/1746 1756/2503/1836
f 1847/2497/1562 1853/2504/1563 1852/2505/1837 1846/2498/1832
f 1848/2499/1746 1854/2506/1747 1853/2504/1563 1847/2497/1562
f 1849/2500/1833 1855/2507/1838 1854/2506/1747 1848/2499/1746
f 1850/2501/1834 1856/2508/1839 1855/2507/1838 1849/2500/1833
f 3/420/320 4/428/326 1856/2508/1839 1850/2501/1834
f 2042/2509/1698 2046/2510/1840 1852/2505/1837 1858/2511/1841 1777/2512/1842
f 1853/2504/1563 1859/2513/1593 1858/2511/1841 1852/2505/1837
f 1854/2506/1747 1860/2514/1748 1859/2513/1593 1853/2504/1563
f 1855/2507/1838 1861/2515/1843 1860/2514/1748 1854/2506/1747
f 1856/2508/1839 1862/2516/1844 1861/2515/1843 1855/2507/1838
f 4/428/326 5/437/332 1862/2516/1844 1856/2508/1839
f 2040/2517/1845 2041/2518/1846 1863/2519/1847 1857/2308/1700 1777/2307/1699
f 1859/2513/1593 1865/2520/1594 1864/2521/1848 1858/2511/1841
f 1860/2514/1748 1866/2522/1754 1865/2520/1594 1859/2513/1593
f 1861/2515/1843 1867/2523/1849 1866/2522/1754 1860/2514/1748
f 1862/2516/1844 1868/2524/1850 1867/2523/1849 1861/2515/1843
f 5/437/332 6/446/339 1868/2524/1850 1862/2516/1844
f 2040/2525/1845 1777/2512/1842 1858/2511/1841 1864/2521/1848 2041/2526/1851
f 1865/2520/1594 1871/2527/1536 1870/2528/1852 1864/2521/1848
f 1866/2522/1754 1872/2529/1755 1871/2527/1536 1865/2520/1594
f 1867/2523/1849 1873/2530/1853 1872/2529/1755 1866/2522/1754
f 1868/2524/1850 1874/2531/1854 1873/2530/1853 1867/2523/1849
f 6/446/339 7/454/344 1874/2531/1854 1868/2524/1850
f 2037/2532/1855 2039/2533/1856 1869/2534/1857 1863/2519/1847 2041/2518/1846
f 1871/2527/1536 1877/2535/1535 1876/2536/1858 1870/2528/1852
f 1872/2529/1755 1878/2537/1756 1877/2535/1535 1871/2527/1536
f 1873/2530/1853 1879/2538/1859 1878/2537/1756 1872/2529/1755
f 1874/2531/1854 1880/2539/1860 1879/2538/1859 1873/2530/1853
f 7/454/344 8/463/351 1880/2539/1860 1874/2531/1854
f 1877/2535/1535 1883/2540/1543 1882/2405/1766 1876/2536/1858
f 1878/2537/1756 1884/2541/1759 1883/2540/1543 1877/2535/1535
f 1879/2538/1859 1885/2542/1861 1884/2541/1759 1878/2537/1756
f 1880/2539/1860 1886/2543/1862 1885/2542/1861 1879/2538/1859
f 8/463/351 9/468/354 1886/2543/1862 1880/2539/1860
f 1883/2540/1543 1889/2544/1546 1888/2406/1767 1882/2405/1766
f 1884/2541/1759 1890/2545/1760 1889/2544/1546 1883/2540/1543
f 1885/2542/1861 1891/2546/1863 1890/2545/1760 1884/2541/1759
f 1886/2543/1862 1892/2547/1864 1891/2546/1863 1885/2542/1861
f 9/468/354 10/473/357 1892/2547/1864 1886/2543/1862
f 2037/2548/1855 2041/2526/1851 1864/2521/1848 1870/2528/1852 2039/2549/1865
f 1889/2544/1546 1895/2550/1549 1894/2551/1866 1888/2406/1767
f 1890/2545/1760 1896/2552/1765 1895/2550/1549 1889/2544/1546
f 1891/2546/1863 1897/2553/1867 1896/2552/1765 1890/2545/1760
f 1892/2547/1864 1898/2554/1868 1897/2553/1867 1891/2546/1863
f 10/473/357 11/481/362 1898/2554/1868 1892/2547/1864
f 1875/2555/1869 1869/2534/1857 2039/2533/1856 1811/2556/1870 2045/2557/1871
f 1895/2550/1549 1901/2558/1555 1900/2559/1872 1894/2551/1866
f 1896/2552/1765 1902/2560/1771 1901/2558/1555 1895/2550/1549
f 1897/2553/1867 1903/2561/1873 1902/2560/1771 1896/2552/1765
f 1898/2554/1868 1904/2562/1874 1903/2561/1873 1897/2553/1867
f 11/481/362 12/490/369 1904/2562/1874 1898/2554/1868
f 1901/2558/1555 1907/2563/1668 1906/2412/1717 1900/2559/1872
f 1902/2560/1771 1908/2564/1775 1907/2563/1668 1901/2558/1555
f 1903/2561/1873 1909/2565/1875 1908/2564/1775 1902/2560/1771
f 1904/2562/1874 1910/2566/1876 1909/2565/1875 1903/2561/1873
f 12/490/369 13/495/372 1910/2566/1876 1904/2562/1874
f 1870/2528/1852 1876/2536/1858 2045/2567/1877 1811/2568/1870 2039/2549/1865
f 1907/2563/1668 1913/2569/1677 1912/2413/1731 1906/2412/1717
f 1908/2564/1775 1914/2570/1777 1913/2569/1677 1907/2563/1668
f 1909/2565/1875 1915/2571/1878 1914/2570/1777 1908/2564/1775
f 1910/2566/1876 1916/2572/1879 1915/2571/1878 1909/2565/1875
f 13/495/372 14/502/376 1916/2572/1879 1910/2566/1876
f 1913/2569/1677 1919/2573/1581 1918/2574/1587 1912/2413/1731
f 1914/2570/1777 1920/2575/1781 1919/2573/1581 1913/2569/1677
f 1915/2571/1878 1921/2576/1880 1920/2575/1781 1914/2570/1777
f 1916/2572/1879 1922/2577/1881 1921/2576/1880 1915/2571/1878
f 14/502/376 15/508/379 1922/2577/1881 1916/2572/1879
f 1761/2389/1752 1834/2388/1751 1840/2490/1826 1751/2578/1882 1772/2579/1883
f 1806/2423/1779 1739/2398/1760 1737/2397/1759 1776/2580/1884
f 1919/2573/1581 1925/2581/1582 1924/2582/1586 1918/2574/1587
f 1920/2575/1781 1926/2583/1784 1925/2581/1582 1919/2573/1581
f 1921/2576/1880 1927/2584/1885 1926/2583/1784 1920/2575/1781
f 1922/2577/1881 1928/2585/1886 1927/2584/1885 1921/2576/1880
f 15/508/379 16/517/385 1928/2585/1886 1922/2577/1881
f 1751/2586/1887 1839/2587/1888 1833/2588/1889 1761/2589/1890 1772/2590/1883
f 1925/2581/1582 1932/2591/1626 1931/2592/1656 1924/2582/1586
f 1926/2583/1784 1933/2593/1786 1932/2591/1626 1925/2581/1582
f 1927/2584/1885 1934/2594/1891 1933/2593/1786 1926/2583/1784
f 1928/2585/1886 1935/2595/1892 1934/2594/1891 1927/2584/1885
f 16/517/385 17/528/392 1935/2595/1892 1928/2585/1886
f 1929/2370/1736 1936/2366/1732 20/531/393 56/530/315 18/529/315
f 2044/2596/1831 1716/2488/1825 1807/2487/1824 1802/2597/1893 1722/2598/1894
f 1932/2591/1626 1939/2599/1633 1938/2600/1655 1931/2592/1656
f 1933/2593/1786 1940/2601/1789 1939/2599/1633 1932/2591/1626
f 1934/2594/1891 1941/2602/1895 1940/2601/1789 1933/2593/1786
f 1935/2595/1892 1942/2603/1896 1941/2602/1895 1934/2594/1891
f 17/528/392 19/540/398 1942/2603/1896 1935/2595/1892
f 1936/2366/1732 1943/2163/1590 22/542/399 57/541/320 20/531/393
f 1938/2600/1655 1945/2604/1670 1944/2164/1591 1937/2367/1733
f 1939/2599/1633 1946/2605/1636 1945/2604/1670 1938/2600/1655
f 1940/2601/1789 1947/2606/1790 1946/2605/1636 1939/2599/1633
f 1941/2602/1895 1948/2607/1897 1947/2606/1790 1940/2601/1789
f 1942/2603/1896 1949/2608/1898 1948/2607/1897 1941/2602/1895
f 19/540/398 21/548/402 1949/2608/1898 1942/2603/1896
f 1943/2163/1590 1950/2162/1589 24/550/403 58/549/326 22/542/399
f 1945/2604/1670 1952/2609/1705 1951/2165/1592 1944/2164/1591
f 1946/2605/1636 1953/2610/1551 1952/2609/1705 1945/2604/1670
f 1947/2606/1790 1954/2611/1799 1953/2610/1551 1946/2605/1636
f 1948/2607/1897 1955/2612/1899 1954/2611/1799 1947/2606/1790
f 1949/2608/1898 1956/2613/1900 1955/2612/1899 1948/2607/1897
f 21/548/402 23/556/406 1956/2613/1900 1949/2608/1898
f 1950/2162/1589 1957/2614/1901 26/558/407 59/557/332 24/550/403
f 1965/2615/1902 1964/2616/1903 1957/2614/1901 1958/2617/1904
f 1952/2609/1705 1959/2618/1692 1958/2617/1904 1951/2165/1592
f 1953/2610/1551 1960/2619/1550 1959/2618/1692 1952/2609/1705
f 1954/2611/1799 1961/2620/1801 1960/2619/1550 1953/2610/1551
f 1955/2612/1899 1962/2621/1905 1961/2620/1801 1954/2611/1799
f 1956/2613/1900 1963/2622/1906 1962/2621/1905 1955/2612/1899
f 23/556/406 25/568/414 1963/2622/1906 1956/2613/1900
f 1957/2614/1901 1964/2616/1903 28/570/415 60/569/339 26/558/407
f 1958/2617/1904 1957/2614/1901 1950/2162/1589 1951/2165/1592
f 1959/2618/1692 1966/2623/1688 1965/2615/1902 1958/2617/1904
f 1960/2619/1550 1967/2624/1560 1966/2623/1688 1959/2618/1692
f 1961/2620/1801 1968/2625/1804 1967/2624/1560 1960/2619/1550
f 1962/2621/1905 1969/2626/1907 1968/2625/1804 1961/2620/1801
f 1963/2622/1906 1970/2627/1908 1969/2626/1907 1962/2621/1905
f 25/568/414 27/576/418 1970/2627/1908 1963/2622/1906
f 1964/2616/1903 1971/2187/1614 30/578/419 61/577/344 28/570/415
f 1966/2623/1688 1973/2628/1686 1972/2188/1615 1965/2615/1902
f 1967/2624/1560 1974/2629/1569 1973/2628/1686 1966/2623/1688
f 1968/2625/1804 1975/2630/1806 1974/2629/1569 1967/2624/1560
f 1969/2626/1907 1976/2631/1909 1975/2630/1806 1968/2625/1804
f 1970/2627/1908 1977/2632/1910 1976/2631/1909 1969/2626/1907
f 27/576/418 29/584/422 1977/2632/1910 1970/2627/1908
f 1971/2187/1614 1978/2186/1613 32/586/423 62/585/351 30/578/419
f 1973/2628/1686 1980/2633/1673 1979/2185/1612 1972/2188/1615
f 1974/2629/1569 1981/2634/1618 1980/2633/1673 1973/2628/1686
f 1975/2630/1806 1982/2635/1808 1981/2634/1618 1974/2629/1569
f 1976/2631/1909 1983/2636/1911 1982/2635/1808 1975/2630/1806
f 1977/2632/1910 1984/2637/1912 1983/2636/1911 1976/2631/1909
f 29/584/422 31/592/426 1984/2637/1912 1977/2632/1910
f 1978/2186/1613 1985/2239/1653 34/594/427 51/593/354 32/586/423
f 1980/2633/1673 1987/2638/1540 1986/2240/1654 1979/2185/1612
f 1981/2634/1618 1988/2639/1679 1987/2638/1540 1980/2633/1673
f 1982/2635/1808 1989/2640/1809 1988/2639/1679 1981/2634/1618
f 1983/2636/1911 1990/2641/1913 1989/2640/1809 1982/2635/1808
f 1984/2637/1912 1991/2642/1914 1990/2641/1913 1983/2636/1911
f 31/592/426 33/600/430 1991/2642/1914 1984/2637/1912
f 1985/2239/1653 1992/2375/1741 36/602/431 52/601/357 34/594/427
f 1992/2375/1741 1985/2239/1653 1986/2240/1654 1993/2376/1742
f 1987/2638/1540 1994/2643/1810 1993/2376/1742 1986/2240/1654
f 1988/2639/1679 1995/2644/1630 1994/2643/1810 1987/2638/1540
f 1989/2640/1809 1996/2645/1576 1995/2644/1630 1988/2639/1679
f 1990/2641/1913 1997/2646/1915 1996/2645/1576 1989/2640/1809
f 1991/2642/1914 1998/2647/1916 1997/2646/1915 1990/2641/1913
f 33/600/430 35/608/434 1998/2647/1916 1991/2642/1914
f 1972/2188/1615 1971/2187/1614 1964/2616/1903 1965/2615/1902
f 1992/2375/1741 1999/2374/1740 38/610/435 53/609/362 36/602/431
f 1994/2643/1810 2001/2648/1811 2000/2373/1739 1993/2376/1742
f 1995/2644/1630 2002/2649/1629 2001/2648/1811 1994/2643/1810
f 1996/2645/1576 2003/2650/1575 2002/2649/1629 1995/2644/1630
f 1997/2646/1915 2004/2651/1917 2003/2650/1575 1996/2645/1576
f 1998/2647/1916 2005/2652/1918 2004/2651/1917 1997/2646/1915
f 35/608/434 37/616/438 2005/2652/1918 1998/2647/1916
f 1999/2374/1740 2006/2653/1919 40/618/439 54/617/369 38/610/435
f 2001/2648/1811 2008/2654/1812 2007/2655/1920 2000/2373/1739
f 2002/2649/1629 2009/2656/1660 2008/2654/1812 2001/2648/1811
f 2003/2650/1575 2010/2657/1734 2009/2656/1660 2002/2649/1629
f 2004/2651/1917 2011/2658/1921 2010/2657/1734 2003/2650/1575
f 2005/2652/1918 2012/2659/1922 2011/2658/1921 2004/2651/1917
f 37/616/438 39/626/444 2012/2659/1922 2005/2652/1918
f 2009/2656/1660 2016/2660/1571 2015/2661/1813 2008/2654/1812
f 2010/2657/1734 2017/2662/1737 2016/2660/1571 2009/2656/1660
f 2011/2658/1921 2018/2663/1923 2017/2662/1737 2010/2657/1734
f 2012/2659/1922 2019/2664/1924 2018/2663/1923 2011/2658/1921
f 39/626/444 41/632/447 2019/2664/1924 2012/2659/1922
f 2014/2665/1925 2021/2666/1926 2020/2438/1793 2013/2437/1792
f 2015/2661/1813 2022/2667/1814 2021/2666/1926 2014/2665/1925
f 2016/2660/1571 2023/2668/1558 2022/2667/1814 2015/2661/1813
f 2017/2662/1737 2024/2669/1738 2023/2668/1558 2016/2660/1571
f 2018/2663/1923 2025/2670/1927 2024/2669/1738 2017/2662/1737
f 2019/2664/1924 2026/2671/1928 2025/2670/1927 2018/2663/1923
f 41/632/447 43/640/452 2026/2671/1928 2019/2664/1924
f 2021/2666/1926 2028/2672/1929 2027/2673/1930 2020/2438/1793
f 2022/2667/1814 2029/2674/1931 2028/2672/1929 2021/2666/1926
f 2023/2668/1558 2030/2675/1932 2029/2674/1931 2022/2667/1814
f 2024/2669/1738 2031/2676/1933 2030/2675/1932 2023/2668/1558
f 2025/2670/1927 2032/2677/1934 2031/2676/1933 2024/2669/1738
f 2026/2671/1928 2033/2678/1935 2032/2677/1934 2025/2670/1927
f 1561/2679/1936 1563/2680/1937 1560/2681/1938
f 1563/2680/1937 1565/2682/1939 1560/2681/1938
f 1565/2682/1939 1567/2683/1940 1560/2681/1938
f 1567/2683/1940 1569/2684/1941 1560/2681/1938
f 1569/2684/1941 1570/2685/1942 1560/2681/1938
f 1570/2685/1942 1572/2686/1943 1560/2681/1938
f 1572/2686/1943 1574/2687/1944 1560/2681/1938
f 1574/2687/1944 1575/2688/1945 1560/2681/1938
f 1575/2688/1945 1576/2689/1946 1560/2681/1938
f 1576/2689/1946 1578/2690/1947 1560/2681/1938
f 1578/2690/1947 1580/2691/1948 1560/2681/1938
f 1580/2691/1948 1582/2692/1949 1560/2681/1938
f 1582/2692/1949 1584/2693/1950 1560/2681/1938
f 1584/2693/1950 1586/2694/1951 1560/2681/1938
f 1586/2694/1951 1588/2695/1952 1560/2681/1938
f 1588/2695/1952 1590/2696/1953 1560/2681/1938
f 1590/2696/1953 1592/2224/1644 1560/2681/1938
f 1592/2224/1644 1594/2223/1643 1560/2681/1938
f 1594/2223/1643 1597/2322/1709 1560/2681/1938
f 1597/2322/1709 1600/2328/1713 1560/2681/1938
f 1600/2328/1713 1602/2346/1722 1560/2681/1938
f 1605/2087/1520 1607/2098/1531 1560/2681/1938
f 1607/2098/1531 1609/2255/1665 1560/2681/1938
f 1609/2255/1665 1611/2279/1684 1560/2681/1938
f 1611/2279/1684 1613/2302/1694 1560/2681/1938
f 1613/2302/1694 1615/2172/1599 1560/2681/1938
f 1615/2172/1599 1617/2171/1598 1560/2681/1938
f 1617/2171/1598 1619/2176/1603 2087/2697/1954 2086/2698/1955 1560/2681/1938
f 1606/2359/1727 1693/2207/1630 1702/2206/1629 1672/2252/1662 1604/2699/1956
f 2008/2654/1812 2015/2661/1813 2014/2665/1925 2007/2655/1920
f 1701/2104/1537 1645/2103/1536 1642/2235/1594 1679/2234/1652 1696/2700/1957
f 2048/2701/1958 2050/2702/1959 1829/2703/1960 1825/2704/1961 2051/2705/1962
f 2048/2706/1958 2051/2707/1963 1826/2470/1814 1830/2387/1750 2050/2386/1749
f 1937/2367/1733 1930/2369/1735 1931/2592/1656 1938/2600/1655
f 1917/2708/1780 1918/2574/1587 1924/2582/1586 1923/2709/1964 2232/2710/1965
f 1887/2402/1763 1881/2711/1966 2038/2712/1967 1806/2713/1769 1820/2403/1764
f 1924/2582/1586 1931/2592/1656 1930/2369/1735 1923/2709/1964
f 2035/2714/1761 1820/2407/1768 1888/2406/1767 1894/2551/1866 2034/2400/1762
f 2034/2400/1762 1894/2551/1866 1900/2559/1872 1899/2715/1968 1893/2401/1762
f 1906/2412/1717 1905/2411/1772 1899/2715/1968 1900/2559/1872
f 1911/2414/1773 1912/2413/1731 1918/2574/1587 1917/2708/1780
f 1846/2498/1832 1852/2505/1837 2046/2510/1840 1746/2716/1969 2043/2717/1970
f 1851/2309/1701 1845/2718/1971 2043/2719/1972 1746/2720/1969 2046/2310/1702
f 1840/2490/1826 1846/2498/1832 2043/2717/1970 1756/2721/1973 1751/2578/1882
f 1845/2718/1971 1839/2587/1888 1751/2586/1887 1756/2722/1973 2043/2719/1972
f 1756/2503/1836 1724/2382/1746 1721/2381/1745 1772/2723/1974
f 1829/2703/1960 2050/2702/1959 1767/2724/1753 1761/2589/1890 1833/2588/1889
f 1599/2088/1521 1605/2087/1520 1560/2681/1938
f 1772/2723/1974 1721/2381/1745 1718/2380/1744 1767/2725/1975
f 1882/2405/1766 2038/2409/1770 1776/2726/1976 2045/2567/1877 1876/2536/1858
f 1776/2580/1884 1737/2397/1759 1735/2393/1756 1811/2727/1977
f 1811/2727/1977 1735/2393/1756 1733/2392/1755 2037/2728/1978
f 2037/2728/1978 1733/2392/1755 1731/2391/1754 2040/2729/1979
f 2040/2729/1979 1731/2391/1754 1729/2385/1748 2042/2730/1980
f 2042/2730/1980 1729/2385/1748 1727/2383/1747 1746/2502/1835
f 1602/2346/1722 1599/2088/1521 1560/2681/1938
f 1599/2088/1521 1602/2346/1722 1625/2345/1552 1596/2731/1553 1603/2089/1522
f 2049/2732/1981 1712/2372/1738 1709/2371/1737 1707/2733/1982
f 2048/2734/1983 1715/2377/1743 1712/2372/1738 2049/2732/1981
f 1713/2735/1984 1706/2368/1734 1703/2147/1575 1719/2146/1574
f 1767/2725/1975 1718/2380/1744 1715/2377/1743 2048/2734/1983
f 1713/2736/1985 1704/2737/1985 1707/2738/1985
f 2047/2739/1986 1821/2740/1987 1816/2479/1819 1704/2478/1818 1707/2741/1988
f 1817/2464/1812 1822/2467/1813 2047/2742/1989 1707/2743/1988 1704/2473/1816
f 2051/2705/1962 1825/2704/1961 1821/2740/1987 2047/2739/1986 2049/2744/1990
f 2049/2745/1990 2047/2742/1989 1822/2467/1813 1826/2470/1814 2051/2707/1963
f 2085/2746/1580 1671/2275/1581 1675/2202/1582 1643/2201/1583 1640/2747/1584
f 2066/2748/1991 1639/2230/1593 1642/2235/1594 2068/2749/1595 2065/2750/1596
f 2068/2749/1595 1642/2235/1594 1645/2103/1536 2070/2751/1725 2067/2752/1726
f 2070/2751/1725 1645/2103/1536 1648/2102/1535 2072/2753/1720 2069/2754/1798
f 1648/2102/1535 1651/2110/1543 2074/2755/1641 2071/2756/1719 2072/2753/1720
f 1651/2110/1543 1654/2113/1546 2076/2757/1639 2073/2758/1640 2074/2755/1641
f 1654/2113/1546 1658/2116/1549 2078/2759/1757 2075/2760/1758 2076/2757/1639
f 1658/2116/1549 1661/2123/1555 2079/2761/1724 2077/2762/1783 2078/2759/1757
f 1661/2123/1555 1665/2258/1668 2081/2763/1723 2080/2764/1715 2079/2761/1724
f 1577/2268/1677 1671/2275/1581 2085/2746/1580 2084/2765/1803 2083/2766/1788
f 1665/2258/1668 1577/2268/1677 2083/2766/1788 2082/2767/1729 2081/2763/1723
f 2058/2768/1528 1627/2191/1527 1630/2198/1567 2060/2769/1566 2057/2770/1573
f 2060/2769/1566 1630/2198/1567 1633/2210/1562 2062/2771/1561 2059/2772/1568
f 2062/2771/1561 1633/2210/1562 1636/2227/1563 2063/2773/1564 2061/2774/1565
f 1881/2711/1966 1875/2555/1869 2045/2557/1871 1776/2775/1976 2038/2712/1967
f 2064/2776/1776 2063/2773/1564 1636/2227/1563 1639/2230/1593 2066/2748/1991
f 1561/2679/1936 1560/2681/1938 2086/2698/1955
f 2006/2653/1919 2013/2437/1792 2088/2436/1791 42/351/273 55/746/372 40/618/439
f 2006/2653/1919 2007/2655/1920 2014/2665/1925 2013/2437/1792
f 2054/2777/1610 1563/2680/1937 1561/2679/1936 2056/2778/1992 2053/2779/1609
f 2055/2780/1617 1565/2682/1939 1563/2680/1937 2054/2777/1610 2052/2781/1616
f 2058/2782/1622 2057/2783/1623 1567/2683/1940 1565/2682/1939 2055/2780/1617
f 2059/2784/1632 1569/2684/1941 1567/2683/1940 2057/2783/1623 2060/2785/1631
f 2062/2786/1647 2061/2787/1648 1570/2685/1942 1569/2684/1941 2059/2784/1632
f 2063/2788/1649 2064/2789/1650 1572/2686/1943 1570/2685/1942 2061/2787/1648
f 2065/2790/1652 1574/2687/1944 1572/2686/1943 2064/2789/1650 2066/2791/1651
f 2067/2792/1537 1575/2688/1945 1574/2687/1944 2065/2790/1652 2068/2793/1957
f 2069/2794/1534 1576/2689/1946 1575/2688/1945 2067/2792/1537 2070/2795/1533
f 2071/2796/1542 1578/2690/1947 1576/2689/1946 2069/2794/1534 2072/2797/1541
f 2073/2798/1545 1580/2691/1948 1578/2690/1947 2071/2796/1542 2074/2799/1544
f 2075/2800/1548 1582/2692/1949 1580/2691/1948 2073/2798/1545 2076/2801/1547
f 2077/2802/1554 1584/2693/1950 1582/2692/1949 2075/2800/1548 2078/2803/1556
f 2080/2804/1667 1586/2694/1951 1584/2693/1950 2077/2802/1554 2079/2805/1669
f 2082/2806/1676 1588/2695/1952 1586/2694/1951 2080/2804/1667 2081/2807/1678
f 2084/2808/1680 1590/2696/1953 1588/2695/1952 2082/2806/1676 2083/2809/1681
f 2085/2810/1685 1640/2225/1645 1592/2224/1644 1590/2696/1953 2084/2808/1680
f 2056/2811/1993 1621/2181/1608 1624/2184/1611 2052/2812/1994 2054/2813/1995 2053/2814/1995
f 2055/2815/1529 2052/2812/1994 1624/2184/1611 1627/2191/1527 2058/2768/1528
f 2056/2778/1992 1561/2679/1936 2086/2698/1955 2087/2697/1954
f 1619/2176/1603 1621/2181/1608 2056/2811/1993 2087/2697/1954
f 1799/2264/1673 1725/2263/1672 1722/2598/1894 1802/2597/1893 1798/2453/1807
f 43/640/452 45/786/520 2033/2678/1935 2026/2671/1928
f 2034/2816/1996 2036/2817/1997 2035/2818/1998
f 1820/2819/1999 2035/2820/1999 1806/791/1999
f 2038/2821/2000 1806/2822/2000 1776/794/2000
f 2045/2823/2001 1776/2824/2001 1811/2825/2001
f 2039/2826/2002 1811/2827/2002 2037/2828/2002
f 2041/2829/2003 2037/2830/2003 2040/2831/2003
f 1777/2832/2004 2040/2833/2004 2042/2834/2004
f 2046/2835/2005 2042/2836/2005 1746/2837/2005
f 2043/2838/2006 1746/2839/2006 1756/2840/2006
f 1751/2841/2007 1756/2842/2007 1772/2843/2007
f 1761/2844/2008 1772/2845/2008 1767/2846/2008
f 2050/2847/2009 1767/2848/2009 2048/821/2009
f 2051/2849/2010 2048/2850/2010 2049/2851/2010
f 2047/2852/2011 2049/2853/2011 1707/2854/2011
f 1706/2368/1734 1713/2735/1984 1707/2733/1982 1709/2371/1737
f 1710/2855/2012 1713/2856/2012 1719/2857/2012
f 1716/2858/2013 1719/2859/2013 2044/2860/2013
f 2006/2653/1919 1999/2374/1740 2000/2373/1739 2007/2655/1920
f 2107/2861/2014 2112/2862/2015 2100/2863/2016
f 2123/2864/2017 2099/2865/2018 2098/2866/2019
f 2099/2865/2018 2094/2867/2020 2095/2868/2021
f 2112/2869/2022 2102/2870/1909 2101/2871/1907 2123/2872/2023
f 2093/2873/2024 2110/2874/1897 2142/2875/2025
f 2094/2867/2020 2093/2876/2026 2090/2877/2027
f 2102/2870/1909 2117/2878/1911 1801/2455/1808 1797/2452/1806
f 2101/2871/1907 2102/2870/1909 1797/2452/1806 1793/2450/1804
f 2097/2879/1905 2101/2871/1907 1793/2450/1804 1789/2447/1801
f 2119/2880/1915 2116/2881/1917 1815/2462/1575 1810/2459/1576
f 2116/2881/1917 2121/2882/2028 1819/2465/1734 1815/2462/1575
f 2110/2874/1897 2111/2883/1899 1785/2445/1799 1781/2435/1790
f 2126/2884/2029 2130/2885/2030 2143/2886/2031
f 2111/2883/1899 2097/2879/1905 1789/2447/1801 1785/2445/1799
f 2117/2878/1911 2118/2887/1913 1805/2456/1809 1801/2455/1808
f 2118/2887/1913 2119/2880/1915 1810/2459/1576 1805/2456/1809
f 2121/2882/2028 2124/2888/2032 1824/2468/1737 1819/2465/1734
f 2120/2889/2033 2121/2882/2028 2116/2881/1917 2109/2890/2034
f 2124/2888/2032 2125/2891/2035 1828/2471/1738 1824/2468/1737
f 2125/2891/2035 2127/2892/2036 1832/2476/1743 1828/2471/1738
f 2126/2884/2029 2128/2893/2037 2127/2892/2036 2125/2891/2035
f 2106/2894/2038 2104/2895/2039 2105/2896/2040
f 2127/2892/2036 1837/2492/1827 1836/2483/1744 1832/2476/1743
f 2128/2893/2037 1838/2494/1829 1837/2492/1827 2127/2892/2036
f 47/871/566 1/412/314 1838/2494/1829
f 2036/2817/1997 2138/2897/2041 2115/2898/2042
f 2107/2861/2014 2103/2899/2043 2104/2895/2039
f 2130/2900/2044 2120/2901/2045 2129/2902/2046
f 2106/2894/2038 2113/2903/2047 2109/2904/2048
f 2141/2905/2049 1755/2420/1777 1750/2417/1775 2115/2906/2050
f 2136/2907/2051 1760/2425/1781 1755/2420/1777 2141/2905/2049
f 2096/2908/2052 1766/2434/1789 1771/2430/1786 2114/2909/2053
f 2142/2875/2025 2110/2874/1897 1781/2435/1790 1766/2434/1789 2096/2908/2052
f 2114/2909/2053 1771/2430/1786 1765/2428/1784 2134/2910/2054
f 2136/2911/2055 2139/2912/2056 2134/2913/2057
f 2126/2884/2029 2125/2891/2035 2124/2888/2032 2130/2885/2030
f 2128/2893/2037 2126/2884/2029 2132/2914/2058 2144/2915/2059
f 2124/2888/2032 2121/2882/2028 2120/2889/2033 2130/2885/2030
f 2133/2916/2060 2120/2901/2045 2109/2904/2048
f 2119/2880/1915 2106/2917/2061 2109/2890/2034 2116/2881/1917
f 2119/2880/1915 2118/2887/1913 2104/2918/2062 2106/2917/2061
f 2117/2878/1911 2107/2919/2063 2104/2918/2062 2118/2887/1913
f 2117/2878/1911 2102/2870/1909 2112/2869/2022 2107/2919/2063
f 2108/2920/2064 2112/2862/2015 2123/2864/2017
f 2101/2871/1907 2097/2879/1905 2099/2921/2065 2123/2872/2023
f 2097/2879/1905 2111/2883/1899 2094/2922/2066 2099/2921/2065
f 2111/2883/1899 2110/2874/1897 2093/2873/2024 2094/2922/2066
f 2092/2923/2067 2142/2924/2068 2096/2925/2069
f 2091/2926/2070 2093/2876/2026 2142/2924/2068 2092/2923/2067
f 2122/2927/2071 2096/2925/2069 2114/2928/2072
f 2137/2929/2073 2114/2928/2072 2134/2913/2057
f 1760/2425/1781 2136/2907/2051 2134/2910/2054 1765/2428/1784
f 2135/2930/2074 2136/2911/2055 2141/2931/2075
f 2140/2932/2076 2141/2931/2075 2115/2898/2042
f 1745/2410/1771 2036/2442/1796 2115/2906/2050 1750/2417/1775
f 2132/2914/2058 2126/2884/2029 2143/2886/2031
f 2131/2933/2077 2128/2893/2037 2144/2915/2059
f 2131/2933/2077 47/871/566 1838/2494/1829 2128/2893/2037
f 44/352/274 2089/2439/1794 2020/2438/1793 2027/2673/1930 46/2934/604
f 2153/910/2078 2146/913/2078 2145/912/2078 2162/911/2078
f 2150/914/2079 2148/916/2079 2147/915/2079
f 2173/2935/2080 2174/2936/2081 2175/2937/2082
f 2165/920/2083 2163/922/2083 2174/921/2083
f 2177/923/2084 2160/924/2084 2163/922/2084
f 2184/925/2085 2164/926/2085 2160/924/2085
f 2178/927/2086 2176/928/2086 2164/926/2086
f 2180/929/2087 2179/930/2087 2176/928/2087
f 2161/931/2088 2181/932/2088 2179/930/2088
f 2185/933/2089 2154/934/2089 2181/932/2089
f 2182/935/2090 2156/936/2090 2154/934/2090
f 2155/937/2091 2159/938/2091 2156/936/2091
f 2157/939/2092 2158/940/2092 2159/938/2092
f 2189/941/2093 2187/942/2093 2158/940/2093
f 2190/943/2094 2188/944/2094 2187/942/2094
f 2186/945/2095 2148/916/2095 2188/944/2095
f 2149/946/2096 2152/947/2096 2150/914/2096
f 2151/948/2097 2183/949/2097 2152/947/2097
f 2205/2938/2098 2200/2939/2099 2209/2940/2100
f 2215/2941/2101 2198/2942/2102 2199/2943/2103
f 2199/2943/2103 2196/2944/2104 2195/2945/2105
f 2194/2946/2106 2229/2947/2106 2208/2948/2106
f 2195/2945/2105 2191/2949/2107 2194/2950/2108
f 2204/2951/2109 2203/2952/2110 2202/2953/2111
f 2175/2937/2082 2212/2954/2112 2225/2955/2113
f 2205/2938/2098 2202/2953/2111 2201/2956/2114
f 2217/2957/2115 2216/2958/2116 2213/2959/2117
f 2204/2951/2109 2207/2960/2118 2210/2961/2119
f 2223/2962/2120 2221/2963/2121 2226/2964/2122
f 2220/2965/2123 2207/2960/2118 2213/2959/2117
f 2206/2966/2124 2215/2941/2101 2209/2940/2100
f 2193/2967/2125 2197/2968/2126 2229/2969/2127
f 2192/2970/2128 2193/2967/2125 2229/2969/2127 2194/2950/2108
f 2214/2971/2129 2211/2972/2130 2197/2968/2126
f 2224/2973/2131 2221/2963/2121 2211/2972/2130
f 2222/2974/2132 2228/2975/2133 2223/2962/2120
f 2227/2976/2134 2212/2954/2112 2228/2975/2133
f 46/2934/604 2027/2673/1930 2166/2977/662 49/2978/662
f 2027/2673/1930 2028/2672/1929 2167/2979/662 2166/2977/662
f 2028/2672/1929 2029/2674/1931 2168/2980/662 2167/2979/662
f 2029/2674/1931 2030/2675/1932 2169/2981/662 2168/2980/662
f 2030/2675/1932 2031/2676/1933 2170/2982/662 2169/2981/662
f 2031/2676/1933 2032/2677/1934 2171/2983/662 2170/2982/662
f 2032/2677/1934 2033/2678/1935 2172/2984/662 2171/2983/662
f 2033/2678/1935 45/786/520 48/997/662 2172/2984/662
f 2036/2817/1997 2034/2816/1996 2173/2935/2080 2175/2937/2082
f 2130/2900/2044 2129/2902/2046 2216/2958/2116 2217/2957/2115
f 2107/2861/2014 2100/2863/2016 2200/2939/2099 2205/2938/2098
f 2095/2868/2021 2094/2867/2020 2195/2945/2105 2196/2944/2104
f 2112/2862/2015 2108/2920/2064 2206/2966/2124 2209/2940/2100
f 2106/2894/2038 2105/2896/2040 2203/2952/2110 2204/2951/2109
f 2122/2927/2071 2114/2928/2072 2211/2972/2130 2214/2971/2129
f 2098/2866/2019 2099/2865/2018 2199/2943/2103 2198/2942/2102
f 2091/2926/2070 2092/2923/2067 2193/2967/2125 2192/2970/2128
f 2108/2920/2064 2123/2864/2017 2215/2941/2101 2206/2966/2124
f 2133/2916/2060 2109/2904/2048 2207/2960/2118 2220/2965/2123
f 2099/2865/2018 2095/2868/2021 2196/2944/2104 2199/2943/2103
f 2096/2925/2069 2122/2927/2071 2214/2971/2129 2197/2968/2126
f 2100/2863/2016 2112/2862/2015 2209/2940/2100 2200/2939/2099
f 2123/2864/2017 2098/2866/2019 2198/2942/2102 2215/2941/2101
f 2094/2867/2020 2090/2877/2027 2191/2949/2107 2195/2945/2105
f 2103/2899/2043 2107/2861/2014 2205/2938/2098 2201/2956/2114
f 2104/2895/2039 2103/2899/2043 2201/2956/2114 2202/2953/2111
f 2105/2896/2040 2104/2895/2039 2202/2953/2111 2203/2952/2110
f 2090/2877/2027 2093/2876/2026 2194/2950/2108 2191/2949/2107
f 2109/2904/2048 2113/2903/2047 2210/2961/2119 2207/2960/2118
f 2093/2876/2026 2091/2926/2070 2192/2970/2128 2194/2950/2108
f 2135/2930/2074 2141/2931/2075 2228/2975/2133 2222/2974/2132
f 2136/2911/2055 2135/2930/2074 2222/2974/2132 2223/2962/2120
f 2141/2931/2075 2140/2932/2076 2227/2976/2134 2228/2975/2133
f 2140/2932/2076 2115/2898/2042 2212/2954/2112 2227/2976/2134
f 2115/2898/2042 2138/2897/2041 2225/2955/2113 2212/2954/2112
f 2114/2928/2072 2137/2929/2073 2224/2973/2131 2211/2972/2130
f 2137/2929/2073 2134/2913/2057 2221/2963/2121 2224/2973/2131
f 2134/2913/2057 2139/2912/2056 2226/2964/2122 2221/2963/2121
f 2139/2912/2056 2136/2911/2055 2223/2962/2120 2226/2964/2122
f 2129/2902/2046 2120/2901/2045 2213/2959/2117 2216/2958/2116
f 2092/2923/2067 2096/2925/2069 2197/2968/2126 2193/2967/2125
f 2113/2903/2047 2106/2894/2038 2204/2951/2109 2210/2961/2119
f 2120/2901/2045 2133/2916/2060 2220/2965/2123 2213/2959/2117
f 47/998/663 2131/2985/2135 2218/2986/2136 50/999/663
f 2131/2985/2135 2144/2987/2137 2231/2988/2138 2218/2986/2136
f 2144/2987/2137 2132/2989/2139 2219/2990/2140 2231/2988/2138
f 2132/2989/2139 2143/2991/2141 2230/2992/2142 2219/2990/2140
f 2143/2991/2141 2130/2900/2044 2217/2957/2115 2230/2992/2142
f 2138/2897/2041 2036/2817/1997 2175/2937/2082 2225/2955/2113
f 2211/2993/2143 2232/2710/1965 1923/2709/1964
f 2234/2994/2144 2237/2995/2145 737/1011/675 736/1010/674
f 2235/2996/2146 2238/2997/2147 2237/2995/2145 2234/2994/2144
f 2237/2995/2145 2239/2998/2148 738/1015/679 737/1011/675
f 2238/2997/2147 2240/2999/2149 2239/2998/2148 2237/2995/2145
f 2239/2998/2148 2241/3000/2150 739/1018/682 738/1015/679
f 2240/2999/2149 2242/3001/2151 2241/3000/2150 2239/2998/2148
f 2241/3000/2150 2243/3002/2152 740/1021/566 739/1018/682
f 2242/3001/2151 2244/3003/2153 2243/3002/2152 2241/3000/2150
f 2243/3002/2152 2245/3004/2154 741/1024/687 740/1021/566
f 2244/3003/2153 2246/3005/2155 2245/3004/2154 2243/3002/2152
f 2245/3004/2154 2247/3006/1732 742/1027/393 741/1024/687
f 2246/3005/2155 2248/3007/2156 2247/3006/1732 2245/3004/2154
f 2247/3006/1732 2249/3008/1590 743/1030/399 742/1027/393
f 2248/3007/2156 2250/3009/2157 2249/3008/1590 2247/3006/1732
f 2249/3008/1590 2251/3010/1589 744/1033/403 743/1030/399
f 2250/3009/2157 2252/3011/2158 2251/3010/1589 2249/3008/1590
f 2251/3010/1589 2253/3012/1901 745/1036/407 744/1033/403
f 2252/3011/2158 2254/3013/2159 2253/3012/1901 2251/3010/1589
f 2253/3012/1901 2255/3014/1903 746/1039/415 745/1036/407
f 2254/3013/2159 2256/3015/2160 2255/3014/1903 2253/3012/1901
f 2255/3014/1903 2257/3016/1614 747/1042/419 746/1039/415
f 2256/3015/2160 2258/3017/2161 2257/3016/1614 2255/3014/1903
f 2257/3016/1614 2259/3018/1613 748/1045/423 747/1042/419
f 2258/3017/2161 2260/3019/2162 2259/3018/1613 2257/3016/1614
f 2259/3018/1613 2261/3020/1653 749/1048/427 748/1045/423
f 2260/3019/2162 2262/3021/2163 2261/3020/1653 2259/3018/1613
f 2261/3020/1653 2263/3022/1741 750/1051/431 749/1048/427
f 2262/3021/2163 2264/3023/2164 2263/3022/1741 2261/3020/1653
f 2263/3022/1741 2265/3024/1740 751/1054/435 750/1051/431
f 2264/3023/2164 2266/3025/2165 2265/3024/1740 2263/3022/1741
f 2265/3024/1740 2267/3026/1919 752/1057/439 751/1054/435
f 2266/3025/2165 2268/3027/2166 2267/3026/1919 2265/3024/1740
f 2267/3026/1919 2269/3028/1792 753/1060/273 752/1057/439
f 2268/3027/2166 2270/3029/2167 2269/3028/1792 2267/3026/1919
f 2269/3028/1792 2271/3030/1793 754/1063/274 753/1060/273
f 2270/3029/2167 2272/3031/2168 2271/3030/1793 2269/3028/1792
f 2271/3030/1793 2273/3032/2169 755/1066/703 754/1063/274
f 2272/3031/2168 2274/3033/2170 2273/3032/2169 2271/3030/1793
f 2273/3032/2169 2275/3034/2171 756/1069/706 755/1066/703
f 2274/3033/2170 2276/3035/2172 2275/3034/2171 2273/3032/2169
f 2275/3034/2171 2277/3036/2173 757/1072/709 756/1069/706
f 2276/3035/2172 2278/3037/2174 2277/3036/2173 2275/3034/2171
f 2277/3036/2173 2279/3038/2175 758/1075/712 757/1072/709
f 2278/3037/2174 2280/3039/2176 2279/3038/2175 2277/3036/2173
f 2279/3038/2175 2281/3040/2177 759/1078/715 758/1075/712
f 2280/3039/2176 2282/3041/2178 2281/3040/2177 2279/3038/2175
f 2281/3040/2177 2283/3042/2179 760/1081/718 759/1078/715
f 2282/3041/2178 2284/3043/2180 2283/3042/2179 2281/3040/2177
f 2283/3042/2179 2285/3044/2181 761/1084/721 760/1081/718
f 2284/3043/2180 2286/3045/2182 2285/3044/2181 2283/3042/2179
f 2285/3044/2181 2287/3046/2183 762/1087/724 761/1084/721
f 2286/3045/2182 2288/3047/2184 2287/3046/2183 2285/3044/2181
f 2287/3046/2183 2289/3048/2185 763/1090/727 762/1087/724
f 2288/3047/2184 2290/3049/2186 2289/3048/2185 2287/3046/2183
f 2289/3048/2185 2291/3050/2187 764/1093/730 763/1090/727
f 2290/3049/2186 2292/3051/2188 2291/3050/2187 2289/3048/2185
f 2291/3050/2187 2293/3052/2189 765/1096/733 764/1093/730
f 2292/3051/2188 2294/3053/2190 2293/3052/2189 2291/3050/2187
f 2293/3052/2189 2295/3054/2191 766/1099/736 765/1096/733
f 2294/3053/2190 2296/3055/2192 2295/3054/2191 2293/3052/2189
f 2295/3054/2191 2297/3056/2193 767/1102/739 766/1099/736
f 2296/3055/2192 2298/3057/2194 2297/3056/2193 2295/3054/2191
f 2297/3056/2193 2299/3058/2145 768/1105/675 767/1102/739
f 2298/3057/2194 2300/3059/2147 2299/3058/2145 2297/3056/2193
f 2299/3058/2145 2301/3060/2148 769/1108/679 768/1105/675
f 2300/3059/2147 2302/3061/2149 2301/3060/2148 2299/3058/2145
f 2301/3060/2148 2303/3062/2195 770/1111/742 769/1108/679
f 2302/3061/2149 2304/3063/2151 2303/3062/2195 2301/3060/2148
f 2304/3063/2151 2920/3064/2196 2303/3062/2195
f 2350/3065/2197 2445/3066/2198 2346/3067/2199 2348/3068/2200 2344/3069/2201
f 2395/3070/2202 2391/3071/2203 2389/3072/2204 2462/3073/2205 2459/3074/2206
f 2365/3075/2207 2368/3076/2208 2445/3066/2198 2350/3065/2197 2352/3077/2209
f 2402/3078/2210 2446/3079/2211 2390/3080/2212 2393/3081/2213 2433/3082/2214
f 2467/3083/2215 2562/3084/2216 2470/3085/2217
f 2409/3086/2218 2433/3082/2214 2393/3081/2213 2396/3087/2219 2431/3088/2220
f 2431/3088/2220 2396/3087/2219 2399/3089/2221 2428/3090/2222 2313/3091/2223
f 2399/3089/2221 2403/3092/2224 2434/3093/2225 2307/3094/2226 2428/3090/2222
f 2421/3095/2227 2340/3096/2228 2343/3097/2229 2432/3098/2230 2414/3099/2231
f 2440/3100/2232 2444/3101/2233 2434/3093/2225 2403/3092/2224 2406/3102/2234
f 2397/3103/2235 2394/3104/2236 2395/3070/2202 2459/3074/2206 2456/3105/2237
f 2437/3106/2238 2336/3107/2239 2338/3108/2240 2340/3096/2228 2421/3095/2227
f 2377/3109/2241 2380/3110/2242 2371/3111/2243 2471/3112/2244 2468/3113/2245
f 2383/3114/2246 2386/3115/2247 2377/3109/2241 2468/3113/2245 2465/3116/2248
f 2437/3106/2238 2439/3117/2249 2334/3118/2250 2332/3119/2251 2336/3107/2239
f 2400/3120/2252 2398/3121/2253 2397/3103/2235 2456/3105/2237 2453/3122/2254
f 2389/3072/2204 2392/3123/2255 2383/3114/2246 2465/3116/2248 2462/3073/2205
f 2464/3124/2256 2825/3125/2257 2442/3126/2258 2448/3127/2259
f 2825/3125/2257 2467/3128/2260 2470/3129/2261 2442/3126/2258
f 2422/3130/2262 2419/3131/2263 2412/3132/2264 2514/3133/2265 2508/3134/2266
f 2412/3135/2267 2419/3136/2268 2422/3137/2269 2507/3138/2270 2513/3139/2271
f 2731/3140/2272 2732/3141/2273 2725/3142/2274 2724/3143/2275
f 2473/3144/2276 2405/3145/2277 2424/3146/2278 2441/3147/2279 2475/3148/2280
f 2362/3149/2281 2413/3150/2282 2417/3151/2283 2349/3152/2284 2360/3153/2285
f 2364/3154/2286 2404/3155/2287 2407/3156/2288 2413/3150/2282 2362/3149/2281
f 2400/3157/2289 2404/3155/2287 2364/3154/2286 2366/3158/2290 2398/3159/2291
f 2397/3160/2292 2398/3159/2291 2366/3158/2290 2369/3161/2293 2394/3162/2294
f 2760/3163/2295 2753/3164/2296 2752/3165/2297 2759/3166/2298
f 2395/3167/2299 2394/3162/2294 2369/3161/2293 2372/3168/2300 2391/3169/2301
f 2439/3117/2249 2363/3170/2302 2361/3171/2303 2359/3172/2304 2443/3173/2305
f 2389/3174/2306 2391/3169/2301 2372/3168/2300 2375/3175/2307 2392/3176/2308
f 2368/3177/2309 2365/3178/2310 2363/3170/2302 2439/3117/2249 2437/3106/2238
f 2388/3179/2311 2430/3180/2312 2379/3181/2313 2309/3182/2314 2420/3183/2315
f 2442/3184/2258 2438/3185/2316 2447/3186/2317 2448/3187/2259
f 2383/3188/2318 2392/3176/2308 2375/3175/2307 2378/3189/2319 2386/3190/2320
f 2379/3181/2313 2382/3191/2321 2373/3192/2322 2316/3193/2323 2309/3182/2314
f 2373/3192/2322 2376/3194/2324 2367/3195/2325 2401/3196/2326 2316/3193/2323
f 2481/3197/2327 2313/3198/2328 2428/3199/2329 2307/3200/2330 2483/3201/2331
f 2430/3202/2332 2388/3203/2333 2385/3204/2334 2337/3205/2335 2339/3206/2336
f 2381/3207/2337 2380/3208/2338 2377/3209/2339 2386/3190/2320 2378/3189/2319
f 2384/3210/2340 2374/3211/2341 2371/3212/2342 2380/3208/2338 2381/3207/2337
f 2405/3213/2343 2374/3211/2341 2384/3210/2340 2387/3214/2344 2424/3215/2345
f 2412/3132/2264 2415/3216/2346 2311/3217/2347 2521/3218/2348 2514/3133/2265
f 2766/3219/2349 2767/3220/2350 2760/3163/2295 2759/3166/2298
f 2526/3221/2351 2318/3222/2352 2411/3223/2353 2311/3224/2354 2520/3225/2355
f 2407/3226/2356 2404/3227/2357 2400/3120/2252 2453/3122/2254 2450/3228/2358
f 2521/3218/2348 2311/3217/2347 2411/3229/2359 2318/3230/2360 2527/3231/2361
f 2417/3232/2362 2413/3233/2363 2407/3226/2356 2450/3228/2358 2447/3186/2317
f 2361/3234/2364 2363/3235/2365 2365/3075/2207 2352/3077/2209 2354/3236/2366
f 2425/3237/2367 2435/3238/2368 2440/3100/2232 2406/3102/2234 2410/3239/2369
f 2532/3240/2370 2418/3241/2371 2408/3242/2372 2318/3222/2352 2526/3221/2351
f 2423/3243/2373 2429/3244/2374 2425/3237/2367 2410/3239/2369 2322/3245/2375
f 2324/3246/2376 2326/3247/2377 2470/3085/2217 2562/3084/2216 2563/3248/2378 2558/3249/2379
f 2426/3250/2380 2427/3251/2381 2423/3243/2373 2322/3245/2375 2416/3252/2382
f 2359/3253/2383 2361/3234/2364 2354/3236/2366 2356/3254/2384 2357/3255/2385
f 2328/3256/2386 2330/3257/2387 2324/3246/2376 2558/3249/2379 2553/3258/2388
f 2422/3259/2389 2426/3250/2380 2416/3252/2382 2420/3183/2315 2419/3260/2390
f 2324/3261/2391 2330/3262/2391 2328/3263/2392 2552/3264/2393 2557/3265/2394
f 2412/3266/2395 2419/3260/2390 2420/3183/2315 2309/3182/2314 2415/3267/2396
f 2332/3268/2397 2334/3269/2398 2328/3256/2386 2553/3258/2388 2548/3270/2399
f 2328/3263/2392 2334/3271/2400 2332/3272/2401 2547/3273/2402 2552/3264/2393
f 2338/3274/2403 2336/3275/2404 2332/3268/2397 2548/3270/2399 2543/3276/2405
f 2332/3272/2401 2336/3277/2406 2338/3278/2407 2542/3279/2408 2547/3273/2402
f 2358/3280/2409 2353/3281/2410 2355/3282/2411 2357/3255/2385 2356/3254/2384
f 2360/3153/2285 2349/3152/2284 2351/3283/2412 2353/3281/2410 2358/3280/2409
f 2823/3284/2413 2827/3285/2414 2620/3286/2415 2627/3287/2416 2529/3288/2417
f 2343/3289/2418 2340/3290/2419 2338/3274/2403 2543/3276/2405 2538/3291/2420
f 2338/3278/2407 2340/3292/2421 2343/3293/2422 2537/3294/2423 2542/3279/2408
f 2527/3231/2361 2318/3230/2360 2408/3295/2424 2418/3296/2425 2533/3297/2426
f 2379/3298/2427 2430/3202/2332 2339/3206/2336 2342/3299/2428 2382/3300/2429
f 2537/3294/2423 2343/3293/2422 2432/3301/2430 2418/3241/2371 2532/3240/2370
f 2513/3139/2271 2520/3225/2355 2311/3224/2354 2415/3302/2431 2412/3135/2267
f 2533/3297/2426 2418/3296/2425 2432/3303/2432 2343/3289/2418 2538/3291/2420
f 2373/3304/2433 2382/3300/2429 2342/3299/2428 2345/3305/2434 2376/3306/2435
f 2439/3117/2249 2443/3173/2305 2330/3307/2436 2328/3308/2437 2334/3118/2250
f 2489/3309/2438 2495/3310/2439 2429/3311/2440 2425/3312/2441 2435/3313/2442
f 2432/3098/2230 2418/3314/2443 2408/3315/2444 2401/3196/2326 2414/3099/2231
f 2479/3316/2445 2409/3317/2446 2431/3318/2447 2313/3198/2328 2481/3197/2327
f 2359/3172/2304 2357/3319/2448 2355/3320/2449 2436/3321/2450 2443/3173/2305
f 2367/3322/2451 2376/3306/2435 2345/3305/2434 2347/3323/2452 2370/3324/2453
f 2496/3325/2454 2490/3326/2455 2435/3327/2456 2425/3328/2457 2429/3329/2458
f 2330/3307/2436 2443/3173/2305 2436/3321/2450 2326/3330/2459 2324/3331/2460
f 2477/3332/2461 2475/3148/2280 2441/3147/2279 2446/3333/2462 2402/3334/2463
f 2408/3315/2444 2318/3335/2464 2411/3336/2465 2316/3193/2323 2401/3196/2326
f 2355/3320/2449 2353/3337/2466 2351/3338/2467 2438/3185/2316 2436/3321/2450
f 2495/3310/2439 2501/3339/2468 2427/3340/2469 2423/3341/2470 2429/3311/2440
f 2436/3321/2450 2438/3185/2316 2442/3184/2258 2470/3342/2261 2326/3330/2459
f 2445/3343/2471 2368/3177/2309 2437/3106/2238 2421/3095/2227 2346/3344/2472
f 2725/3142/2274 2718/3345/2473 2717/3346/2474 2724/3143/2275
f 2448/3187/2259 2447/3186/2317 2450/3228/2358 2451/3347/2475
f 2711/3348/2476 2710/3349/2477 2717/3346/2474 2718/3345/2473
f 2451/3347/2475 2450/3228/2358 2453/3122/2254 2454/3350/2478
f 2454/3350/2478 2453/3122/2254 2456/3105/2237 2457/3351/2479
f 2781/3352/2480 2774/3353/2481 2773/3354/2482 2780/3355/2483
f 2457/3351/2479 2456/3105/2237 2459/3074/2206 2460/3356/2484
f 2414/3099/2231 2341/3357/2485 2348/3358/2486 2346/3344/2472 2421/3095/2227
f 2460/3356/2484 2459/3074/2206 2462/3073/2205 2463/3359/2487
f 2463/3359/2487 2462/3073/2205 2465/3116/2248 2466/3360/2488
f 2466/3360/2488 2465/3116/2248 2468/3113/2245 2469/3361/2489
f 2469/3361/2489 2468/3113/2245 2471/3112/2244 2472/3362/2490
f 2401/3196/2326 2367/3195/2325 2370/3363/2491 2341/3357/2485 2414/3099/2231
f 2472/3362/2490 2471/3112/2244 2473/3144/2276 2474/3364/2492
f 2831/3365/2493 2517/3366/2494 2510/3367/2495 2600/3368/2496 2595/3369/2497
f 2474/3364/2492 2473/3144/2276 2475/3148/2280 2476/3370/2498
f 2476/3370/2498 2475/3148/2280 2477/3332/2461 2478/3371/2499
f 2478/3371/2499 2477/3332/2461 2479/3316/2445 2480/3372/2500
f 2485/3373/2501 2483/3201/2331 2307/3200/2330 2434/3374/2502 2444/3375/2503
f 2480/3372/2500 2479/3316/2445 2481/3197/2327 2482/3376/2504
f 2482/3376/2504 2481/3197/2327 2483/3201/2331 2484/3377/2505
f 2816/3378/2506 2582/3379/2507 2662/3380/2508 2669/3381/2509 2815/3382/2510
f 2484/3377/2505 2483/3201/2331 2485/3373/2501 2486/3383/2511
f 2656/3384/2512 2819/3385/2513 2565/3386/2514 2582/3379/2507 2663/3387/2515
f 2486/3383/2511 2485/3373/2501 2490/3326/2455 2491/3388/2516
f 2683/3389/2517 2690/3390/2518 2691/3391/2519 2684/3392/2520
f 2487/3393/2521 771/1446/1072 772/1445/1071 2493/3394/2522
f 2488/3395/2523 2487/3393/2521 2493/3394/2522 2494/3396/2524
f 2489/3309/2438 2488/3395/2523 2494/3396/2524 2495/3310/2439
f 2491/3388/2516 2490/3326/2455 2496/3325/2454 2497/3397/2525
f 2493/3394/2522 772/1445/1071 773/1451/376 2499/3398/2526
f 2494/3396/2524 2493/3394/2522 2499/3398/2526 2500/3399/2518
f 2495/3310/2439 2494/3396/2524 2500/3399/2518 2501/3339/2468
f 2471/3112/2244 2371/3111/2243 2374/3400/2527 2405/3145/2277 2473/3144/2276
f 2497/3397/2525 2496/3325/2454 2502/3401/2528 2503/3402/2529
f 2816/3403/2530 2565/3404/2531 2484/3405/2505 2486/3406/2511
f 2499/3398/2526 773/1451/376 774/1461/379 2505/3407/2532
f 2500/3399/2518 2499/3398/2526 2505/3407/2532 2506/3408/2533
f 2501/3339/2468 2500/3399/2518 2506/3408/2533 2507/3138/2270
f 2503/3402/2529 2502/3401/2528 2508/3134/2266 2509/3409/2534
f 2505/3407/2532 774/1461/379 775/1465/385 2511/3410/2535
f 2506/3408/2533 2505/3407/2532 2511/3410/2535 2512/3411/2536
f 2507/3138/2270 2506/3408/2533 2512/3411/2536 2513/3139/2271
f 2490/3326/2455 2485/3373/2501 2444/3375/2503 2440/3412/2537 2435/3327/2456
f 2509/3409/2534 2508/3134/2266 2514/3133/2265 2515/3413/2538
f 2511/3410/2535 775/1465/385 776/1470/392 2518/3414/2477
f 2512/3411/2536 2511/3410/2535 2518/3414/2477 2519/3415/2476
f 2513/3139/2271 2512/3411/2536 2519/3415/2476 2520/3225/2355
f 2515/3413/2538 2514/3133/2265 2521/3218/2348 2522/3416/2539
f 2518/3414/2477 776/1470/392 777/1474/398 2524/3417/2474
f 2519/3415/2476 2518/3414/2477 2524/3417/2474 2525/3418/2473
f 2520/3225/2355 2519/3415/2476 2525/3418/2473 2526/3221/2351
f 2502/3401/2528 2496/3325/2454 2429/3329/2458 2423/3419/2540 2427/3420/2541
f 2516/3421/2542 2527/3231/2361 2533/3297/2426 2534/3422/2543
f 2869/3423/2544 848/1485/1099 850/1484/1098 2870/3424/2545 2801/3425/2546 2794/3426/2547
f 2411/3336/2465 2311/3427/2548 2415/3267/2396 2309/3182/2314 2316/3193/2323
f 2524/3417/2474 777/1474/398 778/1488/402 2530/3428/2275
f 2525/3418/2473 2524/3417/2474 2530/3428/2275 2531/3429/2274
f 2526/3221/2351 2525/3418/2473 2531/3429/2274 2532/3240/2370
f 2817/3430/2549 2816/3403/2530 2486/3406/2511 2491/3431/2516
f 2522/3416/2539 2521/3218/2348 2527/3231/2361 2516/3421/2542
f 2530/3428/2275 778/1488/402 779/1493/406 2535/3432/2272
f 2531/3429/2274 2530/3428/2275 2535/3432/2272 2536/3433/2273
f 2532/3240/2370 2531/3429/2274 2536/3433/2273 2537/3294/2423
f 2477/3332/2461 2402/3334/2463 2433/3434/2550 2409/3317/2446 2479/3316/2445
f 2534/3422/2543 2533/3297/2426 2538/3291/2420 2539/3435/2551
f 2535/3432/2272 779/1493/406 780/1498/414 2540/3436/2552
f 2536/3433/2273 2535/3432/2272 2540/3436/2552 2541/3437/2553
f 2537/3294/2423 2536/3433/2273 2541/3437/2553 2542/3279/2408
f 2539/3435/2551 2538/3291/2420 2543/3276/2405 2544/3438/2554
f 2540/3436/2552 780/1498/414 781/1502/418 2545/3439/2555
f 2541/3437/2553 2540/3436/2552 2545/3439/2555 2546/3440/2556
f 2542/3279/2408 2541/3437/2553 2546/3440/2556 2547/3273/2402
f 2507/3138/2270 2422/3137/2269 2426/3441/2557 2427/3340/2469 2501/3339/2468
f 2544/3438/2554 2543/3276/2405 2548/3270/2399 2549/3442/2558
f 2545/3439/2555 781/1502/418 782/1507/422 2550/3443/2297
f 2546/3440/2556 2545/3439/2555 2550/3443/2297 2551/3444/2296
f 2547/3273/2402 2546/3440/2556 2551/3444/2296 2552/3264/2393
f 2549/3442/2558 2548/3270/2399 2553/3258/2388 2554/3445/2559
f 2550/3443/2297 782/1507/422 783/1511/426 2555/3446/2298
f 2551/3444/2296 2550/3443/2297 2555/3446/2298 2556/3447/2560
f 2552/3264/2393 2551/3444/2296 2556/3447/2560 2557/3265/2394
f 2502/3401/2528 2427/3420/2541 2426/3448/2561 2422/3130/2262 2508/3134/2266
f 2554/3445/2559 2553/3258/2388 2558/3249/2379 2559/3449/2562
f 2555/3446/2298 783/1511/426 784/1516/430 2560/3450/2349
f 2556/3447/2560 2555/3446/2298 2560/3450/2349 2561/3451/2563
f 2559/3449/2562 2558/3249/2379 2563/3248/2378 2564/3452/2564
f 2560/3450/2349 784/1516/430 785/1520/434 2566/3453/2482
f 2561/3451/2563 2560/3450/2349 2566/3453/2482 2567/3454/2565
f 2563/3248/2378 2562/3084/2216 2568/3455/2566 2569/3456/2567
f 2564/3452/2564 2563/3248/2378 2569/3456/2567 2570/3457/2568
f 2566/3453/2482 785/1520/434 786/1526/438 2572/3458/2483
f 2567/3454/2565 2566/3453/2482 2572/3458/2483 2573/3459/2569
f 2569/3456/2567 2568/3455/2566 2574/3460/2570 2575/3461/2571
f 2570/3457/2568 2569/3456/2567 2575/3461/2571 2576/3462/2572
f 2572/3458/2483 786/1526/438 787/1532/444 2577/3463/2573
f 2573/3459/2569 2572/3458/2483 2577/3463/2573 2578/3464/2574
f 2575/3461/2571 2574/3460/2570 2579/3465/2575 2580/3466/2576
f 2576/3462/2572 2575/3461/2571 2580/3466/2576 2581/3467/2577
f 2577/3463/2573 787/1532/444 788/1538/447 2583/3468/2578
f 2578/3464/2574 2577/3463/2573 2583/3468/2578 2584/3469/2579
f 2580/3466/2576 2579/3465/2575 2585/3470/2580 2586/3471/2254
f 2581/3467/2577 2580/3466/2576 2586/3471/2254 2587/3472/2581
f 2583/3468/2578 788/1538/447 789/1544/452 2588/3473/2546
f 2584/3469/2579 2583/3468/2578 2588/3473/2546 2589/3474/2582
f 2586/3471/2254 2585/3470/2580 2590/3475/2583 2591/3476/2584
f 2587/3472/2581 2586/3471/2254 2591/3476/2584 2592/3477/2585
f 2455/3478/2586 2458/3479/2587 2449/3480/2588 2579/3465/2575 2574/3460/2570
f 2588/3473/2546 789/1544/452 790/1553/1142 2593/3481/2589
f 2589/3474/2582 2588/3473/2546 2593/3481/2589 2594/3482/2590
f 2591/3476/2584 2590/3475/2583 2595/3369/2497 2596/3483/2206
f 2592/3477/2585 2591/3476/2584 2596/3483/2206 2597/3484/2591
f 2458/3479/2587 2455/3478/2586 2573/3459/2569 2578/3464/2574 2449/3480/2588
f 2593/3481/2589 790/1553/1142 792/1558/314 2598/3485/2592
f 2594/3482/2590 2593/3481/2589 2598/3485/2592 2599/3486/2593
f 2596/3483/2206 2595/3369/2497 2600/3368/2496 2601/3487/2594
f 2597/3484/2591 2596/3483/2206 2601/3487/2594 2602/3488/2595
f 2461/3489/2596 2464/3490/2597 2455/3478/2586 2574/3460/2570 2568/3455/2566
f 2598/3485/2592 792/1558/314 794/1565/315 2605/3491/2598
f 2599/3486/2593 2598/3485/2592 2605/3491/2598 2606/3492/2599
f 2464/3490/2597 2461/3489/2596 2567/3454/2565 2573/3459/2569 2455/3478/2586
f 2601/3487/2594 2600/3368/2496 2607/3493/2600 2608/3494/2601
f 2602/3488/2595 2601/3487/2594 2608/3494/2601 2609/3495/2602
f 2603/3496/2603 2602/3497/2595 2609/3498/2602 2610/3499/2604
f 2604/3500/2605 2603/3496/2603 2610/3499/2604 2611/3501/2606
f 791/1576/1160 2604/3500/2605 2611/3501/2606 793/1577/709
f 2467/3083/2215 2825/3502/2607 2461/3489/2596 2568/3455/2566 2562/3084/2216
f 2605/3491/2598 794/1565/315 796/1580/320 2612/3503/2608
f 2606/3492/2599 2605/3491/2598 2612/3503/2608 2613/3504/2609
f 2608/3494/2601 2607/3493/2600 2614/3505/2610 2615/3506/2245
f 2609/3495/2602 2608/3494/2601 2615/3506/2245 2616/3507/2611
f 2610/3499/2604 2609/3498/2602 2616/3508/2611 2617/3509/2612
f 2611/3501/2606 2610/3499/2604 2617/3509/2612 2618/3510/2613
f 793/1577/709 2611/3501/2606 2618/3510/2613 795/1588/712
f 2612/3503/2608 796/1580/320 798/1590/326 2619/3511/2614
f 2613/3504/2609 2612/3503/2608 2619/3511/2614 2620/3286/2415
f 2492/3512/2615 2504/3513/2616 2469/3514/2489 2472/3515/2490
f 2615/3506/2245 2614/3505/2610 2621/3516/2617 2622/3517/2618
f 2616/3507/2611 2615/3506/2245 2622/3517/2618 2623/3518/2619
f 2617/3509/2612 2616/3508/2611 2623/3519/2619 2624/3520/2620
f 2618/3510/2613 2617/3509/2612 2624/3520/2620 2625/3521/2621
f 795/1588/712 2618/3510/2613 2625/3521/2621 797/1601/715
f 2619/3511/2614 798/1590/326 800/1603/332 2626/3522/2622
f 2620/3286/2415 2619/3511/2614 2626/3522/2622 2627/3287/2416
f 2823/3284/2413 2529/3288/2417 2628/3523/2623 2621/3516/2617 2827/3285/2414
f 2622/3517/2618 2621/3516/2617 2628/3523/2623 2629/3524/2276
f 2623/3518/2619 2622/3517/2618 2629/3524/2276 2630/3525/2624
f 2624/3520/2620 2623/3519/2619 2630/3526/2624 2631/3527/2625
f 2625/3521/2621 2624/3520/2620 2631/3527/2625 2632/3528/2626
f 797/1601/715 2625/3521/2621 2632/3528/2626 799/1610/718
f 2626/3522/2622 800/1603/332 802/1612/339 2633/3529/2627
f 2627/3287/2416 2626/3522/2622 2633/3529/2627 2634/3530/2628
f 2821/3531/2629 2529/3288/2417 2627/3287/2416 2634/3530/2628 2822/3532/2630
f 2629/3524/2276 2628/3523/2623 2635/3533/2631 2636/3534/2280
f 2630/3525/2624 2629/3524/2276 2636/3534/2280 2637/3535/2632
f 2631/3527/2625 2630/3526/2624 2637/3536/2632 2638/3537/2633
f 2632/3528/2626 2631/3527/2625 2638/3537/2633 2639/3538/2634
f 799/1610/718 2632/3528/2626 2639/3538/2634 801/1622/721
f 2633/3529/2627 802/1612/339 804/1624/344 2640/3539/2635
f 2634/3530/2628 2633/3529/2627 2640/3539/2635 2641/3540/2636
f 2821/3531/2629 2822/3532/2630 2635/3533/2631 2628/3523/2623 2529/3288/2417
f 2636/3534/2280 2635/3533/2631 2642/3541/2637 2643/3542/2461
f 2637/3535/2632 2636/3534/2280 2643/3542/2461 2644/3543/2638
f 2638/3537/2633 2637/3536/2632 2644/3544/2638 2645/3545/2639
f 2639/3538/2634 2638/3537/2633 2645/3545/2639 2646/3546/2640
f 801/1622/721 2639/3538/2634 2646/3546/2640 803/1632/724
f 2640/3539/2635 804/1624/344 806/1634/351 2647/3547/2641
f 2641/3540/2636 2640/3539/2635 2647/3547/2641 2648/3548/2642
f 2818/3549/2643 2822/3532/2630 2634/3530/2628 2641/3540/2636 2820/3550/2644
f 2643/3542/2461 2642/3541/2637 2649/3551/2645 2650/3552/2445
f 2644/3543/2638 2643/3542/2461 2650/3552/2445 2651/3553/2646
f 2645/3545/2639 2644/3544/2638 2651/3554/2646 2652/3555/2647
f 2646/3546/2640 2645/3545/2639 2652/3555/2647 2653/3556/2648
f 803/1632/724 2646/3546/2640 2653/3556/2648 805/1644/727
f 2647/3547/2641 806/1634/351 808/1646/354 2654/3557/2649
f 2648/3548/2642 2647/3547/2641 2654/3557/2649 2655/3558/2650
f 2650/3552/2445 2649/3551/2645 2656/3384/2512 2657/3559/2327
f 2651/3553/2646 2650/3552/2445 2657/3559/2327 2658/3560/2651
f 2652/3555/2647 2651/3554/2646 2658/3561/2651 2659/3562/2652
f 2653/3556/2648 2652/3555/2647 2659/3562/2652 2660/3563/2653
f 805/1644/727 2653/3556/2648 2660/3563/2653 807/1653/730
f 2654/3557/2649 808/1646/354 810/1655/357 2661/3564/2654
f 2655/3558/2650 2654/3557/2649 2661/3564/2654 2662/3380/2508
f 2657/3559/2327 2656/3384/2512 2663/3387/2515 2664/3565/2331
f 2658/3560/2651 2657/3559/2327 2664/3565/2331 2665/3566/2655
f 2659/3562/2652 2658/3561/2651 2665/3567/2655 2666/3568/2656
f 2660/3563/2653 2659/3562/2652 2666/3568/2656 2667/3569/2657
f 807/1653/730 2660/3563/2653 2667/3569/2657 809/1661/733
f 2661/3564/2654 810/1655/357 812/1663/362 2668/3570/2658
f 2662/3380/2508 2661/3564/2654 2668/3570/2658 2669/3381/2509
f 2818/3549/2643 2820/3550/2644 2642/3541/2637 2635/3533/2631 2822/3532/2630
f 2664/3565/2331 2663/3387/2515 2670/3571/2659 2671/3572/2660
f 2665/3566/2655 2664/3565/2331 2671/3572/2660 2672/3573/2661
f 2666/3568/2656 2665/3567/2655 2672/3574/2661 2673/3575/2662
f 2667/3569/2657 2666/3568/2656 2673/3575/2662 2674/3576/2663
f 809/1661/733 2667/3569/2657 2674/3576/2663 811/1670/736
f 2668/3570/2658 812/1663/362 814/1672/369 2675/3577/2664
f 2669/3381/2509 2668/3570/2658 2675/3577/2664 2676/3578/2665
f 2648/3548/2642 2826/3579/2666 2571/3580/2667 2820/3550/2644 2641/3540/2636
f 2671/3572/2660 2670/3571/2659 2677/3581/2668 2678/3582/2669
f 2672/3573/2661 2671/3572/2660 2678/3582/2669 2679/3583/2670
f 2673/3575/2662 2672/3574/2661 2679/3584/2670 2680/3585/2671
f 2674/3576/2663 2673/3575/2662 2680/3585/2671 2681/3586/2672
f 811/1670/736 2674/3576/2663 2681/3586/2672 813/1682/739
f 2675/3577/2664 814/1672/369 816/1684/372 2682/3587/2673
f 2676/3578/2665 2675/3577/2664 2682/3587/2673 2683/3389/2517
f 2678/3582/2669 2677/3581/2668 2684/3392/2520 2685/3588/2674
f 2679/3583/2670 2678/3582/2669 2685/3588/2674 2686/3589/2675
f 2680/3585/2671 2679/3584/2670 2686/3590/2675 2687/3591/2676
f 2681/3586/2672 2680/3585/2671 2687/3591/2676 2688/3592/2677
f 813/1682/739 2681/3586/2672 2688/3592/2677 815/1690/675
f 2682/3587/2673 816/1684/372 818/1692/376 2689/3593/2526
f 2683/3389/2517 2682/3587/2673 2689/3593/2526 2690/3390/2518
f 2642/3541/2637 2820/3550/2644 2571/3580/2667 2826/3579/2666 2649/3551/2645
f 2685/3588/2674 2684/3392/2520 2691/3391/2519 2692/3594/2678
f 2686/3589/2675 2685/3588/2674 2692/3594/2678 2693/3595/2679
f 2687/3591/2676 2686/3590/2675 2693/3596/2679 2694/3597/2680
f 2688/3592/2677 2687/3591/2676 2694/3597/2680 2695/3598/2681
f 815/1690/675 2688/3592/2677 2695/3598/2681 817/1698/679
f 2689/3593/2526 818/1692/376 820/1700/379 2696/3599/2532
f 2690/3390/2518 2689/3593/2526 2696/3599/2532 2697/3600/2533
f 2692/3594/2678 2691/3391/2519 2698/3601/2682 2699/3602/2683
f 2693/3595/2679 2692/3594/2678 2699/3602/2683 2700/3603/2684
f 2694/3597/2680 2693/3596/2679 2700/3604/2684 2701/3605/2685
f 2695/3598/2681 2694/3597/2680 2701/3605/2685 2702/3606/2686
f 817/1698/679 2695/3598/2681 2702/3606/2686 819/1708/682
f 2510/3367/2495 2523/3607/2687 2498/3608/2688 2607/3493/2600 2600/3368/2496
f 2696/3599/2532 820/1700/379 822/1712/385 2703/3609/2535
f 2697/3600/2533 2696/3599/2532 2703/3609/2535 2704/3610/2536
f 2565/3404/2531 2528/3611/2689 2482/3612/2504 2484/3405/2505
f 2699/3602/2683 2698/3601/2682 2705/3613/2690 2706/3614/2691
f 2700/3603/2684 2699/3602/2683 2706/3614/2691 2707/3615/2692
f 2701/3605/2685 2700/3604/2684 2707/3616/2692 2708/3617/2693
f 2702/3606/2686 2701/3605/2685 2708/3617/2693 2709/3618/2694
f 819/1708/682 2702/3606/2686 2709/3618/2694 821/1722/566
f 2498/3608/2688 2523/3607/2687 2510/3367/2495 2599/3486/2593 2606/3492/2599
f 2703/3609/2535 822/1712/385 824/1723/392 2710/3349/2477
f 2704/3610/2536 2703/3609/2535 2710/3349/2477 2711/3348/2476
f 2706/3614/2691 2705/3613/2690 2712/3619/2695 2713/3620/2696
f 2707/3615/2692 2706/3614/2691 2713/3620/2696 2714/3621/2697
f 2708/3617/2693 2707/3616/2692 2714/3622/2697 2715/3623/2698
f 2709/3618/2694 2708/3617/2693 2715/3623/2698 2716/3624/2699
f 821/1722/566 2709/3618/2694 2716/3624/2699 823/1730/687
f 2710/3349/2477 824/1723/392 826/1731/398 2717/3346/2474
f 2825/3502/2607 2467/3625/2700 2561/3451/2563 2567/3454/2565 2461/3489/2596
f 2713/3620/2696 2712/3619/2695 2719/3626/2701 2720/3627/2702
f 2714/3621/2697 2713/3620/2696 2720/3627/2702 2721/3628/2703
f 2715/3623/2698 2714/3622/2697 2721/3629/2703 2722/3630/2704
f 2716/3624/2699 2715/3623/2698 2722/3630/2704 2723/3631/2705
f 823/1730/687 2716/3624/2699 2723/3631/2705 825/1739/393
f 2717/3346/2474 826/1731/398 828/1740/402 2724/3143/2275
f 2719/3626/2701 2718/3345/2473 2725/3142/2274 2726/3632/2706
f 2720/3627/2702 2719/3626/2701 2726/3632/2706 2727/3633/2707
f 2721/3628/2703 2720/3627/2702 2727/3633/2707 2728/3634/2708
f 2722/3630/2704 2721/3629/2703 2728/3635/2708 2729/3636/2709
f 2723/3631/2705 2722/3630/2704 2729/3636/2709 2730/3637/2710
f 825/1739/393 2723/3631/2705 2730/3637/2710 827/1747/399
f 2724/3143/2275 828/1740/402 830/1748/406 2731/3140/2272
f 2726/3632/2706 2725/3142/2274 2732/3141/2273 2733/3638/2711
f 2727/3633/2707 2726/3632/2706 2733/3638/2711 2734/3639/2712
f 2728/3634/2708 2727/3633/2707 2734/3639/2712 2735/3640/2551
f 2729/3636/2709 2728/3635/2708 2735/3641/2551 2736/3642/2713
f 2730/3637/2710 2729/3636/2709 2736/3642/2713 2737/3643/2714
f 827/1747/399 2730/3637/2710 2737/3643/2714 829/1755/403
f 2731/3140/2272 830/1748/406 832/1757/414 2738/3644/2552
f 2746/3645/2556 2739/3646/2553 2738/3644/2552 2745/3647/2555
f 2733/3638/2711 2732/3141/2273 2739/3646/2553 2740/3648/2715
f 2734/3639/2712 2733/3638/2711 2740/3648/2715 2741/3649/2716
f 2735/3640/2551 2734/3639/2712 2741/3649/2716 2742/3650/2554
f 2736/3642/2713 2735/3641/2551 2742/3651/2554 2743/3652/2717
f 2737/3643/2714 2736/3642/2713 2743/3652/2717 2744/3653/2718
f 829/1755/403 2737/3643/2714 2744/3653/2718 831/1767/407
f 2738/3644/2552 832/1757/414 834/1768/418 2745/3647/2555
f 2739/3646/2553 2732/3141/2273 2731/3140/2272 2738/3644/2552
f 2740/3648/2715 2739/3646/2553 2746/3645/2556 2747/3654/2719
f 2741/3649/2716 2740/3648/2715 2747/3654/2719 2748/3655/2720
f 2742/3650/2554 2741/3649/2716 2748/3655/2720 2749/3656/2558
f 2743/3652/2717 2742/3651/2554 2749/3657/2558 2750/3658/2721
f 2744/3653/2718 2743/3652/2717 2750/3658/2721 2751/3659/2722
f 831/1767/407 2744/3653/2718 2751/3659/2722 833/1775/415
f 2745/3647/2555 834/1768/418 836/1776/422 2752/3165/2297
f 2747/3654/2719 2746/3645/2556 2753/3164/2296 2754/3660/2723
f 2748/3655/2720 2747/3654/2719 2754/3660/2723 2755/3661/2724
f 2749/3656/2558 2748/3655/2720 2755/3661/2724 2756/3662/2559
f 2750/3658/2721 2749/3657/2558 2756/3663/2559 2757/3664/2725
f 2751/3659/2722 2750/3658/2721 2757/3664/2725 2758/3665/2726
f 833/1775/415 2751/3659/2722 2758/3665/2726 835/1783/419
f 2752/3165/2297 836/1776/422 838/1784/426 2759/3166/2298
f 2754/3660/2723 2753/3164/2296 2760/3163/2295 2761/3666/2727
f 2755/3661/2724 2754/3660/2723 2761/3666/2727 2762/3667/2728
f 2756/3662/2559 2755/3661/2724 2762/3667/2728 2763/3668/2562
f 2757/3664/2725 2756/3663/2559 2763/3669/2562 2764/3670/2729
f 2758/3665/2726 2757/3664/2725 2764/3670/2729 2765/3671/2730
f 835/1783/419 2758/3665/2726 2765/3671/2730 837/1791/423
f 2759/3166/2298 838/1784/426 840/1792/430 2766/3219/2349
f 2761/3666/2727 2760/3163/2295 2767/3220/2350 2768/3672/2731
f 2762/3667/2728 2761/3666/2727 2768/3672/2731 2769/3673/2732
f 2763/3668/2562 2762/3667/2728 2769/3673/2732 2770/3674/2564
f 2764/3670/2729 2763/3669/2562 2770/3675/2564 2771/3676/2733
f 2765/3671/2730 2764/3670/2729 2771/3676/2733 2772/3677/2734
f 837/1791/423 2765/3671/2730 2772/3677/2734 839/1799/427
f 2766/3219/2349 840/1792/430 842/1800/434 2773/3354/2482
f 2773/3354/2482 2774/3353/2481 2767/3220/2350 2766/3219/2349
f 2768/3672/2731 2767/3220/2350 2774/3353/2481 2775/3678/2735
f 2769/3673/2732 2768/3672/2731 2775/3678/2735 2776/3679/2567
f 2770/3674/2564 2769/3673/2732 2776/3679/2567 2777/3680/2568
f 2771/3676/2733 2770/3675/2564 2777/3681/2568 2778/3682/2736
f 2772/3677/2734 2771/3676/2733 2778/3682/2736 2779/3683/2737
f 839/1799/427 2772/3677/2734 2779/3683/2737 841/1807/431
f 2753/3164/2296 2746/3645/2556 2745/3647/2555 2752/3165/2297
f 2773/3354/2482 842/1800/434 844/1808/438 2780/3355/2483
f 2775/3678/2735 2774/3353/2481 2781/3352/2480 2782/3684/2738
f 2776/3679/2567 2775/3678/2735 2782/3684/2738 2783/3685/2571
f 2777/3680/2568 2776/3679/2567 2783/3685/2571 2784/3686/2572
f 2778/3682/2736 2777/3681/2568 2784/3687/2572 2785/3688/2739
f 2779/3683/2737 2778/3682/2736 2785/3688/2739 2786/3689/2740
f 841/1807/431 2779/3683/2737 2786/3689/2740 843/1815/435
f 2780/3355/2483 844/1808/438 846/1817/1296 2787/3690/2741
f 2782/3684/2738 2781/3352/2480 2788/3691/2742 2789/3692/2743
f 2783/3685/2571 2782/3684/2738 2789/3692/2743 2790/3693/2576
f 2784/3686/2572 2783/3685/2571 2790/3693/2576 2791/3694/2577
f 2785/3688/2739 2784/3687/2572 2791/3695/2577 2792/3696/2744
f 2786/3689/2740 2785/3688/2739 2792/3696/2744 2793/3697/2745
f 843/1815/435 2786/3689/2740 2793/3697/2745 845/1825/439
f 2790/3693/2576 2789/3692/2743 2796/3698/2746 2797/3699/2254
f 2791/3694/2577 2790/3693/2576 2797/3699/2254 2798/3700/2581
f 2792/3696/2744 2791/3695/2577 2798/3701/2581 2799/3702/2747
f 2793/3697/2745 2792/3696/2744 2799/3702/2747 2800/3703/2748
f 845/1825/439 2793/3697/2745 2800/3703/2748 847/1832/273
f 2795/3704/2749 2794/3426/2547 2801/3425/2546 2802/3705/2750
f 2796/3698/2746 2795/3704/2749 2802/3705/2750 2803/3706/2751
f 2797/3699/2254 2796/3698/2746 2803/3706/2751 2804/3707/2584
f 2798/3700/2581 2797/3699/2254 2804/3707/2584 2805/3708/2752
f 2799/3702/2747 2798/3701/2581 2805/3709/2752 2806/3710/2753
f 2800/3703/2748 2799/3702/2747 2806/3710/2753 2807/3711/2754
f 847/1832/273 2800/3703/2748 2807/3711/2754 849/1841/1310
f 2802/3705/2750 2801/3425/2546 2808/3712/2755 2809/3713/2756
f 2803/3706/2751 2802/3705/2750 2809/3713/2756 2810/3714/2757
f 2804/3707/2584 2803/3706/2751 2810/3714/2757 2811/3715/2758
f 2805/3708/2752 2804/3707/2584 2811/3715/2758 2812/3716/2759
f 2806/3710/2753 2805/3709/2752 2812/3717/2759 2813/3718/2760
f 2807/3711/2754 2806/3710/2753 2813/3718/2760 2814/3719/2761
f 2306/3720/2762 2305/3721/2763 2308/3722/2764
f 2308/3722/2764 2305/3721/2763 2310/3723/2765
f 2310/3723/2765 2305/3721/2763 2312/3724/2766
f 2312/3724/2766 2305/3721/2763 2314/3725/2767
f 2314/3725/2767 2305/3721/2763 2315/3726/2768
f 2315/3726/2768 2305/3721/2763 2317/3727/2769
f 2317/3727/2769 2305/3721/2763 2319/3728/2770
f 2319/3728/2770 2305/3721/2763 2320/3729/2771
f 2320/3729/2771 2305/3721/2763 2321/3730/2772
f 2321/3730/2772 2305/3721/2763 2323/3731/2773
f 2323/3731/2773 2305/3721/2763 2325/3732/2774
f 2325/3732/2774 2305/3721/2763 2327/3733/2775
f 2327/3733/2775 2305/3721/2763 2329/3734/2776
f 2329/3734/2776 2305/3721/2763 2331/3735/2777
f 2331/3735/2777 2305/3721/2763 2333/3736/2778
f 2333/3736/2778 2305/3721/2763 2335/3737/2779
f 2335/3737/2779 2305/3721/2763 2337/3205/2335
f 2337/3205/2335 2305/3721/2763 2339/3206/2336
f 2339/3206/2336 2305/3721/2763 2342/3299/2428
f 2342/3299/2428 2305/3721/2763 2345/3305/2434
f 2345/3305/2434 2305/3721/2763 2347/3323/2452
f 2350/3065/2197 2305/3721/2763 2352/3077/2209
f 2352/3077/2209 2305/3721/2763 2354/3236/2366
f 2354/3236/2366 2305/3721/2763 2356/3254/2384
f 2356/3254/2384 2305/3721/2763 2358/3280/2409
f 2358/3280/2409 2305/3721/2763 2360/3153/2285
f 2360/3153/2285 2305/3721/2763 2362/3149/2281
f 2362/3149/2281 2305/3721/2763 2867/3738/2780 2868/3739/2781 2364/3154/2286
f 2351/3338/2467 2349/3740/2782 2417/3232/2362 2447/3186/2317 2438/3185/2316
f 2789/3692/2743 2788/3691/2742 2795/3704/2749 2796/3698/2746
f 2446/3079/2211 2441/3741/2783 2424/3215/2345 2387/3214/2344 2390/3080/2212
f 2829/3742/2784 2832/3743/2785 2589/3474/2582 2594/3482/2590 2831/3365/2493
f 2829/3742/2784 2831/3365/2493 2595/3369/2497 2590/3475/2583 2832/3743/2785
f 2718/3345/2473 2719/3626/2701 2712/3619/2695 2711/3348/2476
f 2697/3600/2533 2704/3610/2536 2705/3613/2690 2698/3601/2682
f 2662/3380/2508 2582/3379/2507 2565/3386/2514 2819/3385/2513 2655/3558/2650
f 2705/3613/2690 2704/3610/2536 2711/3348/2476 2712/3619/2695
f 2816/3378/2506 2815/3382/2510 2670/3571/2659 2663/3387/2515 2582/3379/2507
f 2815/3382/2510 2669/3381/2509 2676/3578/2665 2677/3581/2668 2670/3571/2659
f 2684/3392/2520 2677/3581/2668 2676/3578/2665 2683/3389/2517
f 2690/3390/2518 2697/3600/2533 2698/3601/2682 2691/3391/2519
f 2614/3505/2610 2824/3744/2786 2492/3745/2787 2827/3285/2414 2621/3516/2617
f 2620/3286/2415 2827/3285/2414 2492/3745/2787 2824/3744/2786 2613/3504/2609
f 2607/3493/2600 2498/3608/2688 2504/3746/2788 2824/3744/2786 2614/3505/2610
f 2613/3504/2609 2824/3744/2786 2504/3746/2788 2498/3608/2688 2606/3492/2599
f 2504/3513/2616 2523/3747/2789 2466/3748/2488 2469/3514/2489
f 2594/3482/2590 2599/3486/2593 2510/3367/2495 2517/3366/2494 2831/3365/2493
f 2344/3069/2201 2305/3721/2763 2350/3065/2197
f 2523/3747/2789 2517/3749/2790 2463/3750/2487 2466/3748/2488
f 2656/3384/2512 2649/3551/2645 2826/3579/2666 2528/3751/2791 2819/3385/2513
f 2528/3611/2689 2571/3752/2792 2480/3753/2500 2482/3612/2504
f 2571/3752/2792 2818/3754/2793 2478/3755/2499 2480/3753/2500
f 2818/3754/2793 2821/3756/2794 2476/3757/2498 2478/3755/2499
f 2821/3756/2794 2823/3758/2795 2474/3759/2492 2476/3757/2498
f 2823/3758/2795 2492/3512/2615 2472/3515/2490 2474/3759/2492
f 2347/3323/2452 2305/3721/2763 2344/3069/2201
f 2344/3069/2201 2348/3068/2200 2341/3760/2796 2370/3324/2453 2347/3323/2452
f 2830/3761/2797 2452/3762/2798 2454/3763/2478 2457/3764/2479
f 2829/3765/2799 2830/3761/2797 2457/3764/2479 2460/3766/2484
f 2458/3767/2800 2464/3124/2256 2448/3127/2259 2451/3768/2475
f 2517/3749/2790 2829/3765/2799 2460/3766/2484 2463/3750/2487
f 2828/3769/2801 2452/3770/2802 2449/3480/2588 2578/3464/2574 2584/3469/2579
f 2579/3465/2575 2449/3480/2588 2452/3770/2802 2828/3769/2801 2585/3470/2580
f 2832/3743/2785 2830/3771/2803 2828/3769/2801 2584/3469/2579 2589/3474/2582
f 2830/3771/2803 2832/3743/2785 2590/3475/2583 2585/3470/2580 2828/3769/2801
f 2866/3772/2804 2385/3773/2805 2388/3179/2311 2420/3183/2315 2416/3252/2382
f 2847/3774/2806 2846/3775/2807 2849/3776/2808 2387/3214/2344 2384/3210/2340
f 2849/3776/2808 2848/3777/2809 2851/3778/2810 2390/3080/2212 2387/3214/2344
f 2851/3778/2810 2850/3779/2811 2853/3780/2812 2393/3081/2213 2390/3080/2212
f 2393/3081/2213 2853/3780/2812 2852/3781/2813 2855/3782/2814 2396/3087/2219
f 2396/3087/2219 2855/3782/2814 2854/3783/2815 2857/3784/2816 2399/3089/2221
f 2399/3089/2221 2857/3784/2816 2856/3785/2817 2859/3786/2818 2403/3092/2224
f 2403/3092/2224 2859/3786/2818 2858/3787/2819 2860/3788/2820 2406/3102/2234
f 2406/3102/2234 2860/3788/2820 2861/3789/2821 2862/3790/2822 2410/3239/2369
f 2322/3245/2375 2864/3791/2823 2865/3792/2824 2866/3772/2804 2416/3252/2382
f 2410/3239/2369 2862/3790/2822 2863/3793/2825 2864/3791/2823 2322/3245/2375
f 2839/3794/2826 2838/3795/2827 2841/3796/2828 2375/3175/2307 2372/3168/2300
f 2841/3796/2828 2840/3797/2829 2843/3798/2830 2378/3189/2319 2375/3175/2307
f 2843/3798/2830 2842/3799/2831 2844/3800/2832 2381/3207/2337 2378/3189/2319
f 2655/3558/2650 2819/3385/2513 2528/3751/2791 2826/3579/2666 2648/3548/2642
f 2845/3801/2833 2847/3774/2806 2384/3210/2340 2381/3207/2337 2844/3800/2832
f 2306/3720/2762 2867/3738/2780 2305/3721/2763
f 2787/3690/2741 846/1817/1296 848/1485/1099 2869/3423/2544 2794/3426/2547
f 2787/3690/2741 2794/3426/2547 2795/3704/2749 2788/3691/2742
f 2835/3802/2834 2834/3803/2835 2837/3804/2836 2306/3720/2762 2308/3722/2764
f 2836/3805/2837 2833/3806/2838 2835/3802/2834 2308/3722/2764 2310/3723/2765
f 2839/3807/2839 2836/3805/2837 2310/3723/2765 2312/3724/2766 2838/3808/2840
f 2840/3809/2841 2841/3810/2842 2838/3808/2840 2312/3724/2766 2314/3725/2767
f 2843/3811/2843 2840/3809/2841 2314/3725/2767 2315/3726/2768 2842/3812/2844
f 2844/3813/2845 2842/3812/2844 2315/3726/2768 2317/3727/2769 2845/3814/2846
f 2846/3815/2847 2847/3816/2848 2845/3814/2846 2317/3727/2769 2319/3728/2770
f 2848/3817/2849 2849/3818/2850 2846/3815/2847 2319/3728/2770 2320/3729/2771
f 2850/3819/2851 2851/3820/2852 2848/3817/2849 2320/3729/2771 2321/3730/2772
f 2852/3821/2853 2853/3822/2854 2850/3819/2851 2321/3730/2772 2323/3731/2773
f 2854/3823/2855 2855/3824/2856 2852/3821/2853 2323/3731/2773 2325/3732/2774
f 2856/3825/2857 2857/3826/2858 2854/3823/2855 2325/3732/2774 2327/3733/2775
f 2858/3827/2859 2859/3828/2860 2856/3825/2857 2327/3733/2775 2329/3734/2776
f 2861/3829/2861 2860/3830/2862 2858/3827/2859 2329/3734/2776 2331/3735/2777
f 2863/3831/2863 2862/3832/2864 2861/3829/2861 2331/3735/2777 2333/3736/2778
f 2865/3833/2865 2864/3834/2866 2863/3831/2863 2333/3736/2778 2335/3737/2779
f 2866/3835/2867 2865/3833/2865 2335/3737/2779 2337/3205/2335 2385/3204/2334
f 2837/3836/2868 2834/3837/2869 2835/3838/2869 2833/3839/2870 2369/3161/2293 2366/3158/2290
f 2836/3840/2871 2839/3794/2826 2372/3168/2300 2369/3161/2293 2833/3839/2870
f 2837/3804/2836 2868/3739/2781 2867/3738/2780 2306/3720/2762
f 2364/3154/2286 2868/3739/2781 2837/3836/2868 2366/3158/2290
f 2557/3265/2394 2556/3447/2560 2561/3451/2563 2467/3625/2700 2470/3841/2872
f 849/1841/1310 2807/3711/2754 2814/3719/2761 851/1972/1429
f 2451/3768/2475 2454/3763/2478 2452/3762/2798 2458/3767/2800
f 2787/3690/2741 2788/3691/2742 2781/3352/2480 2780/3355/2483
f 2884/3842/2873 2893/3843/2874 2876/3844/2875 2877/3845/2876
f 2877/3845/2876 2554/3846/2559 2559/3847/2562 2888/3848/2877
f 2876/3844/2875 2549/3849/2558 2554/3846/2559 2877/3845/2876
f 2874/3850/2878 2544/3851/2554 2549/3849/2558 2876/3844/2875
f 2890/3852/2879 2570/3853/2568 2576/3854/2572 2887/3855/2880
f 2887/3855/2880 2576/3854/2572 2581/3856/2577 2892/3857/2881
f 2882/3858/2882 2534/3859/2543 2539/3860/2551 2883/3861/2883
f 2896/3862/2884 2906/3863/2885 2899/3864/2886
f 2883/3861/2883 2539/3860/2551 2544/3851/2554 2874/3850/2878
f 2888/3848/2877 2559/3847/2562 2564/3865/2564 2889/3866/2887
f 2889/3866/2887 2564/3865/2564 2570/3853/2568 2890/3852/2879
f 2892/3857/2881 2581/3856/2577 2587/3867/2581 2894/3868/2888
f 2891/3869/2889 2881/3870/2890 2887/3855/2880 2892/3857/2881
f 2894/3868/2888 2587/3867/2581 2592/3871/2585 2895/3872/2891
f 2895/3872/2891 2592/3871/2585 2597/3873/2591 2897/3874/2892
f 2896/3862/2884 2895/3872/2891 2897/3874/2892 2898/3875/2893
f 2897/3874/2892 2597/3873/2591 2602/3497/2595 2603/3496/2603
f 2898/3875/2893 2897/3874/2892 2603/3496/2603 2604/3500/2605
f 853/2007/1451 2604/3500/2605 791/1576/1160
f 2904/3876/2894 2886/3877/2895 2497/3878/2525 2503/3879/2529
f 2903/3880/2896 2904/3876/2894 2503/3879/2529 2509/3881/2534
f 2873/3882/2897 2885/3883/2898 2522/3884/2539 2516/3885/2542
f 2905/3886/2899 2873/3882/2897 2516/3885/2542 2534/3859/2543 2882/3858/2882
f 2885/3883/2898 2902/3887/2900 2515/3888/2538 2522/3884/2539
f 2896/3862/2884 2899/3864/2886 2894/3868/2888 2895/3872/2891
f 2898/3875/2893 2907/3889/2901 2901/3890/2902 2896/3862/2884
f 2894/3868/2888 2899/3864/2886 2891/3869/2889 2892/3857/2881
f 2890/3852/2879 2887/3855/2880 2881/3870/2890 2879/3891/2903
f 2890/3852/2879 2879/3891/2903 2878/3892/2904 2889/3866/2887
f 2888/3848/2877 2889/3866/2887 2878/3892/2904 2880/3893/2905
f 2888/3848/2877 2880/3893/2905 2884/3842/2873 2877/3845/2876
f 2876/3844/2875 2893/3843/2874 2875/3894/2906 2874/3850/2878
f 2874/3850/2878 2875/3894/2906 2872/3895/2907 2883/3861/2883
f 2883/3861/2883 2872/3895/2907 2871/3896/2908 2882/3858/2882
f 2509/3881/2534 2515/3888/2538 2902/3887/2900 2903/3880/2896
f 2491/3431/2516 2497/3878/2525 2886/3877/2895 2817/3430/2549
f 2901/3890/2902 2906/3863/2885 2896/3862/2884
f 2900/3897/2909 2907/3889/2901 2898/3875/2893
f 2900/3897/2909 2898/3875/2893 2604/3500/2605 853/2007/1451
f 850/1484/1098 852/2030/1468 2808/3712/2755 2801/3425/2546 2870/3424/2545
f 2234/2994/2144 736/1010/674 771/2032/1072 2487/3898/2521
f 2235/2996/2146 2234/2994/2144 2487/3898/2521 2488/3899/2523
f 2236/3900/2910 2235/2996/2146 2488/3899/2523 2489/3901/2438
f 2233/3902/2911 2236/3900/2910 2489/3901/2438 2435/3903/2442
f 2900/3904/2912 853/2040/1473 854/2039/1472
f 854/2039/1472 855/2042/1475 2907/3905/2913 2900/3904/2912
f 855/2042/1475 856/2044/1477 2901/3906/2914 2907/3905/2913
f 856/2044/1477 857/2046/1479 2906/3907/2915 2901/3906/2914
f 857/2046/1479 858/2048/1481 2899/3908/2916 2906/3907/2915
f 859/2049/1482 2891/3909/2917 2899/3908/2916 858/2048/1481
f 2908/3910/2918 2881/3911/2919 2891/3909/2917
f 2908/3910/2918 859/2049/1482 860/2053/1486
f 859/2049/1482 2908/3910/2918 2891/3909/2917
f 2909/3912/2920 2879/3913/2921 2881/3911/2919 2908/3910/2918
f 860/2053/1486 861/2056/1489 2909/3912/2920 2908/3910/2918
f 2909/3912/2920 861/2056/1489 862/2058/1491 2910/3914/2922
f 2910/3914/2922 2878/3915/2923 2879/3913/2921 2909/3912/2920
f 2910/3914/2922 862/2058/1491 863/2061/1494 2911/3916/2924
f 2911/3916/2924 863/2061/1494 864/2063/1496 2912/3917/2925
f 2912/3917/2925 864/2063/1496 865/2065/1498 2913/3918/2926
f 2913/3918/2926 865/2065/1498 866/2067/1500 2914/3919/2927
f 2914/3919/2927 866/2067/1500 867/2069/1502 2915/3920/2928
f 2915/3920/2928 867/2069/1502 868/2071/1504 2916/3921/2929
f 2916/3921/2929 868/2071/1504 869/2073/1506 2917/3922/2930
f 2917/3922/2930 869/2073/1506 870/2075/1508 2918/3923/2931
f 2918/3923/2931 870/2075/1508 871/2077/1510 2919/3924/2932
f 2919/3924/2932 2303/3062/2195 2920/3064/2196
f 2303/3062/2195 2919/3924/2932 871/2077/1510
f 770/1111/742 2303/3062/2195 871/2077/1510
f 2918/3923/2931 2919/3924/2932 2920/3064/2196 2885/3925/2933
f 2873/3926/2934 2917/3922/2930 2918/3923/2931 2885/3925/2933
f 2911/3916/2924 2880/3927/2935 2878/3915/2923 2910/3914/2922
f 2912/3917/2925 2884/3928/2936 2880/3927/2935 2911/3916/2924
f 2884/3928/2936 2912/3917/2925 2913/3918/2926 2893/3929/2937
f 2914/3919/2927 2875/3930/2938 2893/3929/2937 2913/3918/2926
f 2915/3920/2928 2872/3931/2939 2875/3930/2938 2914/3919/2927
f 2916/3921/2929 2871/3932/2940 2872/3931/2939 2915/3920/2928
f 2905/3933/2941 2871/3932/2940 2916/3921/2929 2917/3922/2930 2873/3926/2934
